{
"type": "FeatureCollection",
"name": "denver",
"crs": { "type": "name", "properties": { "name": "urn:ogc:def:crs:OGC:1.3:CRS84" } },
"features": [
{ "type": "Feature", "properties": { "predicted": 0.002 }, "geometry": { "type": "Polygon", "coordinates": [ [ [ -105.09825, 39.61433 ], [ -105.09243, 39.61433 ], [ -105.09244, 39.61884 ], [ -105.09826, 39.61883 ], [ -105.09825, 39.61433 ] ] ] } },
{ "type": "Feature", "properties": { "predicted": 0.004 }, "geometry": { "type": "Polygon", "coordinates": [ [ [ -105.09243, 39.61433 ], [ -105.0866, 39.61434 ], [ -105.08661, 39.61884 ], [ -105.09244, 39.61884 ], [ -105.09243, 39.61433 ] ] ] } },
{ "type": "Feature", "properties": { "predicted": 0.008 }, "geometry": { "type": "Polygon", "coordinates": [ [ [ -105.0866, 39.61434 ], [ -105.08078, 39.61434 ], [ -105.08078, 39.61885 ], [ -105.08661, 39.61884 ], [ -105.0866, 39.61434 ] ] ] } },
{ "type": "Feature", "properties": { "predicted": 0.007 }, "geometry": { "type": "Polygon", "coordinates": [ [ [ -105.08078, 39.61434 ], [ -105.07495, 39.61434 ], [ -105.07496, 39.61885 ], [ -105.08078, 39.61885 ], [ -105.08078, 39.61434 ] ] ] } },
{ "type": "Feature", "properties": { "predicted": 0.004 }, "geometry": { "type": "Polygon", "coordinates": [ [ [ -105.07495, 39.61434 ], [ -105.06913, 39.61435 ], [ -105.06913, 39.61885 ], [ -105.07496, 39.61885 ], [ -105.07495, 39.61434 ] ] ] } },
{ "type": "Feature", "properties": { "predicted": 0.004 }, "geometry": { "type": "Polygon", "coordinates": [ [ [ -105.06913, 39.61435 ], [ -105.0633, 39.61435 ], [ -105.06331, 39.61886 ], [ -105.06913, 39.61885 ], [ -105.06913, 39.61435 ] ] ] } },
{ "type": "Feature", "properties": { "predicted": 0.006 }, "geometry": { "type": "Polygon", "coordinates": [ [ [ -105.0633, 39.61435 ], [ -105.05748, 39.61435 ], [ -105.05748, 39.61886 ], [ -105.06331, 39.61886 ], [ -105.0633, 39.61435 ] ] ] } },
{ "type": "Feature", "properties": { "predicted": 0.015 }, "geometry": { "type": "Polygon", "coordinates": [ [ [ -105.05748, 39.61435 ], [ -105.05165, 39.61436 ], [ -105.05166, 39.61886 ], [ -105.05748, 39.61886 ], [ -105.05748, 39.61435 ] ] ] } },
{ "type": "Feature", "properties": { "predicted": 0.005 }, "geometry": { "type": "Polygon", "coordinates": [ [ [ -105.07496, 39.61885 ], [ -105.06913, 39.61885 ], [ -105.06914, 39.62336 ], [ -105.07496, 39.62335 ], [ -105.07496, 39.61885 ] ] ] } },
{ "type": "Feature", "properties": { "predicted": 0.008 }, "geometry": { "type": "Polygon", "coordinates": [ [ [ -105.06913, 39.61885 ], [ -105.06331, 39.61886 ], [ -105.06331, 39.62336 ], [ -105.06914, 39.62336 ], [ -105.06913, 39.61885 ] ] ] } },
{ "type": "Feature", "properties": { "predicted": 0.015 }, "geometry": { "type": "Polygon", "coordinates": [ [ [ -105.06331, 39.61886 ], [ -105.05748, 39.61886 ], [ -105.05749, 39.62336 ], [ -105.06331, 39.62336 ], [ -105.06331, 39.61886 ] ] ] } },
{ "type": "Feature", "properties": { "predicted": 0.02 }, "geometry": { "type": "Polygon", "coordinates": [ [ [ -105.05748, 39.61886 ], [ -105.05166, 39.61886 ], [ -105.05166, 39.62337 ], [ -105.05749, 39.62336 ], [ -105.05748, 39.61886 ] ] ] } },
{ "type": "Feature", "properties": { "predicted": 0.0 }, "geometry": { "type": "Polygon", "coordinates": [ [ [ -105.10992, 39.62333 ], [ -105.10409, 39.62333 ], [ -105.1041, 39.62784 ], [ -105.10993, 39.62783 ], [ -105.10992, 39.62333 ] ] ] } },
{ "type": "Feature", "properties": { "predicted": 0.001 }, "geometry": { "type": "Polygon", "coordinates": [ [ [ -105.10409, 39.62333 ], [ -105.09827, 39.62334 ], [ -105.09827, 39.62784 ], [ -105.1041, 39.62784 ], [ -105.10409, 39.62333 ] ] ] } },
{ "type": "Feature", "properties": { "predicted": 0.001 }, "geometry": { "type": "Polygon", "coordinates": [ [ [ -105.09827, 39.62334 ], [ -105.09244, 39.62334 ], [ -105.09245, 39.62785 ], [ -105.09827, 39.62784 ], [ -105.09827, 39.62334 ] ] ] } },
{ "type": "Feature", "properties": { "predicted": 0.002 }, "geometry": { "type": "Polygon", "coordinates": [ [ [ -105.09244, 39.62334 ], [ -105.08662, 39.62335 ], [ -105.08662, 39.62785 ], [ -105.09245, 39.62785 ], [ -105.09244, 39.62334 ] ] ] } },
{ "type": "Feature", "properties": { "predicted": 0.004 }, "geometry": { "type": "Polygon", "coordinates": [ [ [ -105.08662, 39.62335 ], [ -105.08079, 39.62335 ], [ -105.08079, 39.62786 ], [ -105.08662, 39.62785 ], [ -105.08662, 39.62335 ] ] ] } },
{ "type": "Feature", "properties": { "predicted": 0.006 }, "geometry": { "type": "Polygon", "coordinates": [ [ [ -105.08079, 39.62335 ], [ -105.07496, 39.62335 ], [ -105.07497, 39.62786 ], [ -105.08079, 39.62786 ], [ -105.08079, 39.62335 ] ] ] } },
{ "type": "Feature", "properties": { "predicted": 0.007 }, "geometry": { "type": "Polygon", "coordinates": [ [ [ -105.07496, 39.62335 ], [ -105.06914, 39.62336 ], [ -105.06914, 39.62786 ], [ -105.07497, 39.62786 ], [ -105.07496, 39.62335 ] ] ] } },
{ "type": "Feature", "properties": { "predicted": 0.006 }, "geometry": { "type": "Polygon", "coordinates": [ [ [ -105.06914, 39.62336 ], [ -105.06331, 39.62336 ], [ -105.06332, 39.62787 ], [ -105.06914, 39.62786 ], [ -105.06914, 39.62336 ] ] ] } },
{ "type": "Feature", "properties": { "predicted": 0.008 }, "geometry": { "type": "Polygon", "coordinates": [ [ [ -105.06331, 39.62336 ], [ -105.05749, 39.62336 ], [ -105.05749, 39.62787 ], [ -105.06332, 39.62787 ], [ -105.06331, 39.62336 ] ] ] } },
{ "type": "Feature", "properties": { "predicted": 0.008 }, "geometry": { "type": "Polygon", "coordinates": [ [ [ -105.05749, 39.62336 ], [ -105.05166, 39.62337 ], [ -105.05166, 39.62787 ], [ -105.05749, 39.62787 ], [ -105.05749, 39.62336 ] ] ] } },
{ "type": "Feature", "properties": { "predicted": 0.014 }, "geometry": { "type": "Polygon", "coordinates": [ [ [ -105.04584, 39.62337 ], [ -105.04001, 39.62337 ], [ -105.04001, 39.62788 ], [ -105.04584, 39.62787 ], [ -105.04584, 39.62337 ] ] ] } },
{ "type": "Feature", "properties": { "predicted": 0.026 }, "geometry": { "type": "Polygon", "coordinates": [ [ [ -105.04001, 39.62337 ], [ -105.03418, 39.62337 ], [ -105.03419, 39.62788 ], [ -105.04001, 39.62788 ], [ -105.04001, 39.62337 ] ] ] } },
{ "type": "Feature", "properties": { "predicted": 0.024 }, "geometry": { "type": "Polygon", "coordinates": [ [ [ -105.03418, 39.62337 ], [ -105.02836, 39.62337 ], [ -105.02836, 39.62788 ], [ -105.03419, 39.62788 ], [ -105.03418, 39.62337 ] ] ] } },
{ "type": "Feature", "properties": { "predicted": 0.0 }, "geometry": { "type": "Polygon", "coordinates": [ [ [ -104.91767, 39.62335 ], [ -104.91184, 39.62334 ], [ -104.91184, 39.62785 ], [ -104.91767, 39.62785 ], [ -104.91767, 39.62335 ] ] ] } },
{ "type": "Feature", "properties": { "predicted": 0.0 }, "geometry": { "type": "Polygon", "coordinates": [ [ [ -104.91184, 39.62334 ], [ -104.90602, 39.62334 ], [ -104.90601, 39.62785 ], [ -104.91184, 39.62785 ], [ -104.91184, 39.62334 ] ] ] } },
{ "type": "Feature", "properties": { "predicted": 0.0 }, "geometry": { "type": "Polygon", "coordinates": [ [ [ -104.90602, 39.62334 ], [ -104.90019, 39.62334 ], [ -104.90019, 39.62784 ], [ -104.90601, 39.62785 ], [ -104.90602, 39.62334 ] ] ] } },
{ "type": "Feature", "properties": { "predicted": 0.0 }, "geometry": { "type": "Polygon", "coordinates": [ [ [ -104.90019, 39.62334 ], [ -104.89437, 39.62333 ], [ -104.89436, 39.62784 ], [ -104.90019, 39.62784 ], [ -104.90019, 39.62334 ] ] ] } },
{ "type": "Feature", "properties": { "predicted": 0.0 }, "geometry": { "type": "Polygon", "coordinates": [ [ [ -104.89437, 39.62333 ], [ -104.88854, 39.62332 ], [ -104.88853, 39.62783 ], [ -104.89436, 39.62784 ], [ -104.89437, 39.62333 ] ] ] } },
{ "type": "Feature", "properties": { "predicted": 0.0 }, "geometry": { "type": "Polygon", "coordinates": [ [ [ -104.88854, 39.62332 ], [ -104.88272, 39.62332 ], [ -104.88271, 39.62782 ], [ -104.88853, 39.62783 ], [ -104.88854, 39.62332 ] ] ] } },
{ "type": "Feature", "properties": { "predicted": 0.001 }, "geometry": { "type": "Polygon", "coordinates": [ [ [ -105.10993, 39.62783 ], [ -105.1041, 39.62784 ], [ -105.10411, 39.63234 ], [ -105.10993, 39.63234 ], [ -105.10993, 39.62783 ] ] ] } },
{ "type": "Feature", "properties": { "predicted": 0.001 }, "geometry": { "type": "Polygon", "coordinates": [ [ [ -105.1041, 39.62784 ], [ -105.09827, 39.62784 ], [ -105.09828, 39.63235 ], [ -105.10411, 39.63234 ], [ -105.1041, 39.62784 ] ] ] } },
{ "type": "Feature", "properties": { "predicted": 0.002 }, "geometry": { "type": "Polygon", "coordinates": [ [ [ -105.09827, 39.62784 ], [ -105.09245, 39.62785 ], [ -105.09245, 39.63235 ], [ -105.09828, 39.63235 ], [ -105.09827, 39.62784 ] ] ] } },
{ "type": "Feature", "properties": { "predicted": 0.002 }, "geometry": { "type": "Polygon", "coordinates": [ [ [ -105.09245, 39.62785 ], [ -105.08662, 39.62785 ], [ -105.08663, 39.63236 ], [ -105.09245, 39.63235 ], [ -105.09245, 39.62785 ] ] ] } },
{ "type": "Feature", "properties": { "predicted": 0.004 }, "geometry": { "type": "Polygon", "coordinates": [ [ [ -105.08662, 39.62785 ], [ -105.08079, 39.62786 ], [ -105.0808, 39.63236 ], [ -105.08663, 39.63236 ], [ -105.08662, 39.62785 ] ] ] } },
{ "type": "Feature", "properties": { "predicted": 0.006 }, "geometry": { "type": "Polygon", "coordinates": [ [ [ -105.08079, 39.62786 ], [ -105.07497, 39.62786 ], [ -105.07497, 39.63236 ], [ -105.0808, 39.63236 ], [ -105.08079, 39.62786 ] ] ] } },
{ "type": "Feature", "properties": { "predicted": 0.006 }, "geometry": { "type": "Polygon", "coordinates": [ [ [ -105.07497, 39.62786 ], [ -105.06914, 39.62786 ], [ -105.06915, 39.63237 ], [ -105.07497, 39.63236 ], [ -105.07497, 39.62786 ] ] ] } },
{ "type": "Feature", "properties": { "predicted": 0.006 }, "geometry": { "type": "Polygon", "coordinates": [ [ [ -105.06914, 39.62786 ], [ -105.06332, 39.62787 ], [ -105.06332, 39.63237 ], [ -105.06915, 39.63237 ], [ -105.06914, 39.62786 ] ] ] } },
{ "type": "Feature", "properties": { "predicted": 0.007 }, "geometry": { "type": "Polygon", "coordinates": [ [ [ -105.06332, 39.62787 ], [ -105.05749, 39.62787 ], [ -105.05749, 39.63237 ], [ -105.06332, 39.63237 ], [ -105.06332, 39.62787 ] ] ] } },
{ "type": "Feature", "properties": { "predicted": 0.009 }, "geometry": { "type": "Polygon", "coordinates": [ [ [ -105.05749, 39.62787 ], [ -105.05166, 39.62787 ], [ -105.05167, 39.63238 ], [ -105.05749, 39.63237 ], [ -105.05749, 39.62787 ] ] ] } },
{ "type": "Feature", "properties": { "predicted": 0.011 }, "geometry": { "type": "Polygon", "coordinates": [ [ [ -105.05166, 39.62787 ], [ -105.04584, 39.62787 ], [ -105.04584, 39.63238 ], [ -105.05167, 39.63238 ], [ -105.05166, 39.62787 ] ] ] } },
{ "type": "Feature", "properties": { "predicted": 0.021 }, "geometry": { "type": "Polygon", "coordinates": [ [ [ -105.04584, 39.62787 ], [ -105.04001, 39.62788 ], [ -105.04002, 39.63238 ], [ -105.04584, 39.63238 ], [ -105.04584, 39.62787 ] ] ] } },
{ "type": "Feature", "properties": { "predicted": 0.022 }, "geometry": { "type": "Polygon", "coordinates": [ [ [ -105.04001, 39.62788 ], [ -105.03419, 39.62788 ], [ -105.03419, 39.63238 ], [ -105.04002, 39.63238 ], [ -105.04001, 39.62788 ] ] ] } },
{ "type": "Feature", "properties": { "predicted": 0.022 }, "geometry": { "type": "Polygon", "coordinates": [ [ [ -105.03419, 39.62788 ], [ -105.02836, 39.62788 ], [ -105.02836, 39.63239 ], [ -105.03419, 39.63238 ], [ -105.03419, 39.62788 ] ] ] } },
{ "type": "Feature", "properties": { "predicted": 0.019 }, "geometry": { "type": "Polygon", "coordinates": [ [ [ -105.02836, 39.62788 ], [ -105.02253, 39.62788 ], [ -105.02254, 39.63239 ], [ -105.02836, 39.63239 ], [ -105.02836, 39.62788 ] ] ] } },
{ "type": "Feature", "properties": { "predicted": 0.0 }, "geometry": { "type": "Polygon", "coordinates": [ [ [ -104.91767, 39.62785 ], [ -104.91184, 39.62785 ], [ -104.91183, 39.63236 ], [ -104.91766, 39.63236 ], [ -104.91767, 39.62785 ] ] ] } },
{ "type": "Feature", "properties": { "predicted": 0.0 }, "geometry": { "type": "Polygon", "coordinates": [ [ [ -104.91184, 39.62785 ], [ -104.90601, 39.62785 ], [ -104.90601, 39.63235 ], [ -104.91183, 39.63236 ], [ -104.91184, 39.62785 ] ] ] } },
{ "type": "Feature", "properties": { "predicted": 0.0 }, "geometry": { "type": "Polygon", "coordinates": [ [ [ -104.90601, 39.62785 ], [ -104.90019, 39.62784 ], [ -104.90018, 39.63235 ], [ -104.90601, 39.63235 ], [ -104.90601, 39.62785 ] ] ] } },
{ "type": "Feature", "properties": { "predicted": 0.0 }, "geometry": { "type": "Polygon", "coordinates": [ [ [ -104.90019, 39.62784 ], [ -104.89436, 39.62784 ], [ -104.89435, 39.63234 ], [ -104.90018, 39.63235 ], [ -104.90019, 39.62784 ] ] ] } },
{ "type": "Feature", "properties": { "predicted": 0.0 }, "geometry": { "type": "Polygon", "coordinates": [ [ [ -104.89436, 39.62784 ], [ -104.88853, 39.62783 ], [ -104.88853, 39.63234 ], [ -104.89435, 39.63234 ], [ -104.89436, 39.62784 ] ] ] } },
{ "type": "Feature", "properties": { "predicted": 0.0 }, "geometry": { "type": "Polygon", "coordinates": [ [ [ -104.88853, 39.62783 ], [ -104.88271, 39.62782 ], [ -104.8827, 39.63233 ], [ -104.88853, 39.63234 ], [ -104.88853, 39.62783 ] ] ] } },
{ "type": "Feature", "properties": { "predicted": 0.001 }, "geometry": { "type": "Polygon", "coordinates": [ [ [ -105.10993, 39.63234 ], [ -105.10411, 39.63234 ], [ -105.10411, 39.63685 ], [ -105.10994, 39.63684 ], [ -105.10993, 39.63234 ] ] ] } },
{ "type": "Feature", "properties": { "predicted": 0.002 }, "geometry": { "type": "Polygon", "coordinates": [ [ [ -105.10411, 39.63234 ], [ -105.09828, 39.63235 ], [ -105.09829, 39.63685 ], [ -105.10411, 39.63685 ], [ -105.10411, 39.63234 ] ] ] } },
{ "type": "Feature", "properties": { "predicted": 0.003 }, "geometry": { "type": "Polygon", "coordinates": [ [ [ -105.09828, 39.63235 ], [ -105.09245, 39.63235 ], [ -105.09246, 39.63686 ], [ -105.09829, 39.63685 ], [ -105.09828, 39.63235 ] ] ] } },
{ "type": "Feature", "properties": { "predicted": 0.004 }, "geometry": { "type": "Polygon", "coordinates": [ [ [ -105.09245, 39.63235 ], [ -105.08663, 39.63236 ], [ -105.08663, 39.63686 ], [ -105.09246, 39.63686 ], [ -105.09245, 39.63235 ] ] ] } },
{ "type": "Feature", "properties": { "predicted": 0.004 }, "geometry": { "type": "Polygon", "coordinates": [ [ [ -105.08663, 39.63236 ], [ -105.0808, 39.63236 ], [ -105.08081, 39.63687 ], [ -105.08663, 39.63686 ], [ -105.08663, 39.63236 ] ] ] } },
{ "type": "Feature", "properties": { "predicted": 0.006 }, "geometry": { "type": "Polygon", "coordinates": [ [ [ -105.0808, 39.63236 ], [ -105.07497, 39.63236 ], [ -105.07498, 39.63687 ], [ -105.08081, 39.63687 ], [ -105.0808, 39.63236 ] ] ] } },
{ "type": "Feature", "properties": { "predicted": 0.007 }, "geometry": { "type": "Polygon", "coordinates": [ [ [ -105.07497, 39.63236 ], [ -105.06915, 39.63237 ], [ -105.06915, 39.63687 ], [ -105.07498, 39.63687 ], [ -105.07497, 39.63236 ] ] ] } },
{ "type": "Feature", "properties": { "predicted": 0.007 }, "geometry": { "type": "Polygon", "coordinates": [ [ [ -105.06915, 39.63237 ], [ -105.06332, 39.63237 ], [ -105.06332, 39.63688 ], [ -105.06915, 39.63687 ], [ -105.06915, 39.63237 ] ] ] } },
{ "type": "Feature", "properties": { "predicted": 0.01 }, "geometry": { "type": "Polygon", "coordinates": [ [ [ -105.06332, 39.63237 ], [ -105.05749, 39.63237 ], [ -105.0575, 39.63688 ], [ -105.06332, 39.63688 ], [ -105.06332, 39.63237 ] ] ] } },
{ "type": "Feature", "properties": { "predicted": 0.007 }, "geometry": { "type": "Polygon", "coordinates": [ [ [ -105.05749, 39.63237 ], [ -105.05167, 39.63238 ], [ -105.05167, 39.63688 ], [ -105.0575, 39.63688 ], [ -105.05749, 39.63237 ] ] ] } },
{ "type": "Feature", "properties": { "predicted": 0.008 }, "geometry": { "type": "Polygon", "coordinates": [ [ [ -105.05167, 39.63238 ], [ -105.04584, 39.63238 ], [ -105.04584, 39.63688 ], [ -105.05167, 39.63688 ], [ -105.05167, 39.63238 ] ] ] } },
{ "type": "Feature", "properties": { "predicted": 0.008 }, "geometry": { "type": "Polygon", "coordinates": [ [ [ -105.04584, 39.63238 ], [ -105.04002, 39.63238 ], [ -105.04002, 39.63689 ], [ -105.04584, 39.63688 ], [ -105.04584, 39.63238 ] ] ] } },
{ "type": "Feature", "properties": { "predicted": 0.012 }, "geometry": { "type": "Polygon", "coordinates": [ [ [ -105.04002, 39.63238 ], [ -105.03419, 39.63238 ], [ -105.03419, 39.63689 ], [ -105.04002, 39.63689 ], [ -105.04002, 39.63238 ] ] ] } },
{ "type": "Feature", "properties": { "predicted": 0.017 }, "geometry": { "type": "Polygon", "coordinates": [ [ [ -105.03419, 39.63238 ], [ -105.02836, 39.63239 ], [ -105.02836, 39.63689 ], [ -105.03419, 39.63689 ], [ -105.03419, 39.63238 ] ] ] } },
{ "type": "Feature", "properties": { "predicted": 0.0 }, "geometry": { "type": "Polygon", "coordinates": [ [ [ -104.91766, 39.63236 ], [ -104.91183, 39.63236 ], [ -104.91183, 39.63686 ], [ -104.91765, 39.63686 ], [ -104.91766, 39.63236 ] ] ] } },
{ "type": "Feature", "properties": { "predicted": 0.0 }, "geometry": { "type": "Polygon", "coordinates": [ [ [ -104.91183, 39.63236 ], [ -104.90601, 39.63235 ], [ -104.906, 39.63686 ], [ -104.91183, 39.63686 ], [ -104.91183, 39.63236 ] ] ] } },
{ "type": "Feature", "properties": { "predicted": 0.0 }, "geometry": { "type": "Polygon", "coordinates": [ [ [ -104.90601, 39.63235 ], [ -104.90018, 39.63235 ], [ -104.90017, 39.63685 ], [ -104.906, 39.63686 ], [ -104.90601, 39.63235 ] ] ] } },
{ "type": "Feature", "properties": { "predicted": 0.0 }, "geometry": { "type": "Polygon", "coordinates": [ [ [ -104.90018, 39.63235 ], [ -104.89435, 39.63234 ], [ -104.89435, 39.63685 ], [ -104.90017, 39.63685 ], [ -104.90018, 39.63235 ] ] ] } },
{ "type": "Feature", "properties": { "predicted": 0.0 }, "geometry": { "type": "Polygon", "coordinates": [ [ [ -104.89435, 39.63234 ], [ -104.88853, 39.63234 ], [ -104.88852, 39.63684 ], [ -104.89435, 39.63685 ], [ -104.89435, 39.63234 ] ] ] } },
{ "type": "Feature", "properties": { "predicted": 0.0 }, "geometry": { "type": "Polygon", "coordinates": [ [ [ -104.88853, 39.63234 ], [ -104.8827, 39.63233 ], [ -104.88269, 39.63683 ], [ -104.88852, 39.63684 ], [ -104.88853, 39.63234 ] ] ] } },
{ "type": "Feature", "properties": { "predicted": 0.006 }, "geometry": { "type": "Polygon", "coordinates": [ [ [ -105.09246, 39.63686 ], [ -105.08663, 39.63686 ], [ -105.08664, 39.64137 ], [ -105.09247, 39.64136 ], [ -105.09246, 39.63686 ] ] ] } },
{ "type": "Feature", "properties": { "predicted": 0.004 }, "geometry": { "type": "Polygon", "coordinates": [ [ [ -105.08663, 39.63686 ], [ -105.08081, 39.63687 ], [ -105.08081, 39.64137 ], [ -105.08664, 39.64137 ], [ -105.08663, 39.63686 ] ] ] } },
{ "type": "Feature", "properties": { "predicted": 0.005 }, "geometry": { "type": "Polygon", "coordinates": [ [ [ -105.08081, 39.63687 ], [ -105.07498, 39.63687 ], [ -105.07498, 39.64137 ], [ -105.08081, 39.64137 ], [ -105.08081, 39.63687 ] ] ] } },
{ "type": "Feature", "properties": { "predicted": 0.007 }, "geometry": { "type": "Polygon", "coordinates": [ [ [ -105.07498, 39.63687 ], [ -105.06915, 39.63687 ], [ -105.06916, 39.64138 ], [ -105.07498, 39.64137 ], [ -105.07498, 39.63687 ] ] ] } },
{ "type": "Feature", "properties": { "predicted": 0.01 }, "geometry": { "type": "Polygon", "coordinates": [ [ [ -105.06915, 39.63687 ], [ -105.06332, 39.63688 ], [ -105.06333, 39.64138 ], [ -105.06916, 39.64138 ], [ -105.06915, 39.63687 ] ] ] } },
{ "type": "Feature", "properties": { "predicted": 0.014 }, "geometry": { "type": "Polygon", "coordinates": [ [ [ -105.06332, 39.63688 ], [ -105.0575, 39.63688 ], [ -105.0575, 39.64138 ], [ -105.06333, 39.64138 ], [ -105.06332, 39.63688 ] ] ] } },
{ "type": "Feature", "properties": { "predicted": 0.01 }, "geometry": { "type": "Polygon", "coordinates": [ [ [ -105.0575, 39.63688 ], [ -105.05167, 39.63688 ], [ -105.05167, 39.64139 ], [ -105.0575, 39.64138 ], [ -105.0575, 39.63688 ] ] ] } },
{ "type": "Feature", "properties": { "predicted": 0.008 }, "geometry": { "type": "Polygon", "coordinates": [ [ [ -105.05167, 39.63688 ], [ -105.04584, 39.63688 ], [ -105.04585, 39.64139 ], [ -105.05167, 39.64139 ], [ -105.05167, 39.63688 ] ] ] } },
{ "type": "Feature", "properties": { "predicted": 0.01 }, "geometry": { "type": "Polygon", "coordinates": [ [ [ -105.04584, 39.63688 ], [ -105.04002, 39.63689 ], [ -105.04002, 39.64139 ], [ -105.04585, 39.64139 ], [ -105.04584, 39.63688 ] ] ] } },
{ "type": "Feature", "properties": { "predicted": 0.007 }, "geometry": { "type": "Polygon", "coordinates": [ [ [ -105.04002, 39.63689 ], [ -105.03419, 39.63689 ], [ -105.03419, 39.64139 ], [ -105.04002, 39.64139 ], [ -105.04002, 39.63689 ] ] ] } },
{ "type": "Feature", "properties": { "predicted": 0.009 }, "geometry": { "type": "Polygon", "coordinates": [ [ [ -105.03419, 39.63689 ], [ -105.02836, 39.63689 ], [ -105.02837, 39.6414 ], [ -105.03419, 39.64139 ], [ -105.03419, 39.63689 ] ] ] } },
{ "type": "Feature", "properties": { "predicted": 0.0 }, "geometry": { "type": "Polygon", "coordinates": [ [ [ -104.91765, 39.63686 ], [ -104.91183, 39.63686 ], [ -104.91182, 39.64137 ], [ -104.91765, 39.64137 ], [ -104.91765, 39.63686 ] ] ] } },
{ "type": "Feature", "properties": { "predicted": 0.0 }, "geometry": { "type": "Polygon", "coordinates": [ [ [ -104.91183, 39.63686 ], [ -104.906, 39.63686 ], [ -104.90599, 39.64136 ], [ -104.91182, 39.64137 ], [ -104.91183, 39.63686 ] ] ] } },
{ "type": "Feature", "properties": { "predicted": 0.0 }, "geometry": { "type": "Polygon", "coordinates": [ [ [ -104.906, 39.63686 ], [ -104.90017, 39.63685 ], [ -104.90017, 39.64136 ], [ -104.90599, 39.64136 ], [ -104.906, 39.63686 ] ] ] } },
{ "type": "Feature", "properties": { "predicted": 0.0 }, "geometry": { "type": "Polygon", "coordinates": [ [ [ -104.90017, 39.63685 ], [ -104.89435, 39.63685 ], [ -104.89434, 39.64135 ], [ -104.90017, 39.64136 ], [ -104.90017, 39.63685 ] ] ] } },
{ "type": "Feature", "properties": { "predicted": 0.0 }, "geometry": { "type": "Polygon", "coordinates": [ [ [ -104.89435, 39.63685 ], [ -104.88852, 39.63684 ], [ -104.88851, 39.64135 ], [ -104.89434, 39.64135 ], [ -104.89435, 39.63685 ] ] ] } },
{ "type": "Feature", "properties": { "predicted": 0.0 }, "geometry": { "type": "Polygon", "coordinates": [ [ [ -104.88852, 39.63684 ], [ -104.88269, 39.63683 ], [ -104.88269, 39.64134 ], [ -104.88851, 39.64135 ], [ -104.88852, 39.63684 ] ] ] } },
{ "type": "Feature", "properties": { "predicted": 0.0 }, "geometry": { "type": "Polygon", "coordinates": [ [ [ -104.88269, 39.63683 ], [ -104.87687, 39.63683 ], [ -104.87686, 39.64133 ], [ -104.88269, 39.64134 ], [ -104.88269, 39.63683 ] ] ] } },
{ "type": "Feature", "properties": { "predicted": 0.005 }, "geometry": { "type": "Polygon", "coordinates": [ [ [ -105.08081, 39.64137 ], [ -105.07498, 39.64137 ], [ -105.07499, 39.64588 ], [ -105.08082, 39.64588 ], [ -105.08081, 39.64137 ] ] ] } },
{ "type": "Feature", "properties": { "predicted": 0.008 }, "geometry": { "type": "Polygon", "coordinates": [ [ [ -105.07498, 39.64137 ], [ -105.06916, 39.64138 ], [ -105.06916, 39.64588 ], [ -105.07499, 39.64588 ], [ -105.07498, 39.64137 ] ] ] } },
{ "type": "Feature", "properties": { "predicted": 0.015 }, "geometry": { "type": "Polygon", "coordinates": [ [ [ -105.06916, 39.64138 ], [ -105.06333, 39.64138 ], [ -105.06333, 39.64589 ], [ -105.06916, 39.64588 ], [ -105.06916, 39.64138 ] ] ] } },
{ "type": "Feature", "properties": { "predicted": 0.016 }, "geometry": { "type": "Polygon", "coordinates": [ [ [ -105.06333, 39.64138 ], [ -105.0575, 39.64138 ], [ -105.05751, 39.64589 ], [ -105.06333, 39.64589 ], [ -105.06333, 39.64138 ] ] ] } },
{ "type": "Feature", "properties": { "predicted": 0.016 }, "geometry": { "type": "Polygon", "coordinates": [ [ [ -105.0575, 39.64138 ], [ -105.05167, 39.64139 ], [ -105.05168, 39.64589 ], [ -105.05751, 39.64589 ], [ -105.0575, 39.64138 ] ] ] } },
{ "type": "Feature", "properties": { "predicted": 0.012 }, "geometry": { "type": "Polygon", "coordinates": [ [ [ -105.05167, 39.64139 ], [ -105.04585, 39.64139 ], [ -105.04585, 39.6459 ], [ -105.05168, 39.64589 ], [ -105.05167, 39.64139 ] ] ] } },
{ "type": "Feature", "properties": { "predicted": 0.011 }, "geometry": { "type": "Polygon", "coordinates": [ [ [ -105.04585, 39.64139 ], [ -105.04002, 39.64139 ], [ -105.04002, 39.6459 ], [ -105.04585, 39.6459 ], [ -105.04585, 39.64139 ] ] ] } },
{ "type": "Feature", "properties": { "predicted": 0.009 }, "geometry": { "type": "Polygon", "coordinates": [ [ [ -105.04002, 39.64139 ], [ -105.03419, 39.64139 ], [ -105.0342, 39.6459 ], [ -105.04002, 39.6459 ], [ -105.04002, 39.64139 ] ] ] } },
{ "type": "Feature", "properties": { "predicted": 0.01 }, "geometry": { "type": "Polygon", "coordinates": [ [ [ -105.03419, 39.64139 ], [ -105.02837, 39.6414 ], [ -105.02837, 39.6459 ], [ -105.0342, 39.6459 ], [ -105.03419, 39.64139 ] ] ] } },
{ "type": "Feature", "properties": { "predicted": 0.005 }, "geometry": { "type": "Polygon", "coordinates": [ [ [ -104.93513, 39.64138 ], [ -104.9293, 39.64138 ], [ -104.9293, 39.64588 ], [ -104.93513, 39.64589 ], [ -104.93513, 39.64138 ] ] ] } },
{ "type": "Feature", "properties": { "predicted": 0.002 }, "geometry": { "type": "Polygon", "coordinates": [ [ [ -104.9293, 39.64138 ], [ -104.92348, 39.64137 ], [ -104.92347, 39.64588 ], [ -104.9293, 39.64588 ], [ -104.9293, 39.64138 ] ] ] } },
{ "type": "Feature", "properties": { "predicted": 0.001 }, "geometry": { "type": "Polygon", "coordinates": [ [ [ -104.92348, 39.64137 ], [ -104.91765, 39.64137 ], [ -104.91764, 39.64588 ], [ -104.92347, 39.64588 ], [ -104.92348, 39.64137 ] ] ] } },
{ "type": "Feature", "properties": { "predicted": 0.001 }, "geometry": { "type": "Polygon", "coordinates": [ [ [ -104.91765, 39.64137 ], [ -104.91182, 39.64137 ], [ -104.91182, 39.64587 ], [ -104.91764, 39.64588 ], [ -104.91765, 39.64137 ] ] ] } },
{ "type": "Feature", "properties": { "predicted": 0.0 }, "geometry": { "type": "Polygon", "coordinates": [ [ [ -104.91182, 39.64137 ], [ -104.90599, 39.64136 ], [ -104.90599, 39.64587 ], [ -104.91182, 39.64587 ], [ -104.91182, 39.64137 ] ] ] } },
{ "type": "Feature", "properties": { "predicted": 0.0 }, "geometry": { "type": "Polygon", "coordinates": [ [ [ -104.90599, 39.64136 ], [ -104.90017, 39.64136 ], [ -104.90016, 39.64586 ], [ -104.90599, 39.64587 ], [ -104.90599, 39.64136 ] ] ] } },
{ "type": "Feature", "properties": { "predicted": 0.0 }, "geometry": { "type": "Polygon", "coordinates": [ [ [ -104.90017, 39.64136 ], [ -104.89434, 39.64135 ], [ -104.89433, 39.64586 ], [ -104.90016, 39.64586 ], [ -104.90017, 39.64136 ] ] ] } },
{ "type": "Feature", "properties": { "predicted": 0.0 }, "geometry": { "type": "Polygon", "coordinates": [ [ [ -104.89434, 39.64135 ], [ -104.88851, 39.64135 ], [ -104.88851, 39.64585 ], [ -104.89433, 39.64586 ], [ -104.89434, 39.64135 ] ] ] } },
{ "type": "Feature", "properties": { "predicted": 0.0 }, "geometry": { "type": "Polygon", "coordinates": [ [ [ -104.88851, 39.64135 ], [ -104.88269, 39.64134 ], [ -104.88268, 39.64585 ], [ -104.88851, 39.64585 ], [ -104.88851, 39.64135 ] ] ] } },
{ "type": "Feature", "properties": { "predicted": 0.0 }, "geometry": { "type": "Polygon", "coordinates": [ [ [ -104.88269, 39.64134 ], [ -104.87686, 39.64133 ], [ -104.87685, 39.64584 ], [ -104.88268, 39.64585 ], [ -104.88269, 39.64134 ] ] ] } },
{ "type": "Feature", "properties": { "predicted": 0.0 }, "geometry": { "type": "Polygon", "coordinates": [ [ [ -104.87686, 39.64133 ], [ -104.87103, 39.64133 ], [ -104.87102, 39.64583 ], [ -104.87685, 39.64584 ], [ -104.87686, 39.64133 ] ] ] } },
{ "type": "Feature", "properties": { "predicted": 0.01 }, "geometry": { "type": "Polygon", "coordinates": [ [ [ -105.07499, 39.64588 ], [ -105.06916, 39.64588 ], [ -105.06917, 39.65039 ], [ -105.07499, 39.65039 ], [ -105.07499, 39.64588 ] ] ] } },
{ "type": "Feature", "properties": { "predicted": 0.015 }, "geometry": { "type": "Polygon", "coordinates": [ [ [ -105.06916, 39.64588 ], [ -105.06333, 39.64589 ], [ -105.06334, 39.65039 ], [ -105.06917, 39.65039 ], [ -105.06916, 39.64588 ] ] ] } },
{ "type": "Feature", "properties": { "predicted": 0.016 }, "geometry": { "type": "Polygon", "coordinates": [ [ [ -105.06333, 39.64589 ], [ -105.05751, 39.64589 ], [ -105.05751, 39.6504 ], [ -105.06334, 39.65039 ], [ -105.06333, 39.64589 ] ] ] } },
{ "type": "Feature", "properties": { "predicted": 0.017 }, "geometry": { "type": "Polygon", "coordinates": [ [ [ -105.05751, 39.64589 ], [ -105.05168, 39.64589 ], [ -105.05168, 39.6504 ], [ -105.05751, 39.6504 ], [ -105.05751, 39.64589 ] ] ] } },
{ "type": "Feature", "properties": { "predicted": 0.019 }, "geometry": { "type": "Polygon", "coordinates": [ [ [ -105.05168, 39.64589 ], [ -105.04585, 39.6459 ], [ -105.04585, 39.6504 ], [ -105.05168, 39.6504 ], [ -105.05168, 39.64589 ] ] ] } },
{ "type": "Feature", "properties": { "predicted": 0.023 }, "geometry": { "type": "Polygon", "coordinates": [ [ [ -105.04585, 39.6459 ], [ -105.04002, 39.6459 ], [ -105.04003, 39.6504 ], [ -105.04585, 39.6504 ], [ -105.04585, 39.6459 ] ] ] } },
{ "type": "Feature", "properties": { "predicted": 0.023 }, "geometry": { "type": "Polygon", "coordinates": [ [ [ -105.04002, 39.6459 ], [ -105.0342, 39.6459 ], [ -105.0342, 39.6504 ], [ -105.04003, 39.6504 ], [ -105.04002, 39.6459 ] ] ] } },
{ "type": "Feature", "properties": { "predicted": 0.003 }, "geometry": { "type": "Polygon", "coordinates": [ [ [ -104.93513, 39.64589 ], [ -104.9293, 39.64588 ], [ -104.92929, 39.65039 ], [ -104.93512, 39.65039 ], [ -104.93513, 39.64589 ] ] ] } },
{ "type": "Feature", "properties": { "predicted": 0.001 }, "geometry": { "type": "Polygon", "coordinates": [ [ [ -104.9293, 39.64588 ], [ -104.92347, 39.64588 ], [ -104.92347, 39.65038 ], [ -104.92929, 39.65039 ], [ -104.9293, 39.64588 ] ] ] } },
{ "type": "Feature", "properties": { "predicted": 0.001 }, "geometry": { "type": "Polygon", "coordinates": [ [ [ -104.92347, 39.64588 ], [ -104.91764, 39.64588 ], [ -104.91764, 39.65038 ], [ -104.92347, 39.65038 ], [ -104.92347, 39.64588 ] ] ] } },
{ "type": "Feature", "properties": { "predicted": 0.001 }, "geometry": { "type": "Polygon", "coordinates": [ [ [ -104.91764, 39.64588 ], [ -104.91182, 39.64587 ], [ -104.91181, 39.65038 ], [ -104.91764, 39.65038 ], [ -104.91764, 39.64588 ] ] ] } },
{ "type": "Feature", "properties": { "predicted": 0.001 }, "geometry": { "type": "Polygon", "coordinates": [ [ [ -104.91182, 39.64587 ], [ -104.90599, 39.64587 ], [ -104.90598, 39.65037 ], [ -104.91181, 39.65038 ], [ -104.91182, 39.64587 ] ] ] } },
{ "type": "Feature", "properties": { "predicted": 0.001 }, "geometry": { "type": "Polygon", "coordinates": [ [ [ -104.90599, 39.64587 ], [ -104.90016, 39.64586 ], [ -104.90015, 39.65037 ], [ -104.90598, 39.65037 ], [ -104.90599, 39.64587 ] ] ] } },
{ "type": "Feature", "properties": { "predicted": 0.001 }, "geometry": { "type": "Polygon", "coordinates": [ [ [ -104.90016, 39.64586 ], [ -104.89433, 39.64586 ], [ -104.89433, 39.65036 ], [ -104.90015, 39.65037 ], [ -104.90016, 39.64586 ] ] ] } },
{ "type": "Feature", "properties": { "predicted": 0.0 }, "geometry": { "type": "Polygon", "coordinates": [ [ [ -104.89433, 39.64586 ], [ -104.88851, 39.64585 ], [ -104.8885, 39.65036 ], [ -104.89433, 39.65036 ], [ -104.89433, 39.64586 ] ] ] } },
{ "type": "Feature", "properties": { "predicted": 0.0 }, "geometry": { "type": "Polygon", "coordinates": [ [ [ -104.88851, 39.64585 ], [ -104.88268, 39.64585 ], [ -104.88267, 39.65035 ], [ -104.8885, 39.65036 ], [ -104.88851, 39.64585 ] ] ] } },
{ "type": "Feature", "properties": { "predicted": 0.0 }, "geometry": { "type": "Polygon", "coordinates": [ [ [ -104.88268, 39.64585 ], [ -104.87685, 39.64584 ], [ -104.87684, 39.65034 ], [ -104.88267, 39.65035 ], [ -104.88268, 39.64585 ] ] ] } },
{ "type": "Feature", "properties": { "predicted": 0.0 }, "geometry": { "type": "Polygon", "coordinates": [ [ [ -104.87685, 39.64584 ], [ -104.87102, 39.64583 ], [ -104.87101, 39.65034 ], [ -104.87684, 39.65034 ], [ -104.87685, 39.64584 ] ] ] } },
{ "type": "Feature", "properties": { "predicted": 0.0 }, "geometry": { "type": "Polygon", "coordinates": [ [ [ -104.87102, 39.64583 ], [ -104.8652, 39.64583 ], [ -104.86519, 39.65033 ], [ -104.87101, 39.65034 ], [ -104.87102, 39.64583 ] ] ] } },
{ "type": "Feature", "properties": { "predicted": 0.0 }, "geometry": { "type": "Polygon", "coordinates": [ [ [ -104.8652, 39.64583 ], [ -104.85937, 39.64582 ], [ -104.85936, 39.65032 ], [ -104.86519, 39.65033 ], [ -104.8652, 39.64583 ] ] ] } },
{ "type": "Feature", "properties": { "predicted": 0.01 }, "geometry": { "type": "Polygon", "coordinates": [ [ [ -105.07499, 39.65039 ], [ -105.06917, 39.65039 ], [ -105.06917, 39.65489 ], [ -105.075, 39.65489 ], [ -105.07499, 39.65039 ] ] ] } },
{ "type": "Feature", "properties": { "predicted": 0.015 }, "geometry": { "type": "Polygon", "coordinates": [ [ [ -105.06917, 39.65039 ], [ -105.06334, 39.65039 ], [ -105.06334, 39.6549 ], [ -105.06917, 39.65489 ], [ -105.06917, 39.65039 ] ] ] } },
{ "type": "Feature", "properties": { "predicted": 0.026 }, "geometry": { "type": "Polygon", "coordinates": [ [ [ -105.06334, 39.65039 ], [ -105.05751, 39.6504 ], [ -105.05751, 39.6549 ], [ -105.06334, 39.6549 ], [ -105.06334, 39.65039 ] ] ] } },
{ "type": "Feature", "properties": { "predicted": 0.037 }, "geometry": { "type": "Polygon", "coordinates": [ [ [ -105.05751, 39.6504 ], [ -105.05168, 39.6504 ], [ -105.05168, 39.6549 ], [ -105.05751, 39.6549 ], [ -105.05751, 39.6504 ] ] ] } },
{ "type": "Feature", "properties": { "predicted": 0.04 }, "geometry": { "type": "Polygon", "coordinates": [ [ [ -105.05168, 39.6504 ], [ -105.04585, 39.6504 ], [ -105.04586, 39.65491 ], [ -105.05168, 39.6549 ], [ -105.05168, 39.6504 ] ] ] } },
{ "type": "Feature", "properties": { "predicted": 0.038 }, "geometry": { "type": "Polygon", "coordinates": [ [ [ -105.04585, 39.6504 ], [ -105.04003, 39.6504 ], [ -105.04003, 39.65491 ], [ -105.04586, 39.65491 ], [ -105.04585, 39.6504 ] ] ] } },
{ "type": "Feature", "properties": { "predicted": 0.031 }, "geometry": { "type": "Polygon", "coordinates": [ [ [ -105.04003, 39.6504 ], [ -105.0342, 39.6504 ], [ -105.0342, 39.65491 ], [ -105.04003, 39.65491 ], [ -105.04003, 39.6504 ] ] ] } },
{ "type": "Feature", "properties": { "predicted": 0.033 }, "geometry": { "type": "Polygon", "coordinates": [ [ [ -105.0342, 39.6504 ], [ -105.02837, 39.65041 ], [ -105.02837, 39.65491 ], [ -105.0342, 39.65491 ], [ -105.0342, 39.6504 ] ] ] } },
{ "type": "Feature", "properties": { "predicted": 0.015 }, "geometry": { "type": "Polygon", "coordinates": [ [ [ -104.95843, 39.6504 ], [ -104.95261, 39.6504 ], [ -104.9526, 39.6549 ], [ -104.95843, 39.65491 ], [ -104.95843, 39.6504 ] ] ] } },
{ "type": "Feature", "properties": { "predicted": 0.021 }, "geometry": { "type": "Polygon", "coordinates": [ [ [ -104.95261, 39.6504 ], [ -104.94678, 39.6504 ], [ -104.94677, 39.6549 ], [ -104.9526, 39.6549 ], [ -104.95261, 39.6504 ] ] ] } },
{ "type": "Feature", "properties": { "predicted": 0.014 }, "geometry": { "type": "Polygon", "coordinates": [ [ [ -104.94678, 39.6504 ], [ -104.94095, 39.65039 ], [ -104.94095, 39.6549 ], [ -104.94677, 39.6549 ], [ -104.94678, 39.6504 ] ] ] } },
{ "type": "Feature", "properties": { "predicted": 0.009 }, "geometry": { "type": "Polygon", "coordinates": [ [ [ -104.94095, 39.65039 ], [ -104.93512, 39.65039 ], [ -104.93512, 39.6549 ], [ -104.94095, 39.6549 ], [ -104.94095, 39.65039 ] ] ] } },
{ "type": "Feature", "properties": { "predicted": 0.004 }, "geometry": { "type": "Polygon", "coordinates": [ [ [ -104.93512, 39.65039 ], [ -104.92929, 39.65039 ], [ -104.92929, 39.65489 ], [ -104.93512, 39.6549 ], [ -104.93512, 39.65039 ] ] ] } },
{ "type": "Feature", "properties": { "predicted": 0.003 }, "geometry": { "type": "Polygon", "coordinates": [ [ [ -104.92929, 39.65039 ], [ -104.92347, 39.65038 ], [ -104.92346, 39.65489 ], [ -104.92929, 39.65489 ], [ -104.92929, 39.65039 ] ] ] } },
{ "type": "Feature", "properties": { "predicted": 0.003 }, "geometry": { "type": "Polygon", "coordinates": [ [ [ -104.92347, 39.65038 ], [ -104.91764, 39.65038 ], [ -104.91763, 39.65489 ], [ -104.92346, 39.65489 ], [ -104.92347, 39.65038 ] ] ] } },
{ "type": "Feature", "properties": { "predicted": 0.001 }, "geometry": { "type": "Polygon", "coordinates": [ [ [ -104.91764, 39.65038 ], [ -104.91181, 39.65038 ], [ -104.9118, 39.65488 ], [ -104.91763, 39.65489 ], [ -104.91764, 39.65038 ] ] ] } },
{ "type": "Feature", "properties": { "predicted": 0.001 }, "geometry": { "type": "Polygon", "coordinates": [ [ [ -104.91181, 39.65038 ], [ -104.90598, 39.65037 ], [ -104.90598, 39.65488 ], [ -104.9118, 39.65488 ], [ -104.91181, 39.65038 ] ] ] } },
{ "type": "Feature", "properties": { "predicted": 0.001 }, "geometry": { "type": "Polygon", "coordinates": [ [ [ -104.90598, 39.65037 ], [ -104.90015, 39.65037 ], [ -104.90015, 39.65487 ], [ -104.90598, 39.65488 ], [ -104.90598, 39.65037 ] ] ] } },
{ "type": "Feature", "properties": { "predicted": 0.001 }, "geometry": { "type": "Polygon", "coordinates": [ [ [ -104.90015, 39.65037 ], [ -104.89433, 39.65036 ], [ -104.89432, 39.65487 ], [ -104.90015, 39.65487 ], [ -104.90015, 39.65037 ] ] ] } },
{ "type": "Feature", "properties": { "predicted": 0.0 }, "geometry": { "type": "Polygon", "coordinates": [ [ [ -104.89433, 39.65036 ], [ -104.8885, 39.65036 ], [ -104.88849, 39.65486 ], [ -104.89432, 39.65487 ], [ -104.89433, 39.65036 ] ] ] } },
{ "type": "Feature", "properties": { "predicted": 0.0 }, "geometry": { "type": "Polygon", "coordinates": [ [ [ -104.8885, 39.65036 ], [ -104.88267, 39.65035 ], [ -104.88266, 39.65486 ], [ -104.88849, 39.65486 ], [ -104.8885, 39.65036 ] ] ] } },
{ "type": "Feature", "properties": { "predicted": 0.0 }, "geometry": { "type": "Polygon", "coordinates": [ [ [ -104.88267, 39.65035 ], [ -104.87684, 39.65034 ], [ -104.87683, 39.65485 ], [ -104.88266, 39.65486 ], [ -104.88267, 39.65035 ] ] ] } },
{ "type": "Feature", "properties": { "predicted": 0.0 }, "geometry": { "type": "Polygon", "coordinates": [ [ [ -104.87684, 39.65034 ], [ -104.87101, 39.65034 ], [ -104.87101, 39.65484 ], [ -104.87683, 39.65485 ], [ -104.87684, 39.65034 ] ] ] } },
{ "type": "Feature", "properties": { "predicted": 0.0 }, "geometry": { "type": "Polygon", "coordinates": [ [ [ -104.87101, 39.65034 ], [ -104.86519, 39.65033 ], [ -104.86518, 39.65484 ], [ -104.87101, 39.65484 ], [ -104.87101, 39.65034 ] ] ] } },
{ "type": "Feature", "properties": { "predicted": 0.0 }, "geometry": { "type": "Polygon", "coordinates": [ [ [ -104.86519, 39.65033 ], [ -104.85936, 39.65032 ], [ -104.85935, 39.65483 ], [ -104.86518, 39.65484 ], [ -104.86519, 39.65033 ] ] ] } },
{ "type": "Feature", "properties": { "predicted": 0.0 }, "geometry": { "type": "Polygon", "coordinates": [ [ [ -104.85936, 39.65032 ], [ -104.85353, 39.65032 ], [ -104.85352, 39.65482 ], [ -104.85935, 39.65483 ], [ -104.85936, 39.65032 ] ] ] } },
{ "type": "Feature", "properties": { "predicted": 0.009 }, "geometry": { "type": "Polygon", "coordinates": [ [ [ -105.08083, 39.65489 ], [ -105.075, 39.65489 ], [ -105.075, 39.6594 ], [ -105.08083, 39.65939 ], [ -105.08083, 39.65489 ] ] ] } },
{ "type": "Feature", "properties": { "predicted": 0.021 }, "geometry": { "type": "Polygon", "coordinates": [ [ [ -105.075, 39.65489 ], [ -105.06917, 39.65489 ], [ -105.06917, 39.6594 ], [ -105.075, 39.6594 ], [ -105.075, 39.65489 ] ] ] } },
{ "type": "Feature", "properties": { "predicted": 0.03 }, "geometry": { "type": "Polygon", "coordinates": [ [ [ -105.06917, 39.65489 ], [ -105.06334, 39.6549 ], [ -105.06335, 39.6594 ], [ -105.06917, 39.6594 ], [ -105.06917, 39.65489 ] ] ] } },
{ "type": "Feature", "properties": { "predicted": 0.029 }, "geometry": { "type": "Polygon", "coordinates": [ [ [ -105.06334, 39.6549 ], [ -105.05751, 39.6549 ], [ -105.05752, 39.65941 ], [ -105.06335, 39.6594 ], [ -105.06334, 39.6549 ] ] ] } },
{ "type": "Feature", "properties": { "predicted": 0.028 }, "geometry": { "type": "Polygon", "coordinates": [ [ [ -105.05751, 39.6549 ], [ -105.05168, 39.6549 ], [ -105.05169, 39.65941 ], [ -105.05752, 39.65941 ], [ -105.05751, 39.6549 ] ] ] } },
{ "type": "Feature", "properties": { "predicted": 0.032 }, "geometry": { "type": "Polygon", "coordinates": [ [ [ -105.05168, 39.6549 ], [ -105.04586, 39.65491 ], [ -105.04586, 39.65941 ], [ -105.05169, 39.65941 ], [ -105.05168, 39.6549 ] ] ] } },
{ "type": "Feature", "properties": { "predicted": 0.04 }, "geometry": { "type": "Polygon", "coordinates": [ [ [ -105.04586, 39.65491 ], [ -105.04003, 39.65491 ], [ -105.04003, 39.65941 ], [ -105.04586, 39.65941 ], [ -105.04586, 39.65491 ] ] ] } },
{ "type": "Feature", "properties": { "predicted": 0.044 }, "geometry": { "type": "Polygon", "coordinates": [ [ [ -105.04003, 39.65491 ], [ -105.0342, 39.65491 ], [ -105.0342, 39.65941 ], [ -105.04003, 39.65941 ], [ -105.04003, 39.65491 ] ] ] } },
{ "type": "Feature", "properties": { "predicted": 0.034 }, "geometry": { "type": "Polygon", "coordinates": [ [ [ -105.0342, 39.65491 ], [ -105.02837, 39.65491 ], [ -105.02837, 39.65942 ], [ -105.0342, 39.65941 ], [ -105.0342, 39.65491 ] ] ] } },
{ "type": "Feature", "properties": { "predicted": 0.018 }, "geometry": { "type": "Polygon", "coordinates": [ [ [ -105.02837, 39.65491 ], [ -105.02254, 39.65491 ], [ -105.02254, 39.65942 ], [ -105.02837, 39.65942 ], [ -105.02837, 39.65491 ] ] ] } },
{ "type": "Feature", "properties": { "predicted": 0.016 }, "geometry": { "type": "Polygon", "coordinates": [ [ [ -104.96426, 39.65491 ], [ -104.95843, 39.65491 ], [ -104.95843, 39.65941 ], [ -104.96426, 39.65941 ], [ -104.96426, 39.65491 ] ] ] } },
{ "type": "Feature", "properties": { "predicted": 0.018 }, "geometry": { "type": "Polygon", "coordinates": [ [ [ -104.95843, 39.65491 ], [ -104.9526, 39.6549 ], [ -104.9526, 39.65941 ], [ -104.95843, 39.65941 ], [ -104.95843, 39.65491 ] ] ] } },
{ "type": "Feature", "properties": { "predicted": 0.019 }, "geometry": { "type": "Polygon", "coordinates": [ [ [ -104.9526, 39.6549 ], [ -104.94677, 39.6549 ], [ -104.94677, 39.65941 ], [ -104.9526, 39.65941 ], [ -104.9526, 39.6549 ] ] ] } },
{ "type": "Feature", "properties": { "predicted": 0.025 }, "geometry": { "type": "Polygon", "coordinates": [ [ [ -104.94677, 39.6549 ], [ -104.94095, 39.6549 ], [ -104.94094, 39.6594 ], [ -104.94677, 39.65941 ], [ -104.94677, 39.6549 ] ] ] } },
{ "type": "Feature", "properties": { "predicted": 0.01 }, "geometry": { "type": "Polygon", "coordinates": [ [ [ -104.94095, 39.6549 ], [ -104.93512, 39.6549 ], [ -104.93511, 39.6594 ], [ -104.94094, 39.6594 ], [ -104.94095, 39.6549 ] ] ] } },
{ "type": "Feature", "properties": { "predicted": 0.007 }, "geometry": { "type": "Polygon", "coordinates": [ [ [ -104.93512, 39.6549 ], [ -104.92929, 39.65489 ], [ -104.92929, 39.6594 ], [ -104.93511, 39.6594 ], [ -104.93512, 39.6549 ] ] ] } },
{ "type": "Feature", "properties": { "predicted": 0.005 }, "geometry": { "type": "Polygon", "coordinates": [ [ [ -104.92929, 39.65489 ], [ -104.92346, 39.65489 ], [ -104.92346, 39.65939 ], [ -104.92929, 39.6594 ], [ -104.92929, 39.65489 ] ] ] } },
{ "type": "Feature", "properties": { "predicted": 0.003 }, "geometry": { "type": "Polygon", "coordinates": [ [ [ -104.92346, 39.65489 ], [ -104.91763, 39.65489 ], [ -104.91763, 39.65939 ], [ -104.92346, 39.65939 ], [ -104.92346, 39.65489 ] ] ] } },
{ "type": "Feature", "properties": { "predicted": 0.001 }, "geometry": { "type": "Polygon", "coordinates": [ [ [ -104.91763, 39.65489 ], [ -104.9118, 39.65488 ], [ -104.9118, 39.65939 ], [ -104.91763, 39.65939 ], [ -104.91763, 39.65489 ] ] ] } },
{ "type": "Feature", "properties": { "predicted": 0.001 }, "geometry": { "type": "Polygon", "coordinates": [ [ [ -104.9118, 39.65488 ], [ -104.90598, 39.65488 ], [ -104.90597, 39.65938 ], [ -104.9118, 39.65939 ], [ -104.9118, 39.65488 ] ] ] } },
{ "type": "Feature", "properties": { "predicted": 0.001 }, "geometry": { "type": "Polygon", "coordinates": [ [ [ -104.90598, 39.65488 ], [ -104.90015, 39.65487 ], [ -104.90014, 39.65938 ], [ -104.90597, 39.65938 ], [ -104.90598, 39.65488 ] ] ] } },
{ "type": "Feature", "properties": { "predicted": 0.001 }, "geometry": { "type": "Polygon", "coordinates": [ [ [ -104.90015, 39.65487 ], [ -104.89432, 39.65487 ], [ -104.89431, 39.65937 ], [ -104.90014, 39.65938 ], [ -104.90015, 39.65487 ] ] ] } },
{ "type": "Feature", "properties": { "predicted": 0.0 }, "geometry": { "type": "Polygon", "coordinates": [ [ [ -104.89432, 39.65487 ], [ -104.88849, 39.65486 ], [ -104.88848, 39.65937 ], [ -104.89431, 39.65937 ], [ -104.89432, 39.65487 ] ] ] } },
{ "type": "Feature", "properties": { "predicted": 0.0 }, "geometry": { "type": "Polygon", "coordinates": [ [ [ -104.88849, 39.65486 ], [ -104.88266, 39.65486 ], [ -104.88266, 39.65936 ], [ -104.88848, 39.65937 ], [ -104.88849, 39.65486 ] ] ] } },
{ "type": "Feature", "properties": { "predicted": 0.0 }, "geometry": { "type": "Polygon", "coordinates": [ [ [ -104.88266, 39.65486 ], [ -104.87683, 39.65485 ], [ -104.87683, 39.65935 ], [ -104.88266, 39.65936 ], [ -104.88266, 39.65486 ] ] ] } },
{ "type": "Feature", "properties": { "predicted": 0.0 }, "geometry": { "type": "Polygon", "coordinates": [ [ [ -104.87683, 39.65485 ], [ -104.87101, 39.65484 ], [ -104.871, 39.65935 ], [ -104.87683, 39.65935 ], [ -104.87683, 39.65485 ] ] ] } },
{ "type": "Feature", "properties": { "predicted": 0.0 }, "geometry": { "type": "Polygon", "coordinates": [ [ [ -104.87101, 39.65484 ], [ -104.86518, 39.65484 ], [ -104.86517, 39.65934 ], [ -104.871, 39.65935 ], [ -104.87101, 39.65484 ] ] ] } },
{ "type": "Feature", "properties": { "predicted": 0.0 }, "geometry": { "type": "Polygon", "coordinates": [ [ [ -104.86518, 39.65484 ], [ -104.85935, 39.65483 ], [ -104.85934, 39.65933 ], [ -104.86517, 39.65934 ], [ -104.86518, 39.65484 ] ] ] } },
{ "type": "Feature", "properties": { "predicted": 0.0 }, "geometry": { "type": "Polygon", "coordinates": [ [ [ -104.85935, 39.65483 ], [ -104.85352, 39.65482 ], [ -104.85351, 39.65933 ], [ -104.85934, 39.65933 ], [ -104.85935, 39.65483 ] ] ] } },
{ "type": "Feature", "properties": { "predicted": 0.0 }, "geometry": { "type": "Polygon", "coordinates": [ [ [ -104.85352, 39.65482 ], [ -104.84769, 39.65481 ], [ -104.84768, 39.65932 ], [ -104.85351, 39.65933 ], [ -104.85352, 39.65482 ] ] ] } },
{ "type": "Feature", "properties": { "predicted": 0.0 }, "geometry": { "type": "Polygon", "coordinates": [ [ [ -104.84769, 39.65481 ], [ -104.84187, 39.65481 ], [ -104.84185, 39.65931 ], [ -104.84768, 39.65932 ], [ -104.84769, 39.65481 ] ] ] } },
{ "type": "Feature", "properties": { "predicted": 0.008 }, "geometry": { "type": "Polygon", "coordinates": [ [ [ -105.08666, 39.65939 ], [ -105.08083, 39.65939 ], [ -105.08084, 39.6639 ], [ -105.08667, 39.66389 ], [ -105.08666, 39.65939 ] ] ] } },
{ "type": "Feature", "properties": { "predicted": 0.014 }, "geometry": { "type": "Polygon", "coordinates": [ [ [ -105.08083, 39.65939 ], [ -105.075, 39.6594 ], [ -105.07501, 39.6639 ], [ -105.08084, 39.6639 ], [ -105.08083, 39.65939 ] ] ] } },
{ "type": "Feature", "properties": { "predicted": 0.015 }, "geometry": { "type": "Polygon", "coordinates": [ [ [ -105.075, 39.6594 ], [ -105.06917, 39.6594 ], [ -105.06918, 39.6639 ], [ -105.07501, 39.6639 ], [ -105.075, 39.6594 ] ] ] } },
{ "type": "Feature", "properties": { "predicted": 0.022 }, "geometry": { "type": "Polygon", "coordinates": [ [ [ -105.06917, 39.6594 ], [ -105.06335, 39.6594 ], [ -105.06335, 39.66391 ], [ -105.06918, 39.6639 ], [ -105.06917, 39.6594 ] ] ] } },
{ "type": "Feature", "properties": { "predicted": 0.036 }, "geometry": { "type": "Polygon", "coordinates": [ [ [ -105.06335, 39.6594 ], [ -105.05752, 39.65941 ], [ -105.05752, 39.66391 ], [ -105.06335, 39.66391 ], [ -105.06335, 39.6594 ] ] ] } },
{ "type": "Feature", "properties": { "predicted": 0.04 }, "geometry": { "type": "Polygon", "coordinates": [ [ [ -105.05752, 39.65941 ], [ -105.05169, 39.65941 ], [ -105.05169, 39.66391 ], [ -105.05752, 39.66391 ], [ -105.05752, 39.65941 ] ] ] } },
{ "type": "Feature", "properties": { "predicted": 0.047 }, "geometry": { "type": "Polygon", "coordinates": [ [ [ -105.05169, 39.65941 ], [ -105.04586, 39.65941 ], [ -105.04586, 39.66392 ], [ -105.05169, 39.66391 ], [ -105.05169, 39.65941 ] ] ] } },
{ "type": "Feature", "properties": { "predicted": 0.042 }, "geometry": { "type": "Polygon", "coordinates": [ [ [ -105.04586, 39.65941 ], [ -105.04003, 39.65941 ], [ -105.04003, 39.66392 ], [ -105.04586, 39.66392 ], [ -105.04586, 39.65941 ] ] ] } },
{ "type": "Feature", "properties": { "predicted": 0.02 }, "geometry": { "type": "Polygon", "coordinates": [ [ [ -105.04003, 39.65941 ], [ -105.0342, 39.65941 ], [ -105.0342, 39.66392 ], [ -105.04003, 39.66392 ], [ -105.04003, 39.65941 ] ] ] } },
{ "type": "Feature", "properties": { "predicted": 0.016 }, "geometry": { "type": "Polygon", "coordinates": [ [ [ -105.0342, 39.65941 ], [ -105.02837, 39.65942 ], [ -105.02838, 39.66392 ], [ -105.0342, 39.66392 ], [ -105.0342, 39.65941 ] ] ] } },
{ "type": "Feature", "properties": { "predicted": 0.007 }, "geometry": { "type": "Polygon", "coordinates": [ [ [ -105.02837, 39.65942 ], [ -105.02254, 39.65942 ], [ -105.02255, 39.66392 ], [ -105.02838, 39.66392 ], [ -105.02837, 39.65942 ] ] ] } },
{ "type": "Feature", "properties": { "predicted": 0.016 }, "geometry": { "type": "Polygon", "coordinates": [ [ [ -105.02254, 39.65942 ], [ -105.01672, 39.65942 ], [ -105.01672, 39.66392 ], [ -105.02255, 39.66392 ], [ -105.02254, 39.65942 ] ] ] } },
{ "type": "Feature", "properties": { "predicted": 0.024 }, "geometry": { "type": "Polygon", "coordinates": [ [ [ -105.01672, 39.65942 ], [ -105.01089, 39.65942 ], [ -105.01089, 39.66392 ], [ -105.01672, 39.66392 ], [ -105.01672, 39.65942 ] ] ] } },
{ "type": "Feature", "properties": { "predicted": 0.022 }, "geometry": { "type": "Polygon", "coordinates": [ [ [ -105.01089, 39.65942 ], [ -105.00506, 39.65942 ], [ -105.00506, 39.66392 ], [ -105.01089, 39.66392 ], [ -105.01089, 39.65942 ] ] ] } },
{ "type": "Feature", "properties": { "predicted": 0.019 }, "geometry": { "type": "Polygon", "coordinates": [ [ [ -105.00506, 39.65942 ], [ -104.99923, 39.65942 ], [ -104.99923, 39.66392 ], [ -105.00506, 39.66392 ], [ -105.00506, 39.65942 ] ] ] } },
{ "type": "Feature", "properties": { "predicted": 0.014 }, "geometry": { "type": "Polygon", "coordinates": [ [ [ -104.97009, 39.65942 ], [ -104.96426, 39.65941 ], [ -104.96426, 39.66392 ], [ -104.97008, 39.66392 ], [ -104.97009, 39.65942 ] ] ] } },
{ "type": "Feature", "properties": { "predicted": 0.012 }, "geometry": { "type": "Polygon", "coordinates": [ [ [ -104.96426, 39.65941 ], [ -104.95843, 39.65941 ], [ -104.95843, 39.66392 ], [ -104.96426, 39.66392 ], [ -104.96426, 39.65941 ] ] ] } },
{ "type": "Feature", "properties": { "predicted": 0.019 }, "geometry": { "type": "Polygon", "coordinates": [ [ [ -104.95843, 39.65941 ], [ -104.9526, 39.65941 ], [ -104.9526, 39.66392 ], [ -104.95843, 39.66392 ], [ -104.95843, 39.65941 ] ] ] } },
{ "type": "Feature", "properties": { "predicted": 0.024 }, "geometry": { "type": "Polygon", "coordinates": [ [ [ -104.9526, 39.65941 ], [ -104.94677, 39.65941 ], [ -104.94677, 39.66391 ], [ -104.9526, 39.66392 ], [ -104.9526, 39.65941 ] ] ] } },
{ "type": "Feature", "properties": { "predicted": 0.02 }, "geometry": { "type": "Polygon", "coordinates": [ [ [ -104.94677, 39.65941 ], [ -104.94094, 39.6594 ], [ -104.94094, 39.66391 ], [ -104.94677, 39.66391 ], [ -104.94677, 39.65941 ] ] ] } },
{ "type": "Feature", "properties": { "predicted": 0.014 }, "geometry": { "type": "Polygon", "coordinates": [ [ [ -104.94094, 39.6594 ], [ -104.93511, 39.6594 ], [ -104.93511, 39.66391 ], [ -104.94094, 39.66391 ], [ -104.94094, 39.6594 ] ] ] } },
{ "type": "Feature", "properties": { "predicted": 0.009 }, "geometry": { "type": "Polygon", "coordinates": [ [ [ -104.93511, 39.6594 ], [ -104.92929, 39.6594 ], [ -104.92928, 39.6639 ], [ -104.93511, 39.66391 ], [ -104.93511, 39.6594 ] ] ] } },
{ "type": "Feature", "properties": { "predicted": 0.007 }, "geometry": { "type": "Polygon", "coordinates": [ [ [ -104.92929, 39.6594 ], [ -104.92346, 39.65939 ], [ -104.92345, 39.6639 ], [ -104.92928, 39.6639 ], [ -104.92929, 39.6594 ] ] ] } },
{ "type": "Feature", "properties": { "predicted": 0.004 }, "geometry": { "type": "Polygon", "coordinates": [ [ [ -104.92346, 39.65939 ], [ -104.91763, 39.65939 ], [ -104.91762, 39.6639 ], [ -104.92345, 39.6639 ], [ -104.92346, 39.65939 ] ] ] } },
{ "type": "Feature", "properties": { "predicted": 0.002 }, "geometry": { "type": "Polygon", "coordinates": [ [ [ -104.91763, 39.65939 ], [ -104.9118, 39.65939 ], [ -104.91179, 39.66389 ], [ -104.91762, 39.6639 ], [ -104.91763, 39.65939 ] ] ] } },
{ "type": "Feature", "properties": { "predicted": 0.002 }, "geometry": { "type": "Polygon", "coordinates": [ [ [ -104.9118, 39.65939 ], [ -104.90597, 39.65938 ], [ -104.90596, 39.66389 ], [ -104.91179, 39.66389 ], [ -104.9118, 39.65939 ] ] ] } },
{ "type": "Feature", "properties": { "predicted": 0.002 }, "geometry": { "type": "Polygon", "coordinates": [ [ [ -104.90597, 39.65938 ], [ -104.90014, 39.65938 ], [ -104.90014, 39.66388 ], [ -104.90596, 39.66389 ], [ -104.90597, 39.65938 ] ] ] } },
{ "type": "Feature", "properties": { "predicted": 0.001 }, "geometry": { "type": "Polygon", "coordinates": [ [ [ -104.90014, 39.65938 ], [ -104.89431, 39.65937 ], [ -104.89431, 39.66388 ], [ -104.90014, 39.66388 ], [ -104.90014, 39.65938 ] ] ] } },
{ "type": "Feature", "properties": { "predicted": 0.0 }, "geometry": { "type": "Polygon", "coordinates": [ [ [ -104.89431, 39.65937 ], [ -104.88848, 39.65937 ], [ -104.88848, 39.66387 ], [ -104.89431, 39.66388 ], [ -104.89431, 39.65937 ] ] ] } },
{ "type": "Feature", "properties": { "predicted": 0.001 }, "geometry": { "type": "Polygon", "coordinates": [ [ [ -104.88848, 39.65937 ], [ -104.88266, 39.65936 ], [ -104.88265, 39.66387 ], [ -104.88848, 39.66387 ], [ -104.88848, 39.65937 ] ] ] } },
{ "type": "Feature", "properties": { "predicted": 0.001 }, "geometry": { "type": "Polygon", "coordinates": [ [ [ -104.88266, 39.65936 ], [ -104.87683, 39.65935 ], [ -104.87682, 39.66386 ], [ -104.88265, 39.66387 ], [ -104.88266, 39.65936 ] ] ] } },
{ "type": "Feature", "properties": { "predicted": 0.001 }, "geometry": { "type": "Polygon", "coordinates": [ [ [ -104.87683, 39.65935 ], [ -104.871, 39.65935 ], [ -104.87099, 39.66385 ], [ -104.87682, 39.66386 ], [ -104.87683, 39.65935 ] ] ] } },
{ "type": "Feature", "properties": { "predicted": 0.001 }, "geometry": { "type": "Polygon", "coordinates": [ [ [ -104.871, 39.65935 ], [ -104.86517, 39.65934 ], [ -104.86516, 39.66385 ], [ -104.87099, 39.66385 ], [ -104.871, 39.65935 ] ] ] } },
{ "type": "Feature", "properties": { "predicted": 0.0 }, "geometry": { "type": "Polygon", "coordinates": [ [ [ -104.86517, 39.65934 ], [ -104.85934, 39.65933 ], [ -104.85933, 39.66384 ], [ -104.86516, 39.66385 ], [ -104.86517, 39.65934 ] ] ] } },
{ "type": "Feature", "properties": { "predicted": 0.0 }, "geometry": { "type": "Polygon", "coordinates": [ [ [ -104.85934, 39.65933 ], [ -104.85351, 39.65933 ], [ -104.8535, 39.66383 ], [ -104.85933, 39.66384 ], [ -104.85934, 39.65933 ] ] ] } },
{ "type": "Feature", "properties": { "predicted": 0.0 }, "geometry": { "type": "Polygon", "coordinates": [ [ [ -104.85351, 39.65933 ], [ -104.84768, 39.65932 ], [ -104.84767, 39.66383 ], [ -104.8535, 39.66383 ], [ -104.85351, 39.65933 ] ] ] } },
{ "type": "Feature", "properties": { "predicted": 0.007 }, "geometry": { "type": "Polygon", "coordinates": [ [ [ -105.08667, 39.66389 ], [ -105.08084, 39.6639 ], [ -105.08084, 39.6684 ], [ -105.08667, 39.6684 ], [ -105.08667, 39.66389 ] ] ] } },
{ "type": "Feature", "properties": { "predicted": 0.01 }, "geometry": { "type": "Polygon", "coordinates": [ [ [ -105.08084, 39.6639 ], [ -105.07501, 39.6639 ], [ -105.07501, 39.66841 ], [ -105.08084, 39.6684 ], [ -105.08084, 39.6639 ] ] ] } },
{ "type": "Feature", "properties": { "predicted": 0.017 }, "geometry": { "type": "Polygon", "coordinates": [ [ [ -105.07501, 39.6639 ], [ -105.06918, 39.6639 ], [ -105.06918, 39.66841 ], [ -105.07501, 39.66841 ], [ -105.07501, 39.6639 ] ] ] } },
{ "type": "Feature", "properties": { "predicted": 0.025 }, "geometry": { "type": "Polygon", "coordinates": [ [ [ -105.06918, 39.6639 ], [ -105.06335, 39.66391 ], [ -105.06335, 39.66841 ], [ -105.06918, 39.66841 ], [ -105.06918, 39.6639 ] ] ] } },
{ "type": "Feature", "properties": { "predicted": 0.025 }, "geometry": { "type": "Polygon", "coordinates": [ [ [ -105.06335, 39.66391 ], [ -105.05752, 39.66391 ], [ -105.05752, 39.66842 ], [ -105.06335, 39.66841 ], [ -105.06335, 39.66391 ] ] ] } },
{ "type": "Feature", "properties": { "predicted": 0.031 }, "geometry": { "type": "Polygon", "coordinates": [ [ [ -105.05752, 39.66391 ], [ -105.05169, 39.66391 ], [ -105.05169, 39.66842 ], [ -105.05752, 39.66842 ], [ -105.05752, 39.66391 ] ] ] } },
{ "type": "Feature", "properties": { "predicted": 0.034 }, "geometry": { "type": "Polygon", "coordinates": [ [ [ -105.05169, 39.66391 ], [ -105.04586, 39.66392 ], [ -105.04587, 39.66842 ], [ -105.05169, 39.66842 ], [ -105.05169, 39.66391 ] ] ] } },
{ "type": "Feature", "properties": { "predicted": 0.019 }, "geometry": { "type": "Polygon", "coordinates": [ [ [ -105.04586, 39.66392 ], [ -105.04003, 39.66392 ], [ -105.04004, 39.66842 ], [ -105.04587, 39.66842 ], [ -105.04586, 39.66392 ] ] ] } },
{ "type": "Feature", "properties": { "predicted": 0.011 }, "geometry": { "type": "Polygon", "coordinates": [ [ [ -105.04003, 39.66392 ], [ -105.0342, 39.66392 ], [ -105.03421, 39.66843 ], [ -105.04004, 39.66842 ], [ -105.04003, 39.66392 ] ] ] } },
{ "type": "Feature", "properties": { "predicted": 0.008 }, "geometry": { "type": "Polygon", "coordinates": [ [ [ -105.0342, 39.66392 ], [ -105.02838, 39.66392 ], [ -105.02838, 39.66843 ], [ -105.03421, 39.66843 ], [ -105.0342, 39.66392 ] ] ] } },
{ "type": "Feature", "properties": { "predicted": 0.008 }, "geometry": { "type": "Polygon", "coordinates": [ [ [ -105.02838, 39.66392 ], [ -105.02255, 39.66392 ], [ -105.02255, 39.66843 ], [ -105.02838, 39.66843 ], [ -105.02838, 39.66392 ] ] ] } },
{ "type": "Feature", "properties": { "predicted": 0.009 }, "geometry": { "type": "Polygon", "coordinates": [ [ [ -105.02255, 39.66392 ], [ -105.01672, 39.66392 ], [ -105.01672, 39.66843 ], [ -105.02255, 39.66843 ], [ -105.02255, 39.66392 ] ] ] } },
{ "type": "Feature", "properties": { "predicted": 0.015 }, "geometry": { "type": "Polygon", "coordinates": [ [ [ -105.01672, 39.66392 ], [ -105.01089, 39.66392 ], [ -105.01089, 39.66843 ], [ -105.01672, 39.66843 ], [ -105.01672, 39.66392 ] ] ] } },
{ "type": "Feature", "properties": { "predicted": 0.029 }, "geometry": { "type": "Polygon", "coordinates": [ [ [ -105.01089, 39.66392 ], [ -105.00506, 39.66392 ], [ -105.00506, 39.66843 ], [ -105.01089, 39.66843 ], [ -105.01089, 39.66392 ] ] ] } },
{ "type": "Feature", "properties": { "predicted": 0.024 }, "geometry": { "type": "Polygon", "coordinates": [ [ [ -105.00506, 39.66392 ], [ -104.99923, 39.66392 ], [ -104.99923, 39.66843 ], [ -105.00506, 39.66843 ], [ -105.00506, 39.66392 ] ] ] } },
{ "type": "Feature", "properties": { "predicted": 0.014 }, "geometry": { "type": "Polygon", "coordinates": [ [ [ -104.99923, 39.66392 ], [ -104.9934, 39.66392 ], [ -104.9934, 39.66843 ], [ -104.99923, 39.66843 ], [ -104.99923, 39.66392 ] ] ] } },
{ "type": "Feature", "properties": { "predicted": 0.011 }, "geometry": { "type": "Polygon", "coordinates": [ [ [ -104.9934, 39.66392 ], [ -104.98757, 39.66392 ], [ -104.98757, 39.66843 ], [ -104.9934, 39.66843 ], [ -104.9934, 39.66392 ] ] ] } },
{ "type": "Feature", "properties": { "predicted": 0.014 }, "geometry": { "type": "Polygon", "coordinates": [ [ [ -104.98757, 39.66392 ], [ -104.98174, 39.66392 ], [ -104.98174, 39.66843 ], [ -104.98757, 39.66843 ], [ -104.98757, 39.66392 ] ] ] } },
{ "type": "Feature", "properties": { "predicted": 0.011 }, "geometry": { "type": "Polygon", "coordinates": [ [ [ -104.98174, 39.66392 ], [ -104.97591, 39.66392 ], [ -104.97591, 39.66843 ], [ -104.98174, 39.66843 ], [ -104.98174, 39.66392 ] ] ] } },
{ "type": "Feature", "properties": { "predicted": 0.012 }, "geometry": { "type": "Polygon", "coordinates": [ [ [ -104.97591, 39.66392 ], [ -104.97008, 39.66392 ], [ -104.97008, 39.66843 ], [ -104.97591, 39.66843 ], [ -104.97591, 39.66392 ] ] ] } },
{ "type": "Feature", "properties": { "predicted": 0.013 }, "geometry": { "type": "Polygon", "coordinates": [ [ [ -104.97008, 39.66392 ], [ -104.96426, 39.66392 ], [ -104.96425, 39.66842 ], [ -104.97008, 39.66843 ], [ -104.97008, 39.66392 ] ] ] } },
{ "type": "Feature", "properties": { "predicted": 0.014 }, "geometry": { "type": "Polygon", "coordinates": [ [ [ -104.96426, 39.66392 ], [ -104.95843, 39.66392 ], [ -104.95842, 39.66842 ], [ -104.96425, 39.66842 ], [ -104.96426, 39.66392 ] ] ] } },
{ "type": "Feature", "properties": { "predicted": 0.022 }, "geometry": { "type": "Polygon", "coordinates": [ [ [ -104.95843, 39.66392 ], [ -104.9526, 39.66392 ], [ -104.95259, 39.66842 ], [ -104.95842, 39.66842 ], [ -104.95843, 39.66392 ] ] ] } },
{ "type": "Feature", "properties": { "predicted": 0.026 }, "geometry": { "type": "Polygon", "coordinates": [ [ [ -104.9526, 39.66392 ], [ -104.94677, 39.66391 ], [ -104.94676, 39.66842 ], [ -104.95259, 39.66842 ], [ -104.9526, 39.66392 ] ] ] } },
{ "type": "Feature", "properties": { "predicted": 0.022 }, "geometry": { "type": "Polygon", "coordinates": [ [ [ -104.94677, 39.66391 ], [ -104.94094, 39.66391 ], [ -104.94093, 39.66842 ], [ -104.94676, 39.66842 ], [ -104.94677, 39.66391 ] ] ] } },
{ "type": "Feature", "properties": { "predicted": 0.016 }, "geometry": { "type": "Polygon", "coordinates": [ [ [ -104.94094, 39.66391 ], [ -104.93511, 39.66391 ], [ -104.93511, 39.66841 ], [ -104.94093, 39.66842 ], [ -104.94094, 39.66391 ] ] ] } },
{ "type": "Feature", "properties": { "predicted": 0.011 }, "geometry": { "type": "Polygon", "coordinates": [ [ [ -104.93511, 39.66391 ], [ -104.92928, 39.6639 ], [ -104.92928, 39.66841 ], [ -104.93511, 39.66841 ], [ -104.93511, 39.66391 ] ] ] } },
{ "type": "Feature", "properties": { "predicted": 0.008 }, "geometry": { "type": "Polygon", "coordinates": [ [ [ -104.92928, 39.6639 ], [ -104.92345, 39.6639 ], [ -104.92345, 39.6684 ], [ -104.92928, 39.66841 ], [ -104.92928, 39.6639 ] ] ] } },
{ "type": "Feature", "properties": { "predicted": 0.004 }, "geometry": { "type": "Polygon", "coordinates": [ [ [ -104.92345, 39.6639 ], [ -104.91762, 39.6639 ], [ -104.91762, 39.6684 ], [ -104.92345, 39.6684 ], [ -104.92345, 39.6639 ] ] ] } },
{ "type": "Feature", "properties": { "predicted": 0.002 }, "geometry": { "type": "Polygon", "coordinates": [ [ [ -104.91762, 39.6639 ], [ -104.91179, 39.66389 ], [ -104.91179, 39.6684 ], [ -104.91762, 39.6684 ], [ -104.91762, 39.6639 ] ] ] } },
{ "type": "Feature", "properties": { "predicted": 0.002 }, "geometry": { "type": "Polygon", "coordinates": [ [ [ -104.91179, 39.66389 ], [ -104.90596, 39.66389 ], [ -104.90596, 39.66839 ], [ -104.91179, 39.6684 ], [ -104.91179, 39.66389 ] ] ] } },
{ "type": "Feature", "properties": { "predicted": 0.002 }, "geometry": { "type": "Polygon", "coordinates": [ [ [ -104.90596, 39.66389 ], [ -104.90014, 39.66388 ], [ -104.90013, 39.66839 ], [ -104.90596, 39.66839 ], [ -104.90596, 39.66389 ] ] ] } },
{ "type": "Feature", "properties": { "predicted": 0.001 }, "geometry": { "type": "Polygon", "coordinates": [ [ [ -104.90014, 39.66388 ], [ -104.89431, 39.66388 ], [ -104.8943, 39.66838 ], [ -104.90013, 39.66839 ], [ -104.90014, 39.66388 ] ] ] } },
{ "type": "Feature", "properties": { "predicted": 0.001 }, "geometry": { "type": "Polygon", "coordinates": [ [ [ -104.89431, 39.66388 ], [ -104.88848, 39.66387 ], [ -104.88847, 39.66838 ], [ -104.8943, 39.66838 ], [ -104.89431, 39.66388 ] ] ] } },
{ "type": "Feature", "properties": { "predicted": 0.001 }, "geometry": { "type": "Polygon", "coordinates": [ [ [ -104.88848, 39.66387 ], [ -104.88265, 39.66387 ], [ -104.88264, 39.66837 ], [ -104.88847, 39.66838 ], [ -104.88848, 39.66387 ] ] ] } },
{ "type": "Feature", "properties": { "predicted": 0.001 }, "geometry": { "type": "Polygon", "coordinates": [ [ [ -104.88265, 39.66387 ], [ -104.87682, 39.66386 ], [ -104.87681, 39.66836 ], [ -104.88264, 39.66837 ], [ -104.88265, 39.66387 ] ] ] } },
{ "type": "Feature", "properties": { "predicted": 0.001 }, "geometry": { "type": "Polygon", "coordinates": [ [ [ -104.87682, 39.66386 ], [ -104.87099, 39.66385 ], [ -104.87098, 39.66836 ], [ -104.87681, 39.66836 ], [ -104.87682, 39.66386 ] ] ] } },
{ "type": "Feature", "properties": { "predicted": 0.001 }, "geometry": { "type": "Polygon", "coordinates": [ [ [ -104.87099, 39.66385 ], [ -104.86516, 39.66385 ], [ -104.86515, 39.66835 ], [ -104.87098, 39.66836 ], [ -104.87099, 39.66385 ] ] ] } },
{ "type": "Feature", "properties": { "predicted": 0.006 }, "geometry": { "type": "Polygon", "coordinates": [ [ [ -105.08667, 39.6684 ], [ -105.08084, 39.6684 ], [ -105.08085, 39.67291 ], [ -105.08668, 39.6729 ], [ -105.08667, 39.6684 ] ] ] } },
{ "type": "Feature", "properties": { "predicted": 0.009 }, "geometry": { "type": "Polygon", "coordinates": [ [ [ -105.08084, 39.6684 ], [ -105.07501, 39.66841 ], [ -105.07502, 39.67291 ], [ -105.08085, 39.67291 ], [ -105.08084, 39.6684 ] ] ] } },
{ "type": "Feature", "properties": { "predicted": 0.009 }, "geometry": { "type": "Polygon", "coordinates": [ [ [ -105.07501, 39.66841 ], [ -105.06918, 39.66841 ], [ -105.06919, 39.67291 ], [ -105.07502, 39.67291 ], [ -105.07501, 39.66841 ] ] ] } },
{ "type": "Feature", "properties": { "predicted": 0.007 }, "geometry": { "type": "Polygon", "coordinates": [ [ [ -105.05752, 39.66842 ], [ -105.05169, 39.66842 ], [ -105.0517, 39.67292 ], [ -105.05753, 39.67292 ], [ -105.05752, 39.66842 ] ] ] } },
{ "type": "Feature", "properties": { "predicted": 0.009 }, "geometry": { "type": "Polygon", "coordinates": [ [ [ -105.05169, 39.66842 ], [ -105.04587, 39.66842 ], [ -105.04587, 39.67293 ], [ -105.0517, 39.67292 ], [ -105.05169, 39.66842 ] ] ] } },
{ "type": "Feature", "properties": { "predicted": 0.011 }, "geometry": { "type": "Polygon", "coordinates": [ [ [ -105.04587, 39.66842 ], [ -105.04004, 39.66842 ], [ -105.04004, 39.67293 ], [ -105.04587, 39.67293 ], [ -105.04587, 39.66842 ] ] ] } },
{ "type": "Feature", "properties": { "predicted": 0.012 }, "geometry": { "type": "Polygon", "coordinates": [ [ [ -105.04004, 39.66842 ], [ -105.03421, 39.66843 ], [ -105.03421, 39.67293 ], [ -105.04004, 39.67293 ], [ -105.04004, 39.66842 ] ] ] } },
{ "type": "Feature", "properties": { "predicted": 0.012 }, "geometry": { "type": "Polygon", "coordinates": [ [ [ -105.03421, 39.66843 ], [ -105.02838, 39.66843 ], [ -105.02838, 39.67293 ], [ -105.03421, 39.67293 ], [ -105.03421, 39.66843 ] ] ] } },
{ "type": "Feature", "properties": { "predicted": 0.014 }, "geometry": { "type": "Polygon", "coordinates": [ [ [ -105.02838, 39.66843 ], [ -105.02255, 39.66843 ], [ -105.02255, 39.67293 ], [ -105.02838, 39.67293 ], [ -105.02838, 39.66843 ] ] ] } },
{ "type": "Feature", "properties": { "predicted": 0.017 }, "geometry": { "type": "Polygon", "coordinates": [ [ [ -105.02255, 39.66843 ], [ -105.01672, 39.66843 ], [ -105.01672, 39.67293 ], [ -105.02255, 39.67293 ], [ -105.02255, 39.66843 ] ] ] } },
{ "type": "Feature", "properties": { "predicted": 0.022 }, "geometry": { "type": "Polygon", "coordinates": [ [ [ -105.01672, 39.66843 ], [ -105.01089, 39.66843 ], [ -105.01089, 39.67293 ], [ -105.01672, 39.67293 ], [ -105.01672, 39.66843 ] ] ] } },
{ "type": "Feature", "properties": { "predicted": 0.032 }, "geometry": { "type": "Polygon", "coordinates": [ [ [ -105.01089, 39.66843 ], [ -105.00506, 39.66843 ], [ -105.00506, 39.67294 ], [ -105.01089, 39.67293 ], [ -105.01089, 39.66843 ] ] ] } },
{ "type": "Feature", "properties": { "predicted": 0.028 }, "geometry": { "type": "Polygon", "coordinates": [ [ [ -105.00506, 39.66843 ], [ -104.99923, 39.66843 ], [ -104.99923, 39.67294 ], [ -105.00506, 39.67294 ], [ -105.00506, 39.66843 ] ] ] } },
{ "type": "Feature", "properties": { "predicted": 0.025 }, "geometry": { "type": "Polygon", "coordinates": [ [ [ -104.99923, 39.66843 ], [ -104.9934, 39.66843 ], [ -104.9934, 39.67294 ], [ -104.99923, 39.67294 ], [ -104.99923, 39.66843 ] ] ] } },
{ "type": "Feature", "properties": { "predicted": 0.016 }, "geometry": { "type": "Polygon", "coordinates": [ [ [ -104.9934, 39.66843 ], [ -104.98757, 39.66843 ], [ -104.98757, 39.67293 ], [ -104.9934, 39.67294 ], [ -104.9934, 39.66843 ] ] ] } },
{ "type": "Feature", "properties": { "predicted": 0.022 }, "geometry": { "type": "Polygon", "coordinates": [ [ [ -104.98757, 39.66843 ], [ -104.98174, 39.66843 ], [ -104.98174, 39.67293 ], [ -104.98757, 39.67293 ], [ -104.98757, 39.66843 ] ] ] } },
{ "type": "Feature", "properties": { "predicted": 0.022 }, "geometry": { "type": "Polygon", "coordinates": [ [ [ -104.98174, 39.66843 ], [ -104.97591, 39.66843 ], [ -104.97591, 39.67293 ], [ -104.98174, 39.67293 ], [ -104.98174, 39.66843 ] ] ] } },
{ "type": "Feature", "properties": { "predicted": 0.016 }, "geometry": { "type": "Polygon", "coordinates": [ [ [ -104.97591, 39.66843 ], [ -104.97008, 39.66843 ], [ -104.97008, 39.67293 ], [ -104.97591, 39.67293 ], [ -104.97591, 39.66843 ] ] ] } },
{ "type": "Feature", "properties": { "predicted": 0.015 }, "geometry": { "type": "Polygon", "coordinates": [ [ [ -104.97008, 39.66843 ], [ -104.96425, 39.66842 ], [ -104.96425, 39.67293 ], [ -104.97008, 39.67293 ], [ -104.97008, 39.66843 ] ] ] } },
{ "type": "Feature", "properties": { "predicted": 0.019 }, "geometry": { "type": "Polygon", "coordinates": [ [ [ -104.96425, 39.66842 ], [ -104.95842, 39.66842 ], [ -104.95842, 39.67293 ], [ -104.96425, 39.67293 ], [ -104.96425, 39.66842 ] ] ] } },
{ "type": "Feature", "properties": { "predicted": 0.016 }, "geometry": { "type": "Polygon", "coordinates": [ [ [ -104.95842, 39.66842 ], [ -104.95259, 39.66842 ], [ -104.95259, 39.67293 ], [ -104.95842, 39.67293 ], [ -104.95842, 39.66842 ] ] ] } },
{ "type": "Feature", "properties": { "predicted": 0.016 }, "geometry": { "type": "Polygon", "coordinates": [ [ [ -104.95259, 39.66842 ], [ -104.94676, 39.66842 ], [ -104.94676, 39.67292 ], [ -104.95259, 39.67293 ], [ -104.95259, 39.66842 ] ] ] } },
{ "type": "Feature", "properties": { "predicted": 0.016 }, "geometry": { "type": "Polygon", "coordinates": [ [ [ -104.94676, 39.66842 ], [ -104.94093, 39.66842 ], [ -104.94093, 39.67292 ], [ -104.94676, 39.67292 ], [ -104.94676, 39.66842 ] ] ] } },
{ "type": "Feature", "properties": { "predicted": 0.011 }, "geometry": { "type": "Polygon", "coordinates": [ [ [ -104.94093, 39.66842 ], [ -104.93511, 39.66841 ], [ -104.9351, 39.67292 ], [ -104.94093, 39.67292 ], [ -104.94093, 39.66842 ] ] ] } },
{ "type": "Feature", "properties": { "predicted": 0.008 }, "geometry": { "type": "Polygon", "coordinates": [ [ [ -104.93511, 39.66841 ], [ -104.92928, 39.66841 ], [ -104.92927, 39.67291 ], [ -104.9351, 39.67292 ], [ -104.93511, 39.66841 ] ] ] } },
{ "type": "Feature", "properties": { "predicted": 0.004 }, "geometry": { "type": "Polygon", "coordinates": [ [ [ -104.92928, 39.66841 ], [ -104.92345, 39.6684 ], [ -104.92344, 39.67291 ], [ -104.92927, 39.67291 ], [ -104.92928, 39.66841 ] ] ] } },
{ "type": "Feature", "properties": { "predicted": 0.002 }, "geometry": { "type": "Polygon", "coordinates": [ [ [ -104.91762, 39.6684 ], [ -104.91179, 39.6684 ], [ -104.91178, 39.6729 ], [ -104.91761, 39.67291 ], [ -104.91762, 39.6684 ] ] ] } },
{ "type": "Feature", "properties": { "predicted": 0.003 }, "geometry": { "type": "Polygon", "coordinates": [ [ [ -104.91179, 39.6684 ], [ -104.90596, 39.66839 ], [ -104.90595, 39.6729 ], [ -104.91178, 39.6729 ], [ -104.91179, 39.6684 ] ] ] } },
{ "type": "Feature", "properties": { "predicted": 0.001 }, "geometry": { "type": "Polygon", "coordinates": [ [ [ -104.90596, 39.66839 ], [ -104.90013, 39.66839 ], [ -104.90012, 39.67289 ], [ -104.90595, 39.6729 ], [ -104.90596, 39.66839 ] ] ] } },
{ "type": "Feature", "properties": { "predicted": 0.002 }, "geometry": { "type": "Polygon", "coordinates": [ [ [ -104.88264, 39.66837 ], [ -104.87681, 39.66836 ], [ -104.8768, 39.67287 ], [ -104.88263, 39.67288 ], [ -104.88264, 39.66837 ] ] ] } },
{ "type": "Feature", "properties": { "predicted": 0.001 }, "geometry": { "type": "Polygon", "coordinates": [ [ [ -104.87681, 39.66836 ], [ -104.87098, 39.66836 ], [ -104.87097, 39.67286 ], [ -104.8768, 39.67287 ], [ -104.87681, 39.66836 ] ] ] } },
{ "type": "Feature", "properties": { "predicted": 0.001 }, "geometry": { "type": "Polygon", "coordinates": [ [ [ -104.87098, 39.66836 ], [ -104.86515, 39.66835 ], [ -104.86514, 39.67286 ], [ -104.87097, 39.67286 ], [ -104.87098, 39.66836 ] ] ] } },
{ "type": "Feature", "properties": { "predicted": 0.006 }, "geometry": { "type": "Polygon", "coordinates": [ [ [ -105.06336, 39.67292 ], [ -105.05753, 39.67292 ], [ -105.05753, 39.67743 ], [ -105.06336, 39.67742 ], [ -105.06336, 39.67292 ] ] ] } },
{ "type": "Feature", "properties": { "predicted": 0.008 }, "geometry": { "type": "Polygon", "coordinates": [ [ [ -105.05753, 39.67292 ], [ -105.0517, 39.67292 ], [ -105.0517, 39.67743 ], [ -105.05753, 39.67743 ], [ -105.05753, 39.67292 ] ] ] } },
{ "type": "Feature", "properties": { "predicted": 0.014 }, "geometry": { "type": "Polygon", "coordinates": [ [ [ -105.0517, 39.67292 ], [ -105.04587, 39.67293 ], [ -105.04587, 39.67743 ], [ -105.0517, 39.67743 ], [ -105.0517, 39.67292 ] ] ] } },
{ "type": "Feature", "properties": { "predicted": 0.016 }, "geometry": { "type": "Polygon", "coordinates": [ [ [ -105.04587, 39.67293 ], [ -105.04004, 39.67293 ], [ -105.04004, 39.67743 ], [ -105.04587, 39.67743 ], [ -105.04587, 39.67293 ] ] ] } },
{ "type": "Feature", "properties": { "predicted": 0.017 }, "geometry": { "type": "Polygon", "coordinates": [ [ [ -105.04004, 39.67293 ], [ -105.03421, 39.67293 ], [ -105.03421, 39.67744 ], [ -105.04004, 39.67743 ], [ -105.04004, 39.67293 ] ] ] } },
{ "type": "Feature", "properties": { "predicted": 0.017 }, "geometry": { "type": "Polygon", "coordinates": [ [ [ -105.03421, 39.67293 ], [ -105.02838, 39.67293 ], [ -105.02838, 39.67744 ], [ -105.03421, 39.67744 ], [ -105.03421, 39.67293 ] ] ] } },
{ "type": "Feature", "properties": { "predicted": 0.016 }, "geometry": { "type": "Polygon", "coordinates": [ [ [ -105.02838, 39.67293 ], [ -105.02255, 39.67293 ], [ -105.02255, 39.67744 ], [ -105.02838, 39.67744 ], [ -105.02838, 39.67293 ] ] ] } },
{ "type": "Feature", "properties": { "predicted": 0.012 }, "geometry": { "type": "Polygon", "coordinates": [ [ [ -105.02255, 39.67293 ], [ -105.01672, 39.67293 ], [ -105.01672, 39.67744 ], [ -105.02255, 39.67744 ], [ -105.02255, 39.67293 ] ] ] } },
{ "type": "Feature", "properties": { "predicted": 0.014 }, "geometry": { "type": "Polygon", "coordinates": [ [ [ -105.01672, 39.67293 ], [ -105.01089, 39.67293 ], [ -105.01089, 39.67744 ], [ -105.01672, 39.67744 ], [ -105.01672, 39.67293 ] ] ] } },
{ "type": "Feature", "properties": { "predicted": 0.037 }, "geometry": { "type": "Polygon", "coordinates": [ [ [ -105.01089, 39.67293 ], [ -105.00506, 39.67294 ], [ -105.00506, 39.67744 ], [ -105.01089, 39.67744 ], [ -105.01089, 39.67293 ] ] ] } },
{ "type": "Feature", "properties": { "predicted": 0.028 }, "geometry": { "type": "Polygon", "coordinates": [ [ [ -105.00506, 39.67294 ], [ -104.99923, 39.67294 ], [ -104.99923, 39.67744 ], [ -105.00506, 39.67744 ], [ -105.00506, 39.67294 ] ] ] } },
{ "type": "Feature", "properties": { "predicted": 0.033 }, "geometry": { "type": "Polygon", "coordinates": [ [ [ -104.99923, 39.67294 ], [ -104.9934, 39.67294 ], [ -104.9934, 39.67744 ], [ -104.99923, 39.67744 ], [ -104.99923, 39.67294 ] ] ] } },
{ "type": "Feature", "properties": { "predicted": 0.024 }, "geometry": { "type": "Polygon", "coordinates": [ [ [ -104.9934, 39.67294 ], [ -104.98757, 39.67293 ], [ -104.98757, 39.67744 ], [ -104.9934, 39.67744 ], [ -104.9934, 39.67294 ] ] ] } },
{ "type": "Feature", "properties": { "predicted": 0.03 }, "geometry": { "type": "Polygon", "coordinates": [ [ [ -104.98757, 39.67293 ], [ -104.98174, 39.67293 ], [ -104.98174, 39.67744 ], [ -104.98757, 39.67744 ], [ -104.98757, 39.67293 ] ] ] } },
{ "type": "Feature", "properties": { "predicted": 0.023 }, "geometry": { "type": "Polygon", "coordinates": [ [ [ -104.98174, 39.67293 ], [ -104.97591, 39.67293 ], [ -104.97591, 39.67744 ], [ -104.98174, 39.67744 ], [ -104.98174, 39.67293 ] ] ] } },
{ "type": "Feature", "properties": { "predicted": 0.02 }, "geometry": { "type": "Polygon", "coordinates": [ [ [ -104.97591, 39.67293 ], [ -104.97008, 39.67293 ], [ -104.97008, 39.67744 ], [ -104.97591, 39.67744 ], [ -104.97591, 39.67293 ] ] ] } },
{ "type": "Feature", "properties": { "predicted": 0.019 }, "geometry": { "type": "Polygon", "coordinates": [ [ [ -104.97008, 39.67293 ], [ -104.96425, 39.67293 ], [ -104.96425, 39.67743 ], [ -104.97008, 39.67744 ], [ -104.97008, 39.67293 ] ] ] } },
{ "type": "Feature", "properties": { "predicted": 0.015 }, "geometry": { "type": "Polygon", "coordinates": [ [ [ -104.96425, 39.67293 ], [ -104.95842, 39.67293 ], [ -104.95842, 39.67743 ], [ -104.96425, 39.67743 ], [ -104.96425, 39.67293 ] ] ] } },
{ "type": "Feature", "properties": { "predicted": 0.009 }, "geometry": { "type": "Polygon", "coordinates": [ [ [ -104.95842, 39.67293 ], [ -104.95259, 39.67293 ], [ -104.95259, 39.67743 ], [ -104.95842, 39.67743 ], [ -104.95842, 39.67293 ] ] ] } },
{ "type": "Feature", "properties": { "predicted": 0.009 }, "geometry": { "type": "Polygon", "coordinates": [ [ [ -104.95259, 39.67293 ], [ -104.94676, 39.67292 ], [ -104.94676, 39.67743 ], [ -104.95259, 39.67743 ], [ -104.95259, 39.67293 ] ] ] } },
{ "type": "Feature", "properties": { "predicted": 0.008 }, "geometry": { "type": "Polygon", "coordinates": [ [ [ -104.94676, 39.67292 ], [ -104.94093, 39.67292 ], [ -104.94093, 39.67743 ], [ -104.94676, 39.67743 ], [ -104.94676, 39.67292 ] ] ] } },
{ "type": "Feature", "properties": { "predicted": 0.007 }, "geometry": { "type": "Polygon", "coordinates": [ [ [ -104.94093, 39.67292 ], [ -104.9351, 39.67292 ], [ -104.9351, 39.67742 ], [ -104.94093, 39.67743 ], [ -104.94093, 39.67292 ] ] ] } },
{ "type": "Feature", "properties": { "predicted": 0.005 }, "geometry": { "type": "Polygon", "coordinates": [ [ [ -104.9351, 39.67292 ], [ -104.92927, 39.67291 ], [ -104.92927, 39.67742 ], [ -104.9351, 39.67742 ], [ -104.9351, 39.67292 ] ] ] } },
{ "type": "Feature", "properties": { "predicted": 0.003 }, "geometry": { "type": "Polygon", "coordinates": [ [ [ -104.92927, 39.67291 ], [ -104.92344, 39.67291 ], [ -104.92344, 39.67742 ], [ -104.92927, 39.67742 ], [ -104.92927, 39.67291 ] ] ] } },
{ "type": "Feature", "properties": { "predicted": 0.002 }, "geometry": { "type": "Polygon", "coordinates": [ [ [ -104.92344, 39.67291 ], [ -104.91761, 39.67291 ], [ -104.91761, 39.67741 ], [ -104.92344, 39.67742 ], [ -104.92344, 39.67291 ] ] ] } },
{ "type": "Feature", "properties": { "predicted": 0.003 }, "geometry": { "type": "Polygon", "coordinates": [ [ [ -104.91761, 39.67291 ], [ -104.91178, 39.6729 ], [ -104.91178, 39.67741 ], [ -104.91761, 39.67741 ], [ -104.91761, 39.67291 ] ] ] } },
{ "type": "Feature", "properties": { "predicted": 0.002 }, "geometry": { "type": "Polygon", "coordinates": [ [ [ -104.91178, 39.6729 ], [ -104.90595, 39.6729 ], [ -104.90595, 39.6774 ], [ -104.91178, 39.67741 ], [ -104.91178, 39.6729 ] ] ] } },
{ "type": "Feature", "properties": { "predicted": 0.002 }, "geometry": { "type": "Polygon", "coordinates": [ [ [ -104.90595, 39.6729 ], [ -104.90012, 39.67289 ], [ -104.90012, 39.6774 ], [ -104.90595, 39.6774 ], [ -104.90595, 39.6729 ] ] ] } },
{ "type": "Feature", "properties": { "predicted": 0.001 }, "geometry": { "type": "Polygon", "coordinates": [ [ [ -104.8768, 39.67287 ], [ -104.87097, 39.67286 ], [ -104.87096, 39.67737 ], [ -104.87679, 39.67738 ], [ -104.8768, 39.67287 ] ] ] } },
{ "type": "Feature", "properties": { "predicted": 0.0 }, "geometry": { "type": "Polygon", "coordinates": [ [ [ -104.87097, 39.67286 ], [ -104.86514, 39.67286 ], [ -104.86513, 39.67736 ], [ -104.87096, 39.67737 ], [ -104.87097, 39.67286 ] ] ] } },
{ "type": "Feature", "properties": { "predicted": 0.009 }, "geometry": { "type": "Polygon", "coordinates": [ [ [ -105.06336, 39.67742 ], [ -105.05753, 39.67743 ], [ -105.05754, 39.68193 ], [ -105.06337, 39.68193 ], [ -105.06336, 39.67742 ] ] ] } },
{ "type": "Feature", "properties": { "predicted": 0.012 }, "geometry": { "type": "Polygon", "coordinates": [ [ [ -105.05753, 39.67743 ], [ -105.0517, 39.67743 ], [ -105.0517, 39.68193 ], [ -105.05754, 39.68193 ], [ -105.05753, 39.67743 ] ] ] } },
{ "type": "Feature", "properties": { "predicted": 0.02 }, "geometry": { "type": "Polygon", "coordinates": [ [ [ -105.0517, 39.67743 ], [ -105.04587, 39.67743 ], [ -105.04587, 39.68194 ], [ -105.0517, 39.68193 ], [ -105.0517, 39.67743 ] ] ] } },
{ "type": "Feature", "properties": { "predicted": 0.023 }, "geometry": { "type": "Polygon", "coordinates": [ [ [ -105.04587, 39.67743 ], [ -105.04004, 39.67743 ], [ -105.04004, 39.68194 ], [ -105.04587, 39.68194 ], [ -105.04587, 39.67743 ] ] ] } },
{ "type": "Feature", "properties": { "predicted": 0.025 }, "geometry": { "type": "Polygon", "coordinates": [ [ [ -105.04004, 39.67743 ], [ -105.03421, 39.67744 ], [ -105.03421, 39.68194 ], [ -105.04004, 39.68194 ], [ -105.04004, 39.67743 ] ] ] } },
{ "type": "Feature", "properties": { "predicted": 0.022 }, "geometry": { "type": "Polygon", "coordinates": [ [ [ -105.03421, 39.67744 ], [ -105.02838, 39.67744 ], [ -105.02838, 39.68194 ], [ -105.03421, 39.68194 ], [ -105.03421, 39.67744 ] ] ] } },
{ "type": "Feature", "properties": { "predicted": 0.018 }, "geometry": { "type": "Polygon", "coordinates": [ [ [ -105.02838, 39.67744 ], [ -105.02255, 39.67744 ], [ -105.02255, 39.68194 ], [ -105.02838, 39.68194 ], [ -105.02838, 39.67744 ] ] ] } },
{ "type": "Feature", "properties": { "predicted": 0.015 }, "geometry": { "type": "Polygon", "coordinates": [ [ [ -105.02255, 39.67744 ], [ -105.01672, 39.67744 ], [ -105.01672, 39.68194 ], [ -105.02255, 39.68194 ], [ -105.02255, 39.67744 ] ] ] } },
{ "type": "Feature", "properties": { "predicted": 0.018 }, "geometry": { "type": "Polygon", "coordinates": [ [ [ -105.01672, 39.67744 ], [ -105.01089, 39.67744 ], [ -105.01089, 39.68195 ], [ -105.01672, 39.68194 ], [ -105.01672, 39.67744 ] ] ] } },
{ "type": "Feature", "properties": { "predicted": 0.036 }, "geometry": { "type": "Polygon", "coordinates": [ [ [ -105.01089, 39.67744 ], [ -105.00506, 39.67744 ], [ -105.00506, 39.68195 ], [ -105.01089, 39.68195 ], [ -105.01089, 39.67744 ] ] ] } },
{ "type": "Feature", "properties": { "predicted": 0.056 }, "geometry": { "type": "Polygon", "coordinates": [ [ [ -105.00506, 39.67744 ], [ -104.99923, 39.67744 ], [ -104.99923, 39.68195 ], [ -105.00506, 39.68195 ], [ -105.00506, 39.67744 ] ] ] } },
{ "type": "Feature", "properties": { "predicted": 0.042 }, "geometry": { "type": "Polygon", "coordinates": [ [ [ -104.99923, 39.67744 ], [ -104.9934, 39.67744 ], [ -104.9934, 39.68195 ], [ -104.99923, 39.68195 ], [ -104.99923, 39.67744 ] ] ] } },
{ "type": "Feature", "properties": { "predicted": 0.039 }, "geometry": { "type": "Polygon", "coordinates": [ [ [ -104.9934, 39.67744 ], [ -104.98757, 39.67744 ], [ -104.98757, 39.68194 ], [ -104.9934, 39.68195 ], [ -104.9934, 39.67744 ] ] ] } },
{ "type": "Feature", "properties": { "predicted": 0.041 }, "geometry": { "type": "Polygon", "coordinates": [ [ [ -104.98757, 39.67744 ], [ -104.98174, 39.67744 ], [ -104.98174, 39.68194 ], [ -104.98757, 39.68194 ], [ -104.98757, 39.67744 ] ] ] } },
{ "type": "Feature", "properties": { "predicted": 0.035 }, "geometry": { "type": "Polygon", "coordinates": [ [ [ -104.98174, 39.67744 ], [ -104.97591, 39.67744 ], [ -104.97591, 39.68194 ], [ -104.98174, 39.68194 ], [ -104.98174, 39.67744 ] ] ] } },
{ "type": "Feature", "properties": { "predicted": 0.03 }, "geometry": { "type": "Polygon", "coordinates": [ [ [ -104.97591, 39.67744 ], [ -104.97008, 39.67744 ], [ -104.97008, 39.68194 ], [ -104.97591, 39.68194 ], [ -104.97591, 39.67744 ] ] ] } },
{ "type": "Feature", "properties": { "predicted": 0.025 }, "geometry": { "type": "Polygon", "coordinates": [ [ [ -104.97008, 39.67744 ], [ -104.96425, 39.67743 ], [ -104.96425, 39.68194 ], [ -104.97008, 39.68194 ], [ -104.97008, 39.67744 ] ] ] } },
{ "type": "Feature", "properties": { "predicted": 0.023 }, "geometry": { "type": "Polygon", "coordinates": [ [ [ -104.96425, 39.67743 ], [ -104.95842, 39.67743 ], [ -104.95842, 39.68194 ], [ -104.96425, 39.68194 ], [ -104.96425, 39.67743 ] ] ] } },
{ "type": "Feature", "properties": { "predicted": 0.013 }, "geometry": { "type": "Polygon", "coordinates": [ [ [ -104.95842, 39.67743 ], [ -104.95259, 39.67743 ], [ -104.95258, 39.68194 ], [ -104.95842, 39.68194 ], [ -104.95842, 39.67743 ] ] ] } },
{ "type": "Feature", "properties": { "predicted": 0.009 }, "geometry": { "type": "Polygon", "coordinates": [ [ [ -104.95259, 39.67743 ], [ -104.94676, 39.67743 ], [ -104.94675, 39.68193 ], [ -104.95258, 39.68194 ], [ -104.95259, 39.67743 ] ] ] } },
{ "type": "Feature", "properties": { "predicted": 0.007 }, "geometry": { "type": "Polygon", "coordinates": [ [ [ -104.94676, 39.67743 ], [ -104.94093, 39.67743 ], [ -104.94092, 39.68193 ], [ -104.94675, 39.68193 ], [ -104.94676, 39.67743 ] ] ] } },
{ "type": "Feature", "properties": { "predicted": 0.006 }, "geometry": { "type": "Polygon", "coordinates": [ [ [ -104.94093, 39.67743 ], [ -104.9351, 39.67742 ], [ -104.93509, 39.68193 ], [ -104.94092, 39.68193 ], [ -104.94093, 39.67743 ] ] ] } },
{ "type": "Feature", "properties": { "predicted": 0.005 }, "geometry": { "type": "Polygon", "coordinates": [ [ [ -104.9351, 39.67742 ], [ -104.92927, 39.67742 ], [ -104.92926, 39.68192 ], [ -104.93509, 39.68193 ], [ -104.9351, 39.67742 ] ] ] } },
{ "type": "Feature", "properties": { "predicted": 0.003 }, "geometry": { "type": "Polygon", "coordinates": [ [ [ -104.92927, 39.67742 ], [ -104.92344, 39.67742 ], [ -104.92343, 39.68192 ], [ -104.92926, 39.68192 ], [ -104.92927, 39.67742 ] ] ] } },
{ "type": "Feature", "properties": { "predicted": 0.002 }, "geometry": { "type": "Polygon", "coordinates": [ [ [ -104.92344, 39.67742 ], [ -104.91761, 39.67741 ], [ -104.9176, 39.68192 ], [ -104.92343, 39.68192 ], [ -104.92344, 39.67742 ] ] ] } },
{ "type": "Feature", "properties": { "predicted": 0.002 }, "geometry": { "type": "Polygon", "coordinates": [ [ [ -104.91761, 39.67741 ], [ -104.91178, 39.67741 ], [ -104.91177, 39.68191 ], [ -104.9176, 39.68192 ], [ -104.91761, 39.67741 ] ] ] } },
{ "type": "Feature", "properties": { "predicted": 0.003 }, "geometry": { "type": "Polygon", "coordinates": [ [ [ -104.91178, 39.67741 ], [ -104.90595, 39.6774 ], [ -104.90594, 39.68191 ], [ -104.91177, 39.68191 ], [ -104.91178, 39.67741 ] ] ] } },
{ "type": "Feature", "properties": { "predicted": 0.004 }, "geometry": { "type": "Polygon", "coordinates": [ [ [ -104.90595, 39.6774 ], [ -104.90012, 39.6774 ], [ -104.90011, 39.6819 ], [ -104.90594, 39.68191 ], [ -104.90595, 39.6774 ] ] ] } },
{ "type": "Feature", "properties": { "predicted": 0.005 }, "geometry": { "type": "Polygon", "coordinates": [ [ [ -104.90012, 39.6774 ], [ -104.89429, 39.67739 ], [ -104.89428, 39.6819 ], [ -104.90011, 39.6819 ], [ -104.90012, 39.6774 ] ] ] } },
{ "type": "Feature", "properties": { "predicted": 0.004 }, "geometry": { "type": "Polygon", "coordinates": [ [ [ -104.89429, 39.67739 ], [ -104.88846, 39.67739 ], [ -104.88845, 39.68189 ], [ -104.89428, 39.6819 ], [ -104.89429, 39.67739 ] ] ] } },
{ "type": "Feature", "properties": { "predicted": 0.011 }, "geometry": { "type": "Polygon", "coordinates": [ [ [ -105.06337, 39.68193 ], [ -105.05754, 39.68193 ], [ -105.05754, 39.68644 ], [ -105.06337, 39.68643 ], [ -105.06337, 39.68193 ] ] ] } },
{ "type": "Feature", "properties": { "predicted": 0.018 }, "geometry": { "type": "Polygon", "coordinates": [ [ [ -105.05754, 39.68193 ], [ -105.0517, 39.68193 ], [ -105.05171, 39.68644 ], [ -105.05754, 39.68644 ], [ -105.05754, 39.68193 ] ] ] } },
{ "type": "Feature", "properties": { "predicted": 0.029 }, "geometry": { "type": "Polygon", "coordinates": [ [ [ -105.0517, 39.68193 ], [ -105.04587, 39.68194 ], [ -105.04588, 39.68644 ], [ -105.05171, 39.68644 ], [ -105.0517, 39.68193 ] ] ] } },
{ "type": "Feature", "properties": { "predicted": 0.039 }, "geometry": { "type": "Polygon", "coordinates": [ [ [ -105.04587, 39.68194 ], [ -105.04004, 39.68194 ], [ -105.04005, 39.68644 ], [ -105.04588, 39.68644 ], [ -105.04587, 39.68194 ] ] ] } },
{ "type": "Feature", "properties": { "predicted": 0.047 }, "geometry": { "type": "Polygon", "coordinates": [ [ [ -105.04004, 39.68194 ], [ -105.03421, 39.68194 ], [ -105.03422, 39.68645 ], [ -105.04005, 39.68644 ], [ -105.04004, 39.68194 ] ] ] } },
{ "type": "Feature", "properties": { "predicted": 0.041 }, "geometry": { "type": "Polygon", "coordinates": [ [ [ -105.03421, 39.68194 ], [ -105.02838, 39.68194 ], [ -105.02838, 39.68645 ], [ -105.03422, 39.68645 ], [ -105.03421, 39.68194 ] ] ] } },
{ "type": "Feature", "properties": { "predicted": 0.03 }, "geometry": { "type": "Polygon", "coordinates": [ [ [ -105.02838, 39.68194 ], [ -105.02255, 39.68194 ], [ -105.02255, 39.68645 ], [ -105.02838, 39.68645 ], [ -105.02838, 39.68194 ] ] ] } },
{ "type": "Feature", "properties": { "predicted": 0.022 }, "geometry": { "type": "Polygon", "coordinates": [ [ [ -105.02255, 39.68194 ], [ -105.01672, 39.68194 ], [ -105.01672, 39.68645 ], [ -105.02255, 39.68645 ], [ -105.02255, 39.68194 ] ] ] } },
{ "type": "Feature", "properties": { "predicted": 0.021 }, "geometry": { "type": "Polygon", "coordinates": [ [ [ -105.01672, 39.68194 ], [ -105.01089, 39.68195 ], [ -105.01089, 39.68645 ], [ -105.01672, 39.68645 ], [ -105.01672, 39.68194 ] ] ] } },
{ "type": "Feature", "properties": { "predicted": 0.036 }, "geometry": { "type": "Polygon", "coordinates": [ [ [ -105.01089, 39.68195 ], [ -105.00506, 39.68195 ], [ -105.00506, 39.68645 ], [ -105.01089, 39.68645 ], [ -105.01089, 39.68195 ] ] ] } },
{ "type": "Feature", "properties": { "predicted": 0.096 }, "geometry": { "type": "Polygon", "coordinates": [ [ [ -105.00506, 39.68195 ], [ -104.99923, 39.68195 ], [ -104.99923, 39.68645 ], [ -105.00506, 39.68645 ], [ -105.00506, 39.68195 ] ] ] } },
{ "type": "Feature", "properties": { "predicted": 0.05 }, "geometry": { "type": "Polygon", "coordinates": [ [ [ -104.99923, 39.68195 ], [ -104.9934, 39.68195 ], [ -104.9934, 39.68645 ], [ -104.99923, 39.68645 ], [ -104.99923, 39.68195 ] ] ] } },
{ "type": "Feature", "properties": { "predicted": 0.054 }, "geometry": { "type": "Polygon", "coordinates": [ [ [ -104.9934, 39.68195 ], [ -104.98757, 39.68194 ], [ -104.98757, 39.68645 ], [ -104.9934, 39.68645 ], [ -104.9934, 39.68195 ] ] ] } },
{ "type": "Feature", "properties": { "predicted": 0.054 }, "geometry": { "type": "Polygon", "coordinates": [ [ [ -104.98757, 39.68194 ], [ -104.98174, 39.68194 ], [ -104.98174, 39.68645 ], [ -104.98757, 39.68645 ], [ -104.98757, 39.68194 ] ] ] } },
{ "type": "Feature", "properties": { "predicted": 0.056 }, "geometry": { "type": "Polygon", "coordinates": [ [ [ -104.98174, 39.68194 ], [ -104.97591, 39.68194 ], [ -104.97591, 39.68645 ], [ -104.98174, 39.68645 ], [ -104.98174, 39.68194 ] ] ] } },
{ "type": "Feature", "properties": { "predicted": 0.044 }, "geometry": { "type": "Polygon", "coordinates": [ [ [ -104.97591, 39.68194 ], [ -104.97008, 39.68194 ], [ -104.97007, 39.68645 ], [ -104.97591, 39.68645 ], [ -104.97591, 39.68194 ] ] ] } },
{ "type": "Feature", "properties": { "predicted": 0.043 }, "geometry": { "type": "Polygon", "coordinates": [ [ [ -104.97008, 39.68194 ], [ -104.96425, 39.68194 ], [ -104.96424, 39.68645 ], [ -104.97007, 39.68645 ], [ -104.97008, 39.68194 ] ] ] } },
{ "type": "Feature", "properties": { "predicted": 0.046 }, "geometry": { "type": "Polygon", "coordinates": [ [ [ -104.96425, 39.68194 ], [ -104.95842, 39.68194 ], [ -104.95841, 39.68644 ], [ -104.96424, 39.68645 ], [ -104.96425, 39.68194 ] ] ] } },
{ "type": "Feature", "properties": { "predicted": 0.029 }, "geometry": { "type": "Polygon", "coordinates": [ [ [ -104.95842, 39.68194 ], [ -104.95258, 39.68194 ], [ -104.95258, 39.68644 ], [ -104.95841, 39.68644 ], [ -104.95842, 39.68194 ] ] ] } },
{ "type": "Feature", "properties": { "predicted": 0.017 }, "geometry": { "type": "Polygon", "coordinates": [ [ [ -104.95258, 39.68194 ], [ -104.94675, 39.68193 ], [ -104.94675, 39.68644 ], [ -104.95258, 39.68644 ], [ -104.95258, 39.68194 ] ] ] } },
{ "type": "Feature", "properties": { "predicted": 0.009 }, "geometry": { "type": "Polygon", "coordinates": [ [ [ -104.94675, 39.68193 ], [ -104.94092, 39.68193 ], [ -104.94092, 39.68644 ], [ -104.94675, 39.68644 ], [ -104.94675, 39.68193 ] ] ] } },
{ "type": "Feature", "properties": { "predicted": 0.005 }, "geometry": { "type": "Polygon", "coordinates": [ [ [ -104.94092, 39.68193 ], [ -104.93509, 39.68193 ], [ -104.93509, 39.68643 ], [ -104.94092, 39.68644 ], [ -104.94092, 39.68193 ] ] ] } },
{ "type": "Feature", "properties": { "predicted": 0.003 }, "geometry": { "type": "Polygon", "coordinates": [ [ [ -104.93509, 39.68193 ], [ -104.92926, 39.68192 ], [ -104.92926, 39.68643 ], [ -104.93509, 39.68643 ], [ -104.93509, 39.68193 ] ] ] } },
{ "type": "Feature", "properties": { "predicted": 0.002 }, "geometry": { "type": "Polygon", "coordinates": [ [ [ -104.92926, 39.68192 ], [ -104.92343, 39.68192 ], [ -104.92343, 39.68643 ], [ -104.92926, 39.68643 ], [ -104.92926, 39.68192 ] ] ] } },
{ "type": "Feature", "properties": { "predicted": 0.002 }, "geometry": { "type": "Polygon", "coordinates": [ [ [ -104.92343, 39.68192 ], [ -104.9176, 39.68192 ], [ -104.9176, 39.68642 ], [ -104.92343, 39.68643 ], [ -104.92343, 39.68192 ] ] ] } },
{ "type": "Feature", "properties": { "predicted": 0.004 }, "geometry": { "type": "Polygon", "coordinates": [ [ [ -104.9176, 39.68192 ], [ -104.91177, 39.68191 ], [ -104.91176, 39.68642 ], [ -104.9176, 39.68642 ], [ -104.9176, 39.68192 ] ] ] } },
{ "type": "Feature", "properties": { "predicted": 0.006 }, "geometry": { "type": "Polygon", "coordinates": [ [ [ -104.91177, 39.68191 ], [ -104.90594, 39.68191 ], [ -104.90593, 39.68641 ], [ -104.91176, 39.68642 ], [ -104.91177, 39.68191 ] ] ] } },
{ "type": "Feature", "properties": { "predicted": 0.007 }, "geometry": { "type": "Polygon", "coordinates": [ [ [ -104.90594, 39.68191 ], [ -104.90011, 39.6819 ], [ -104.9001, 39.68641 ], [ -104.90593, 39.68641 ], [ -104.90594, 39.68191 ] ] ] } },
{ "type": "Feature", "properties": { "predicted": 0.006 }, "geometry": { "type": "Polygon", "coordinates": [ [ [ -104.90011, 39.6819 ], [ -104.89428, 39.6819 ], [ -104.89427, 39.6864 ], [ -104.9001, 39.68641 ], [ -104.90011, 39.6819 ] ] ] } },
{ "type": "Feature", "properties": { "predicted": 0.008 }, "geometry": { "type": "Polygon", "coordinates": [ [ [ -104.89428, 39.6819 ], [ -104.88845, 39.68189 ], [ -104.88844, 39.6864 ], [ -104.89427, 39.6864 ], [ -104.89428, 39.6819 ] ] ] } },
{ "type": "Feature", "properties": { "predicted": 0.009 }, "geometry": { "type": "Polygon", "coordinates": [ [ [ -105.05754, 39.68644 ], [ -105.05171, 39.68644 ], [ -105.05171, 39.69094 ], [ -105.05754, 39.69094 ], [ -105.05754, 39.68644 ] ] ] } },
{ "type": "Feature", "properties": { "predicted": 0.013 }, "geometry": { "type": "Polygon", "coordinates": [ [ [ -105.05171, 39.68644 ], [ -105.04588, 39.68644 ], [ -105.04588, 39.69095 ], [ -105.05171, 39.69094 ], [ -105.05171, 39.68644 ] ] ] } },
{ "type": "Feature", "properties": { "predicted": 0.019 }, "geometry": { "type": "Polygon", "coordinates": [ [ [ -105.04588, 39.68644 ], [ -105.04005, 39.68644 ], [ -105.04005, 39.69095 ], [ -105.04588, 39.69095 ], [ -105.04588, 39.68644 ] ] ] } },
{ "type": "Feature", "properties": { "predicted": 0.025 }, "geometry": { "type": "Polygon", "coordinates": [ [ [ -105.04005, 39.68644 ], [ -105.03422, 39.68645 ], [ -105.03422, 39.69095 ], [ -105.04005, 39.69095 ], [ -105.04005, 39.68644 ] ] ] } },
{ "type": "Feature", "properties": { "predicted": 0.038 }, "geometry": { "type": "Polygon", "coordinates": [ [ [ -105.03422, 39.68645 ], [ -105.02838, 39.68645 ], [ -105.02839, 39.69095 ], [ -105.03422, 39.69095 ], [ -105.03422, 39.68645 ] ] ] } },
{ "type": "Feature", "properties": { "predicted": 0.04 }, "geometry": { "type": "Polygon", "coordinates": [ [ [ -105.02838, 39.68645 ], [ -105.02255, 39.68645 ], [ -105.02255, 39.69095 ], [ -105.02839, 39.69095 ], [ -105.02838, 39.68645 ] ] ] } },
{ "type": "Feature", "properties": { "predicted": 0.05 }, "geometry": { "type": "Polygon", "coordinates": [ [ [ -105.02255, 39.68645 ], [ -105.01672, 39.68645 ], [ -105.01672, 39.69095 ], [ -105.02255, 39.69095 ], [ -105.02255, 39.68645 ] ] ] } },
{ "type": "Feature", "properties": { "predicted": 0.071 }, "geometry": { "type": "Polygon", "coordinates": [ [ [ -105.01672, 39.68645 ], [ -105.01089, 39.68645 ], [ -105.01089, 39.69096 ], [ -105.01672, 39.69095 ], [ -105.01672, 39.68645 ] ] ] } },
{ "type": "Feature", "properties": { "predicted": 0.08 }, "geometry": { "type": "Polygon", "coordinates": [ [ [ -105.01089, 39.68645 ], [ -105.00506, 39.68645 ], [ -105.00506, 39.69096 ], [ -105.01089, 39.69096 ], [ -105.01089, 39.68645 ] ] ] } },
{ "type": "Feature", "properties": { "predicted": 0.129 }, "geometry": { "type": "Polygon", "coordinates": [ [ [ -105.00506, 39.68645 ], [ -104.99923, 39.68645 ], [ -104.99923, 39.69096 ], [ -105.00506, 39.69096 ], [ -105.00506, 39.68645 ] ] ] } },
{ "type": "Feature", "properties": { "predicted": 0.07 }, "geometry": { "type": "Polygon", "coordinates": [ [ [ -104.99923, 39.68645 ], [ -104.9934, 39.68645 ], [ -104.9934, 39.69096 ], [ -104.99923, 39.69096 ], [ -104.99923, 39.68645 ] ] ] } },
{ "type": "Feature", "properties": { "predicted": 0.075 }, "geometry": { "type": "Polygon", "coordinates": [ [ [ -104.9934, 39.68645 ], [ -104.98757, 39.68645 ], [ -104.98757, 39.69096 ], [ -104.9934, 39.69096 ], [ -104.9934, 39.68645 ] ] ] } },
{ "type": "Feature", "properties": { "predicted": 0.069 }, "geometry": { "type": "Polygon", "coordinates": [ [ [ -104.98757, 39.68645 ], [ -104.98174, 39.68645 ], [ -104.98174, 39.69095 ], [ -104.98757, 39.69096 ], [ -104.98757, 39.68645 ] ] ] } },
{ "type": "Feature", "properties": { "predicted": 0.083 }, "geometry": { "type": "Polygon", "coordinates": [ [ [ -104.98174, 39.68645 ], [ -104.97591, 39.68645 ], [ -104.9759, 39.69095 ], [ -104.98174, 39.69095 ], [ -104.98174, 39.68645 ] ] ] } },
{ "type": "Feature", "properties": { "predicted": 0.126 }, "geometry": { "type": "Polygon", "coordinates": [ [ [ -104.97591, 39.68645 ], [ -104.97007, 39.68645 ], [ -104.97007, 39.69095 ], [ -104.9759, 39.69095 ], [ -104.97591, 39.68645 ] ] ] } },
{ "type": "Feature", "properties": { "predicted": 0.087 }, "geometry": { "type": "Polygon", "coordinates": [ [ [ -104.97007, 39.68645 ], [ -104.96424, 39.68645 ], [ -104.96424, 39.69095 ], [ -104.97007, 39.69095 ], [ -104.97007, 39.68645 ] ] ] } },
{ "type": "Feature", "properties": { "predicted": 0.058 }, "geometry": { "type": "Polygon", "coordinates": [ [ [ -104.96424, 39.68645 ], [ -104.95841, 39.68644 ], [ -104.95841, 39.69095 ], [ -104.96424, 39.69095 ], [ -104.96424, 39.68645 ] ] ] } },
{ "type": "Feature", "properties": { "predicted": 0.026 }, "geometry": { "type": "Polygon", "coordinates": [ [ [ -104.95841, 39.68644 ], [ -104.95258, 39.68644 ], [ -104.95258, 39.69095 ], [ -104.95841, 39.69095 ], [ -104.95841, 39.68644 ] ] ] } },
{ "type": "Feature", "properties": { "predicted": 0.014 }, "geometry": { "type": "Polygon", "coordinates": [ [ [ -104.95258, 39.68644 ], [ -104.94675, 39.68644 ], [ -104.94675, 39.69094 ], [ -104.95258, 39.69095 ], [ -104.95258, 39.68644 ] ] ] } },
{ "type": "Feature", "properties": { "predicted": 0.009 }, "geometry": { "type": "Polygon", "coordinates": [ [ [ -104.94675, 39.68644 ], [ -104.94092, 39.68644 ], [ -104.94092, 39.69094 ], [ -104.94675, 39.69094 ], [ -104.94675, 39.68644 ] ] ] } },
{ "type": "Feature", "properties": { "predicted": 0.005 }, "geometry": { "type": "Polygon", "coordinates": [ [ [ -104.94092, 39.68644 ], [ -104.93509, 39.68643 ], [ -104.93508, 39.69094 ], [ -104.94092, 39.69094 ], [ -104.94092, 39.68644 ] ] ] } },
{ "type": "Feature", "properties": { "predicted": 0.003 }, "geometry": { "type": "Polygon", "coordinates": [ [ [ -104.93509, 39.68643 ], [ -104.92926, 39.68643 ], [ -104.92925, 39.69093 ], [ -104.93508, 39.69094 ], [ -104.93509, 39.68643 ] ] ] } },
{ "type": "Feature", "properties": { "predicted": 0.002 }, "geometry": { "type": "Polygon", "coordinates": [ [ [ -104.92926, 39.68643 ], [ -104.92343, 39.68643 ], [ -104.92342, 39.69093 ], [ -104.92925, 39.69093 ], [ -104.92926, 39.68643 ] ] ] } },
{ "type": "Feature", "properties": { "predicted": 0.004 }, "geometry": { "type": "Polygon", "coordinates": [ [ [ -104.92343, 39.68643 ], [ -104.9176, 39.68642 ], [ -104.91759, 39.69093 ], [ -104.92342, 39.69093 ], [ -104.92343, 39.68643 ] ] ] } },
{ "type": "Feature", "properties": { "predicted": 0.006 }, "geometry": { "type": "Polygon", "coordinates": [ [ [ -104.9176, 39.68642 ], [ -104.91176, 39.68642 ], [ -104.91176, 39.69092 ], [ -104.91759, 39.69093 ], [ -104.9176, 39.68642 ] ] ] } },
{ "type": "Feature", "properties": { "predicted": 0.008 }, "geometry": { "type": "Polygon", "coordinates": [ [ [ -104.91176, 39.68642 ], [ -104.90593, 39.68641 ], [ -104.90593, 39.69092 ], [ -104.91176, 39.69092 ], [ -104.91176, 39.68642 ] ] ] } },
{ "type": "Feature", "properties": { "predicted": 0.008 }, "geometry": { "type": "Polygon", "coordinates": [ [ [ -104.90593, 39.68641 ], [ -104.9001, 39.68641 ], [ -104.9001, 39.69091 ], [ -104.90593, 39.69092 ], [ -104.90593, 39.68641 ] ] ] } },
{ "type": "Feature", "properties": { "predicted": 0.011 }, "geometry": { "type": "Polygon", "coordinates": [ [ [ -104.9001, 39.68641 ], [ -104.89427, 39.6864 ], [ -104.89426, 39.69091 ], [ -104.9001, 39.69091 ], [ -104.9001, 39.68641 ] ] ] } },
{ "type": "Feature", "properties": { "predicted": 0.006 }, "geometry": { "type": "Polygon", "coordinates": [ [ [ -104.89427, 39.6864 ], [ -104.88844, 39.6864 ], [ -104.88843, 39.6909 ], [ -104.89426, 39.69091 ], [ -104.89427, 39.6864 ] ] ] } },
{ "type": "Feature", "properties": { "predicted": 0.007 }, "geometry": { "type": "Polygon", "coordinates": [ [ [ -105.05754, 39.69094 ], [ -105.05171, 39.69094 ], [ -105.05171, 39.69545 ], [ -105.05755, 39.69545 ], [ -105.05754, 39.69094 ] ] ] } },
{ "type": "Feature", "properties": { "predicted": 0.012 }, "geometry": { "type": "Polygon", "coordinates": [ [ [ -105.05171, 39.69094 ], [ -105.04588, 39.69095 ], [ -105.04588, 39.69545 ], [ -105.05171, 39.69545 ], [ -105.05171, 39.69094 ] ] ] } },
{ "type": "Feature", "properties": { "predicted": 0.02 }, "geometry": { "type": "Polygon", "coordinates": [ [ [ -105.04588, 39.69095 ], [ -105.04005, 39.69095 ], [ -105.04005, 39.69545 ], [ -105.04588, 39.69545 ], [ -105.04588, 39.69095 ] ] ] } },
{ "type": "Feature", "properties": { "predicted": 0.031 }, "geometry": { "type": "Polygon", "coordinates": [ [ [ -105.04005, 39.69095 ], [ -105.03422, 39.69095 ], [ -105.03422, 39.69546 ], [ -105.04005, 39.69545 ], [ -105.04005, 39.69095 ] ] ] } },
{ "type": "Feature", "properties": { "predicted": 0.035 }, "geometry": { "type": "Polygon", "coordinates": [ [ [ -105.03422, 39.69095 ], [ -105.02839, 39.69095 ], [ -105.02839, 39.69546 ], [ -105.03422, 39.69546 ], [ -105.03422, 39.69095 ] ] ] } },
{ "type": "Feature", "properties": { "predicted": 0.034 }, "geometry": { "type": "Polygon", "coordinates": [ [ [ -105.02839, 39.69095 ], [ -105.02255, 39.69095 ], [ -105.02256, 39.69546 ], [ -105.02839, 39.69546 ], [ -105.02839, 39.69095 ] ] ] } },
{ "type": "Feature", "properties": { "predicted": 0.037 }, "geometry": { "type": "Polygon", "coordinates": [ [ [ -105.02255, 39.69095 ], [ -105.01672, 39.69095 ], [ -105.01672, 39.69546 ], [ -105.02256, 39.69546 ], [ -105.02255, 39.69095 ] ] ] } },
{ "type": "Feature", "properties": { "predicted": 0.06 }, "geometry": { "type": "Polygon", "coordinates": [ [ [ -105.01672, 39.69095 ], [ -105.01089, 39.69096 ], [ -105.01089, 39.69546 ], [ -105.01672, 39.69546 ], [ -105.01672, 39.69095 ] ] ] } },
{ "type": "Feature", "properties": { "predicted": 0.089 }, "geometry": { "type": "Polygon", "coordinates": [ [ [ -105.01089, 39.69096 ], [ -105.00506, 39.69096 ], [ -105.00506, 39.69546 ], [ -105.01089, 39.69546 ], [ -105.01089, 39.69096 ] ] ] } },
{ "type": "Feature", "properties": { "predicted": 0.116 }, "geometry": { "type": "Polygon", "coordinates": [ [ [ -105.00506, 39.69096 ], [ -104.99923, 39.69096 ], [ -104.99923, 39.69546 ], [ -105.00506, 39.69546 ], [ -105.00506, 39.69096 ] ] ] } },
{ "type": "Feature", "properties": { "predicted": 0.092 }, "geometry": { "type": "Polygon", "coordinates": [ [ [ -104.99923, 39.69096 ], [ -104.9934, 39.69096 ], [ -104.9934, 39.69546 ], [ -104.99923, 39.69546 ], [ -104.99923, 39.69096 ] ] ] } },
{ "type": "Feature", "properties": { "predicted": 0.089 }, "geometry": { "type": "Polygon", "coordinates": [ [ [ -104.9934, 39.69096 ], [ -104.98757, 39.69096 ], [ -104.98757, 39.69546 ], [ -104.9934, 39.69546 ], [ -104.9934, 39.69096 ] ] ] } },
{ "type": "Feature", "properties": { "predicted": 0.083 }, "geometry": { "type": "Polygon", "coordinates": [ [ [ -104.98757, 39.69096 ], [ -104.98174, 39.69095 ], [ -104.98173, 39.69546 ], [ -104.98757, 39.69546 ], [ -104.98757, 39.69096 ] ] ] } },
{ "type": "Feature", "properties": { "predicted": 0.165 }, "geometry": { "type": "Polygon", "coordinates": [ [ [ -104.98174, 39.69095 ], [ -104.9759, 39.69095 ], [ -104.9759, 39.69546 ], [ -104.98173, 39.69546 ], [ -104.98174, 39.69095 ] ] ] } },
{ "type": "Feature", "properties": { "predicted": 0.114 }, "geometry": { "type": "Polygon", "coordinates": [ [ [ -104.9759, 39.69095 ], [ -104.97007, 39.69095 ], [ -104.97007, 39.69546 ], [ -104.9759, 39.69546 ], [ -104.9759, 39.69095 ] ] ] } },
{ "type": "Feature", "properties": { "predicted": 0.087 }, "geometry": { "type": "Polygon", "coordinates": [ [ [ -104.97007, 39.69095 ], [ -104.96424, 39.69095 ], [ -104.96424, 39.69546 ], [ -104.97007, 39.69546 ], [ -104.97007, 39.69095 ] ] ] } },
{ "type": "Feature", "properties": { "predicted": 0.051 }, "geometry": { "type": "Polygon", "coordinates": [ [ [ -104.96424, 39.69095 ], [ -104.95841, 39.69095 ], [ -104.95841, 39.69545 ], [ -104.96424, 39.69546 ], [ -104.96424, 39.69095 ] ] ] } },
{ "type": "Feature", "properties": { "predicted": 0.026 }, "geometry": { "type": "Polygon", "coordinates": [ [ [ -104.95841, 39.69095 ], [ -104.95258, 39.69095 ], [ -104.95258, 39.69545 ], [ -104.95841, 39.69545 ], [ -104.95841, 39.69095 ] ] ] } },
{ "type": "Feature", "properties": { "predicted": 0.012 }, "geometry": { "type": "Polygon", "coordinates": [ [ [ -104.95258, 39.69095 ], [ -104.94675, 39.69094 ], [ -104.94674, 39.69545 ], [ -104.95258, 39.69545 ], [ -104.95258, 39.69095 ] ] ] } },
{ "type": "Feature", "properties": { "predicted": 0.007 }, "geometry": { "type": "Polygon", "coordinates": [ [ [ -104.94675, 39.69094 ], [ -104.94092, 39.69094 ], [ -104.94091, 39.69545 ], [ -104.94674, 39.69545 ], [ -104.94675, 39.69094 ] ] ] } },
{ "type": "Feature", "properties": { "predicted": 0.005 }, "geometry": { "type": "Polygon", "coordinates": [ [ [ -104.94092, 39.69094 ], [ -104.93508, 39.69094 ], [ -104.93508, 39.69544 ], [ -104.94091, 39.69545 ], [ -104.94092, 39.69094 ] ] ] } },
{ "type": "Feature", "properties": { "predicted": 0.004 }, "geometry": { "type": "Polygon", "coordinates": [ [ [ -104.93508, 39.69094 ], [ -104.92925, 39.69093 ], [ -104.92925, 39.69544 ], [ -104.93508, 39.69544 ], [ -104.93508, 39.69094 ] ] ] } },
{ "type": "Feature", "properties": { "predicted": 0.004 }, "geometry": { "type": "Polygon", "coordinates": [ [ [ -104.92925, 39.69093 ], [ -104.92342, 39.69093 ], [ -104.92342, 39.69544 ], [ -104.92925, 39.69544 ], [ -104.92925, 39.69093 ] ] ] } },
{ "type": "Feature", "properties": { "predicted": 0.007 }, "geometry": { "type": "Polygon", "coordinates": [ [ [ -104.92342, 39.69093 ], [ -104.91759, 39.69093 ], [ -104.91758, 39.69543 ], [ -104.92342, 39.69544 ], [ -104.92342, 39.69093 ] ] ] } },
{ "type": "Feature", "properties": { "predicted": 0.008 }, "geometry": { "type": "Polygon", "coordinates": [ [ [ -104.91759, 39.69093 ], [ -104.91176, 39.69092 ], [ -104.91175, 39.69543 ], [ -104.91758, 39.69543 ], [ -104.91759, 39.69093 ] ] ] } },
{ "type": "Feature", "properties": { "predicted": 0.009 }, "geometry": { "type": "Polygon", "coordinates": [ [ [ -104.91176, 39.69092 ], [ -104.90593, 39.69092 ], [ -104.90592, 39.69542 ], [ -104.91175, 39.69543 ], [ -104.91176, 39.69092 ] ] ] } },
{ "type": "Feature", "properties": { "predicted": 0.012 }, "geometry": { "type": "Polygon", "coordinates": [ [ [ -104.90593, 39.69092 ], [ -104.9001, 39.69091 ], [ -104.90009, 39.69542 ], [ -104.90592, 39.69542 ], [ -104.90593, 39.69092 ] ] ] } },
{ "type": "Feature", "properties": { "predicted": 0.013 }, "geometry": { "type": "Polygon", "coordinates": [ [ [ -104.9001, 39.69091 ], [ -104.89426, 39.69091 ], [ -104.89426, 39.69541 ], [ -104.90009, 39.69542 ], [ -104.9001, 39.69091 ] ] ] } },
{ "type": "Feature", "properties": { "predicted": 0.006 }, "geometry": { "type": "Polygon", "coordinates": [ [ [ -104.89426, 39.69091 ], [ -104.88843, 39.6909 ], [ -104.88843, 39.69541 ], [ -104.89426, 39.69541 ], [ -104.89426, 39.69091 ] ] ] } },
{ "type": "Feature", "properties": { "predicted": 0.008 }, "geometry": { "type": "Polygon", "coordinates": [ [ [ -105.05755, 39.69545 ], [ -105.05171, 39.69545 ], [ -105.05172, 39.69995 ], [ -105.05755, 39.69995 ], [ -105.05755, 39.69545 ] ] ] } },
{ "type": "Feature", "properties": { "predicted": 0.012 }, "geometry": { "type": "Polygon", "coordinates": [ [ [ -105.05171, 39.69545 ], [ -105.04588, 39.69545 ], [ -105.04589, 39.69996 ], [ -105.05172, 39.69995 ], [ -105.05171, 39.69545 ] ] ] } },
{ "type": "Feature", "properties": { "predicted": 0.021 }, "geometry": { "type": "Polygon", "coordinates": [ [ [ -105.04588, 39.69545 ], [ -105.04005, 39.69545 ], [ -105.04005, 39.69996 ], [ -105.04589, 39.69996 ], [ -105.04588, 39.69545 ] ] ] } },
{ "type": "Feature", "properties": { "predicted": 0.036 }, "geometry": { "type": "Polygon", "coordinates": [ [ [ -105.04005, 39.69545 ], [ -105.03422, 39.69546 ], [ -105.03422, 39.69996 ], [ -105.04005, 39.69996 ], [ -105.04005, 39.69545 ] ] ] } },
{ "type": "Feature", "properties": { "predicted": 0.043 }, "geometry": { "type": "Polygon", "coordinates": [ [ [ -105.03422, 39.69546 ], [ -105.02839, 39.69546 ], [ -105.02839, 39.69996 ], [ -105.03422, 39.69996 ], [ -105.03422, 39.69546 ] ] ] } },
{ "type": "Feature", "properties": { "predicted": 0.038 }, "geometry": { "type": "Polygon", "coordinates": [ [ [ -105.02839, 39.69546 ], [ -105.02256, 39.69546 ], [ -105.02256, 39.69996 ], [ -105.02839, 39.69996 ], [ -105.02839, 39.69546 ] ] ] } },
{ "type": "Feature", "properties": { "predicted": 0.049 }, "geometry": { "type": "Polygon", "coordinates": [ [ [ -105.02256, 39.69546 ], [ -105.01672, 39.69546 ], [ -105.01673, 39.69996 ], [ -105.02256, 39.69996 ], [ -105.02256, 39.69546 ] ] ] } },
{ "type": "Feature", "properties": { "predicted": 0.068 }, "geometry": { "type": "Polygon", "coordinates": [ [ [ -105.01672, 39.69546 ], [ -105.01089, 39.69546 ], [ -105.01089, 39.69997 ], [ -105.01673, 39.69996 ], [ -105.01672, 39.69546 ] ] ] } },
{ "type": "Feature", "properties": { "predicted": 0.081 }, "geometry": { "type": "Polygon", "coordinates": [ [ [ -105.01089, 39.69546 ], [ -105.00506, 39.69546 ], [ -105.00506, 39.69997 ], [ -105.01089, 39.69997 ], [ -105.01089, 39.69546 ] ] ] } },
{ "type": "Feature", "properties": { "predicted": 0.156 }, "geometry": { "type": "Polygon", "coordinates": [ [ [ -105.00506, 39.69546 ], [ -104.99923, 39.69546 ], [ -104.99923, 39.69997 ], [ -105.00506, 39.69997 ], [ -105.00506, 39.69546 ] ] ] } },
{ "type": "Feature", "properties": { "predicted": 0.103 }, "geometry": { "type": "Polygon", "coordinates": [ [ [ -104.99923, 39.69546 ], [ -104.9934, 39.69546 ], [ -104.9934, 39.69997 ], [ -104.99923, 39.69997 ], [ -104.99923, 39.69546 ] ] ] } },
{ "type": "Feature", "properties": { "predicted": 0.115 }, "geometry": { "type": "Polygon", "coordinates": [ [ [ -104.9934, 39.69546 ], [ -104.98757, 39.69546 ], [ -104.98757, 39.69997 ], [ -104.9934, 39.69997 ], [ -104.9934, 39.69546 ] ] ] } },
{ "type": "Feature", "properties": { "predicted": 0.118 }, "geometry": { "type": "Polygon", "coordinates": [ [ [ -104.98757, 39.69546 ], [ -104.98173, 39.69546 ], [ -104.98173, 39.69996 ], [ -104.98757, 39.69997 ], [ -104.98757, 39.69546 ] ] ] } },
{ "type": "Feature", "properties": { "predicted": 0.128 }, "geometry": { "type": "Polygon", "coordinates": [ [ [ -104.98173, 39.69546 ], [ -104.9759, 39.69546 ], [ -104.9759, 39.69996 ], [ -104.98173, 39.69996 ], [ -104.98173, 39.69546 ] ] ] } },
{ "type": "Feature", "properties": { "predicted": 0.121 }, "geometry": { "type": "Polygon", "coordinates": [ [ [ -104.9759, 39.69546 ], [ -104.97007, 39.69546 ], [ -104.97007, 39.69996 ], [ -104.9759, 39.69996 ], [ -104.9759, 39.69546 ] ] ] } },
{ "type": "Feature", "properties": { "predicted": 0.079 }, "geometry": { "type": "Polygon", "coordinates": [ [ [ -104.97007, 39.69546 ], [ -104.96424, 39.69546 ], [ -104.96424, 39.69996 ], [ -104.97007, 39.69996 ], [ -104.97007, 39.69546 ] ] ] } },
{ "type": "Feature", "properties": { "predicted": 0.049 }, "geometry": { "type": "Polygon", "coordinates": [ [ [ -104.96424, 39.69546 ], [ -104.95841, 39.69545 ], [ -104.9584, 39.69996 ], [ -104.96424, 39.69996 ], [ -104.96424, 39.69546 ] ] ] } },
{ "type": "Feature", "properties": { "predicted": 0.026 }, "geometry": { "type": "Polygon", "coordinates": [ [ [ -104.95841, 39.69545 ], [ -104.95258, 39.69545 ], [ -104.95257, 39.69996 ], [ -104.9584, 39.69996 ], [ -104.95841, 39.69545 ] ] ] } },
{ "type": "Feature", "properties": { "predicted": 0.012 }, "geometry": { "type": "Polygon", "coordinates": [ [ [ -104.95258, 39.69545 ], [ -104.94674, 39.69545 ], [ -104.94674, 39.69995 ], [ -104.95257, 39.69996 ], [ -104.95258, 39.69545 ] ] ] } },
{ "type": "Feature", "properties": { "predicted": 0.007 }, "geometry": { "type": "Polygon", "coordinates": [ [ [ -104.94674, 39.69545 ], [ -104.94091, 39.69545 ], [ -104.94091, 39.69995 ], [ -104.94674, 39.69995 ], [ -104.94674, 39.69545 ] ] ] } },
{ "type": "Feature", "properties": { "predicted": 0.008 }, "geometry": { "type": "Polygon", "coordinates": [ [ [ -104.94091, 39.69545 ], [ -104.93508, 39.69544 ], [ -104.93508, 39.69995 ], [ -104.94091, 39.69995 ], [ -104.94091, 39.69545 ] ] ] } },
{ "type": "Feature", "properties": { "predicted": 0.005 }, "geometry": { "type": "Polygon", "coordinates": [ [ [ -104.93508, 39.69544 ], [ -104.92925, 39.69544 ], [ -104.92924, 39.69994 ], [ -104.93508, 39.69995 ], [ -104.93508, 39.69544 ] ] ] } },
{ "type": "Feature", "properties": { "predicted": 0.006 }, "geometry": { "type": "Polygon", "coordinates": [ [ [ -104.92925, 39.69544 ], [ -104.92342, 39.69544 ], [ -104.92341, 39.69994 ], [ -104.92924, 39.69994 ], [ -104.92925, 39.69544 ] ] ] } },
{ "type": "Feature", "properties": { "predicted": 0.008 }, "geometry": { "type": "Polygon", "coordinates": [ [ [ -104.92342, 39.69544 ], [ -104.91758, 39.69543 ], [ -104.91758, 39.69994 ], [ -104.92341, 39.69994 ], [ -104.92342, 39.69544 ] ] ] } },
{ "type": "Feature", "properties": { "predicted": 0.009 }, "geometry": { "type": "Polygon", "coordinates": [ [ [ -104.91758, 39.69543 ], [ -104.91175, 39.69543 ], [ -104.91175, 39.69993 ], [ -104.91758, 39.69994 ], [ -104.91758, 39.69543 ] ] ] } },
{ "type": "Feature", "properties": { "predicted": 0.012 }, "geometry": { "type": "Polygon", "coordinates": [ [ [ -104.91175, 39.69543 ], [ -104.90592, 39.69542 ], [ -104.90592, 39.69993 ], [ -104.91175, 39.69993 ], [ -104.91175, 39.69543 ] ] ] } },
{ "type": "Feature", "properties": { "predicted": 0.017 }, "geometry": { "type": "Polygon", "coordinates": [ [ [ -104.90592, 39.69542 ], [ -104.90009, 39.69542 ], [ -104.90008, 39.69992 ], [ -104.90592, 39.69993 ], [ -104.90592, 39.69542 ] ] ] } },
{ "type": "Feature", "properties": { "predicted": 0.011 }, "geometry": { "type": "Polygon", "coordinates": [ [ [ -104.90009, 39.69542 ], [ -104.89426, 39.69541 ], [ -104.89425, 39.69992 ], [ -104.90008, 39.69992 ], [ -104.90009, 39.69542 ] ] ] } },
{ "type": "Feature", "properties": { "predicted": 0.008 }, "geometry": { "type": "Polygon", "coordinates": [ [ [ -104.89426, 39.69541 ], [ -104.88843, 39.69541 ], [ -104.88842, 39.69991 ], [ -104.89425, 39.69992 ], [ -104.89426, 39.69541 ] ] ] } },
{ "type": "Feature", "properties": { "predicted": 0.008 }, "geometry": { "type": "Polygon", "coordinates": [ [ [ -104.88843, 39.69541 ], [ -104.88259, 39.6954 ], [ -104.88259, 39.69991 ], [ -104.88842, 39.69991 ], [ -104.88843, 39.69541 ] ] ] } },
{ "type": "Feature", "properties": { "predicted": 0.008 }, "geometry": { "type": "Polygon", "coordinates": [ [ [ -104.88259, 39.6954 ], [ -104.87676, 39.6954 ], [ -104.87675, 39.6999 ], [ -104.88259, 39.69991 ], [ -104.88259, 39.6954 ] ] ] } },
{ "type": "Feature", "properties": { "predicted": 0.005 }, "geometry": { "type": "Polygon", "coordinates": [ [ [ -104.87676, 39.6954 ], [ -104.87093, 39.69539 ], [ -104.87092, 39.69989 ], [ -104.87675, 39.6999 ], [ -104.87676, 39.6954 ] ] ] } },
{ "type": "Feature", "properties": { "predicted": 0.004 }, "geometry": { "type": "Polygon", "coordinates": [ [ [ -104.87093, 39.69539 ], [ -104.8651, 39.69538 ], [ -104.86509, 39.69989 ], [ -104.87092, 39.69989 ], [ -104.87093, 39.69539 ] ] ] } },
{ "type": "Feature", "properties": { "predicted": 0.018 }, "geometry": { "type": "Polygon", "coordinates": [ [ [ -105.05755, 39.69995 ], [ -105.05172, 39.69995 ], [ -105.05172, 39.70446 ], [ -105.05755, 39.70446 ], [ -105.05755, 39.69995 ] ] ] } },
{ "type": "Feature", "properties": { "predicted": 0.019 }, "geometry": { "type": "Polygon", "coordinates": [ [ [ -105.05172, 39.69995 ], [ -105.04589, 39.69996 ], [ -105.04589, 39.70446 ], [ -105.05172, 39.70446 ], [ -105.05172, 39.69995 ] ] ] } },
{ "type": "Feature", "properties": { "predicted": 0.025 }, "geometry": { "type": "Polygon", "coordinates": [ [ [ -105.04589, 39.69996 ], [ -105.04005, 39.69996 ], [ -105.04006, 39.70446 ], [ -105.04589, 39.70446 ], [ -105.04589, 39.69996 ] ] ] } },
{ "type": "Feature", "properties": { "predicted": 0.03 }, "geometry": { "type": "Polygon", "coordinates": [ [ [ -105.04005, 39.69996 ], [ -105.03422, 39.69996 ], [ -105.03422, 39.70447 ], [ -105.04006, 39.70446 ], [ -105.04005, 39.69996 ] ] ] } },
{ "type": "Feature", "properties": { "predicted": 0.031 }, "geometry": { "type": "Polygon", "coordinates": [ [ [ -105.03422, 39.69996 ], [ -105.02839, 39.69996 ], [ -105.02839, 39.70447 ], [ -105.03422, 39.70447 ], [ -105.03422, 39.69996 ] ] ] } },
{ "type": "Feature", "properties": { "predicted": 0.039 }, "geometry": { "type": "Polygon", "coordinates": [ [ [ -105.02839, 39.69996 ], [ -105.02256, 39.69996 ], [ -105.02256, 39.70447 ], [ -105.02839, 39.70447 ], [ -105.02839, 39.69996 ] ] ] } },
{ "type": "Feature", "properties": { "predicted": 0.063 }, "geometry": { "type": "Polygon", "coordinates": [ [ [ -105.02256, 39.69996 ], [ -105.01673, 39.69996 ], [ -105.01673, 39.70447 ], [ -105.02256, 39.70447 ], [ -105.02256, 39.69996 ] ] ] } },
{ "type": "Feature", "properties": { "predicted": 0.073 }, "geometry": { "type": "Polygon", "coordinates": [ [ [ -105.01673, 39.69996 ], [ -105.01089, 39.69997 ], [ -105.01089, 39.70447 ], [ -105.01673, 39.70447 ], [ -105.01673, 39.69996 ] ] ] } },
{ "type": "Feature", "properties": { "predicted": 0.101 }, "geometry": { "type": "Polygon", "coordinates": [ [ [ -105.01089, 39.69997 ], [ -105.00506, 39.69997 ], [ -105.00506, 39.70447 ], [ -105.01089, 39.70447 ], [ -105.01089, 39.69997 ] ] ] } },
{ "type": "Feature", "properties": { "predicted": 0.184 }, "geometry": { "type": "Polygon", "coordinates": [ [ [ -105.00506, 39.69997 ], [ -104.99923, 39.69997 ], [ -104.99923, 39.70447 ], [ -105.00506, 39.70447 ], [ -105.00506, 39.69997 ] ] ] } },
{ "type": "Feature", "properties": { "predicted": 0.134 }, "geometry": { "type": "Polygon", "coordinates": [ [ [ -104.99923, 39.69997 ], [ -104.9934, 39.69997 ], [ -104.9934, 39.70447 ], [ -104.99923, 39.70447 ], [ -104.99923, 39.69997 ] ] ] } },
{ "type": "Feature", "properties": { "predicted": 0.095 }, "geometry": { "type": "Polygon", "coordinates": [ [ [ -104.9934, 39.69997 ], [ -104.98757, 39.69997 ], [ -104.98756, 39.70447 ], [ -104.9934, 39.70447 ], [ -104.9934, 39.69997 ] ] ] } },
{ "type": "Feature", "properties": { "predicted": 0.084 }, "geometry": { "type": "Polygon", "coordinates": [ [ [ -104.98757, 39.69997 ], [ -104.98173, 39.69996 ], [ -104.98173, 39.70447 ], [ -104.98756, 39.70447 ], [ -104.98757, 39.69997 ] ] ] } },
{ "type": "Feature", "properties": { "predicted": 0.103 }, "geometry": { "type": "Polygon", "coordinates": [ [ [ -104.98173, 39.69996 ], [ -104.9759, 39.69996 ], [ -104.9759, 39.70447 ], [ -104.98173, 39.70447 ], [ -104.98173, 39.69996 ] ] ] } },
{ "type": "Feature", "properties": { "predicted": 0.103 }, "geometry": { "type": "Polygon", "coordinates": [ [ [ -104.9759, 39.69996 ], [ -104.97007, 39.69996 ], [ -104.97007, 39.70447 ], [ -104.9759, 39.70447 ], [ -104.9759, 39.69996 ] ] ] } },
{ "type": "Feature", "properties": { "predicted": 0.077 }, "geometry": { "type": "Polygon", "coordinates": [ [ [ -104.97007, 39.69996 ], [ -104.96424, 39.69996 ], [ -104.96423, 39.70447 ], [ -104.97007, 39.70447 ], [ -104.97007, 39.69996 ] ] ] } },
{ "type": "Feature", "properties": { "predicted": 0.053 }, "geometry": { "type": "Polygon", "coordinates": [ [ [ -104.96424, 39.69996 ], [ -104.9584, 39.69996 ], [ -104.9584, 39.70446 ], [ -104.96423, 39.70447 ], [ -104.96424, 39.69996 ] ] ] } },
{ "type": "Feature", "properties": { "predicted": 0.036 }, "geometry": { "type": "Polygon", "coordinates": [ [ [ -104.9584, 39.69996 ], [ -104.95257, 39.69996 ], [ -104.95257, 39.70446 ], [ -104.9584, 39.70446 ], [ -104.9584, 39.69996 ] ] ] } },
{ "type": "Feature", "properties": { "predicted": 0.021 }, "geometry": { "type": "Polygon", "coordinates": [ [ [ -104.95257, 39.69996 ], [ -104.94674, 39.69995 ], [ -104.94674, 39.70446 ], [ -104.95257, 39.70446 ], [ -104.95257, 39.69996 ] ] ] } },
{ "type": "Feature", "properties": { "predicted": 0.015 }, "geometry": { "type": "Polygon", "coordinates": [ [ [ -104.94674, 39.69995 ], [ -104.94091, 39.69995 ], [ -104.9409, 39.70446 ], [ -104.94674, 39.70446 ], [ -104.94674, 39.69995 ] ] ] } },
{ "type": "Feature", "properties": { "predicted": 0.012 }, "geometry": { "type": "Polygon", "coordinates": [ [ [ -104.94091, 39.69995 ], [ -104.93508, 39.69995 ], [ -104.93507, 39.70445 ], [ -104.9409, 39.70446 ], [ -104.94091, 39.69995 ] ] ] } },
{ "type": "Feature", "properties": { "predicted": 0.008 }, "geometry": { "type": "Polygon", "coordinates": [ [ [ -104.93508, 39.69995 ], [ -104.92924, 39.69994 ], [ -104.92924, 39.70445 ], [ -104.93507, 39.70445 ], [ -104.93508, 39.69995 ] ] ] } },
{ "type": "Feature", "properties": { "predicted": 0.007 }, "geometry": { "type": "Polygon", "coordinates": [ [ [ -104.92924, 39.69994 ], [ -104.92341, 39.69994 ], [ -104.92341, 39.70445 ], [ -104.92924, 39.70445 ], [ -104.92924, 39.69994 ] ] ] } },
{ "type": "Feature", "properties": { "predicted": 0.007 }, "geometry": { "type": "Polygon", "coordinates": [ [ [ -104.92341, 39.69994 ], [ -104.91758, 39.69994 ], [ -104.91757, 39.70444 ], [ -104.92341, 39.70445 ], [ -104.92341, 39.69994 ] ] ] } },
{ "type": "Feature", "properties": { "predicted": 0.012 }, "geometry": { "type": "Polygon", "coordinates": [ [ [ -104.91758, 39.69994 ], [ -104.91175, 39.69993 ], [ -104.91174, 39.70444 ], [ -104.91757, 39.70444 ], [ -104.91758, 39.69994 ] ] ] } },
{ "type": "Feature", "properties": { "predicted": 0.014 }, "geometry": { "type": "Polygon", "coordinates": [ [ [ -104.91175, 39.69993 ], [ -104.90592, 39.69993 ], [ -104.90591, 39.70443 ], [ -104.91174, 39.70444 ], [ -104.91175, 39.69993 ] ] ] } },
{ "type": "Feature", "properties": { "predicted": 0.012 }, "geometry": { "type": "Polygon", "coordinates": [ [ [ -104.90592, 39.69993 ], [ -104.90008, 39.69992 ], [ -104.90008, 39.70443 ], [ -104.90591, 39.70443 ], [ -104.90592, 39.69993 ] ] ] } },
{ "type": "Feature", "properties": { "predicted": 0.011 }, "geometry": { "type": "Polygon", "coordinates": [ [ [ -104.90008, 39.69992 ], [ -104.89425, 39.69992 ], [ -104.89424, 39.70442 ], [ -104.90008, 39.70443 ], [ -104.90008, 39.69992 ] ] ] } },
{ "type": "Feature", "properties": { "predicted": 0.014 }, "geometry": { "type": "Polygon", "coordinates": [ [ [ -104.89425, 39.69992 ], [ -104.88842, 39.69991 ], [ -104.88841, 39.70442 ], [ -104.89424, 39.70442 ], [ -104.89425, 39.69992 ] ] ] } },
{ "type": "Feature", "properties": { "predicted": 0.014 }, "geometry": { "type": "Polygon", "coordinates": [ [ [ -104.88842, 39.69991 ], [ -104.88259, 39.69991 ], [ -104.88258, 39.70441 ], [ -104.88841, 39.70442 ], [ -104.88842, 39.69991 ] ] ] } },
{ "type": "Feature", "properties": { "predicted": 0.011 }, "geometry": { "type": "Polygon", "coordinates": [ [ [ -104.88259, 39.69991 ], [ -104.87675, 39.6999 ], [ -104.87675, 39.70441 ], [ -104.88258, 39.70441 ], [ -104.88259, 39.69991 ] ] ] } },
{ "type": "Feature", "properties": { "predicted": 0.007 }, "geometry": { "type": "Polygon", "coordinates": [ [ [ -104.87675, 39.6999 ], [ -104.87092, 39.69989 ], [ -104.87091, 39.7044 ], [ -104.87675, 39.70441 ], [ -104.87675, 39.6999 ] ] ] } },
{ "type": "Feature", "properties": { "predicted": 0.004 }, "geometry": { "type": "Polygon", "coordinates": [ [ [ -104.87092, 39.69989 ], [ -104.86509, 39.69989 ], [ -104.86508, 39.70439 ], [ -104.87091, 39.7044 ], [ -104.87092, 39.69989 ] ] ] } },
{ "type": "Feature", "properties": { "predicted": 0.019 }, "geometry": { "type": "Polygon", "coordinates": [ [ [ -105.05755, 39.70446 ], [ -105.05172, 39.70446 ], [ -105.05173, 39.70896 ], [ -105.05756, 39.70896 ], [ -105.05755, 39.70446 ] ] ] } },
{ "type": "Feature", "properties": { "predicted": 0.031 }, "geometry": { "type": "Polygon", "coordinates": [ [ [ -105.05172, 39.70446 ], [ -105.04589, 39.70446 ], [ -105.04589, 39.70897 ], [ -105.05173, 39.70896 ], [ -105.05172, 39.70446 ] ] ] } },
{ "type": "Feature", "properties": { "predicted": 0.024 }, "geometry": { "type": "Polygon", "coordinates": [ [ [ -105.04589, 39.70446 ], [ -105.04006, 39.70446 ], [ -105.04006, 39.70897 ], [ -105.04589, 39.70897 ], [ -105.04589, 39.70446 ] ] ] } },
{ "type": "Feature", "properties": { "predicted": 0.03 }, "geometry": { "type": "Polygon", "coordinates": [ [ [ -105.04006, 39.70446 ], [ -105.03422, 39.70447 ], [ -105.03423, 39.70897 ], [ -105.04006, 39.70897 ], [ -105.04006, 39.70446 ] ] ] } },
{ "type": "Feature", "properties": { "predicted": 0.039 }, "geometry": { "type": "Polygon", "coordinates": [ [ [ -105.03422, 39.70447 ], [ -105.02839, 39.70447 ], [ -105.02839, 39.70897 ], [ -105.03423, 39.70897 ], [ -105.03422, 39.70447 ] ] ] } },
{ "type": "Feature", "properties": { "predicted": 0.062 }, "geometry": { "type": "Polygon", "coordinates": [ [ [ -105.02839, 39.70447 ], [ -105.02256, 39.70447 ], [ -105.02256, 39.70897 ], [ -105.02839, 39.70897 ], [ -105.02839, 39.70447 ] ] ] } },
{ "type": "Feature", "properties": { "predicted": 0.097 }, "geometry": { "type": "Polygon", "coordinates": [ [ [ -105.02256, 39.70447 ], [ -105.01673, 39.70447 ], [ -105.01673, 39.70898 ], [ -105.02256, 39.70897 ], [ -105.02256, 39.70447 ] ] ] } },
{ "type": "Feature", "properties": { "predicted": 0.142 }, "geometry": { "type": "Polygon", "coordinates": [ [ [ -105.01673, 39.70447 ], [ -105.01089, 39.70447 ], [ -105.01089, 39.70898 ], [ -105.01673, 39.70898 ], [ -105.01673, 39.70447 ] ] ] } },
{ "type": "Feature", "properties": { "predicted": 0.177 }, "geometry": { "type": "Polygon", "coordinates": [ [ [ -105.01089, 39.70447 ], [ -105.00506, 39.70447 ], [ -105.00506, 39.70898 ], [ -105.01089, 39.70898 ], [ -105.01089, 39.70447 ] ] ] } },
{ "type": "Feature", "properties": { "predicted": 0.155 }, "geometry": { "type": "Polygon", "coordinates": [ [ [ -105.00506, 39.70447 ], [ -104.99923, 39.70447 ], [ -104.99923, 39.70898 ], [ -105.00506, 39.70898 ], [ -105.00506, 39.70447 ] ] ] } },
{ "type": "Feature", "properties": { "predicted": 0.139 }, "geometry": { "type": "Polygon", "coordinates": [ [ [ -104.99923, 39.70447 ], [ -104.9934, 39.70447 ], [ -104.9934, 39.70898 ], [ -104.99923, 39.70898 ], [ -104.99923, 39.70447 ] ] ] } },
{ "type": "Feature", "properties": { "predicted": 0.065 }, "geometry": { "type": "Polygon", "coordinates": [ [ [ -104.9934, 39.70447 ], [ -104.98756, 39.70447 ], [ -104.98756, 39.70898 ], [ -104.9934, 39.70898 ], [ -104.9934, 39.70447 ] ] ] } },
{ "type": "Feature", "properties": { "predicted": 0.079 }, "geometry": { "type": "Polygon", "coordinates": [ [ [ -104.98756, 39.70447 ], [ -104.98173, 39.70447 ], [ -104.98173, 39.70897 ], [ -104.98756, 39.70898 ], [ -104.98756, 39.70447 ] ] ] } },
{ "type": "Feature", "properties": { "predicted": 0.11 }, "geometry": { "type": "Polygon", "coordinates": [ [ [ -104.98173, 39.70447 ], [ -104.9759, 39.70447 ], [ -104.9759, 39.70897 ], [ -104.98173, 39.70897 ], [ -104.98173, 39.70447 ] ] ] } },
{ "type": "Feature", "properties": { "predicted": 0.108 }, "geometry": { "type": "Polygon", "coordinates": [ [ [ -104.9759, 39.70447 ], [ -104.97007, 39.70447 ], [ -104.97006, 39.70897 ], [ -104.9759, 39.70897 ], [ -104.9759, 39.70447 ] ] ] } },
{ "type": "Feature", "properties": { "predicted": 0.099 }, "geometry": { "type": "Polygon", "coordinates": [ [ [ -104.97007, 39.70447 ], [ -104.96423, 39.70447 ], [ -104.96423, 39.70897 ], [ -104.97006, 39.70897 ], [ -104.97007, 39.70447 ] ] ] } },
{ "type": "Feature", "properties": { "predicted": 0.056 }, "geometry": { "type": "Polygon", "coordinates": [ [ [ -104.96423, 39.70447 ], [ -104.9584, 39.70446 ], [ -104.9584, 39.70897 ], [ -104.96423, 39.70897 ], [ -104.96423, 39.70447 ] ] ] } },
{ "type": "Feature", "properties": { "predicted": 0.044 }, "geometry": { "type": "Polygon", "coordinates": [ [ [ -104.9584, 39.70446 ], [ -104.95257, 39.70446 ], [ -104.95257, 39.70897 ], [ -104.9584, 39.70897 ], [ -104.9584, 39.70446 ] ] ] } },
{ "type": "Feature", "properties": { "predicted": 0.028 }, "geometry": { "type": "Polygon", "coordinates": [ [ [ -104.95257, 39.70446 ], [ -104.94674, 39.70446 ], [ -104.94673, 39.70896 ], [ -104.95257, 39.70897 ], [ -104.95257, 39.70446 ] ] ] } },
{ "type": "Feature", "properties": { "predicted": 0.022 }, "geometry": { "type": "Polygon", "coordinates": [ [ [ -104.94674, 39.70446 ], [ -104.9409, 39.70446 ], [ -104.9409, 39.70896 ], [ -104.94673, 39.70896 ], [ -104.94674, 39.70446 ] ] ] } },
{ "type": "Feature", "properties": { "predicted": 0.013 }, "geometry": { "type": "Polygon", "coordinates": [ [ [ -104.9409, 39.70446 ], [ -104.93507, 39.70445 ], [ -104.93507, 39.70896 ], [ -104.9409, 39.70896 ], [ -104.9409, 39.70446 ] ] ] } },
{ "type": "Feature", "properties": { "predicted": 0.008 }, "geometry": { "type": "Polygon", "coordinates": [ [ [ -104.93507, 39.70445 ], [ -104.92924, 39.70445 ], [ -104.92923, 39.70895 ], [ -104.93507, 39.70896 ], [ -104.93507, 39.70445 ] ] ] } },
{ "type": "Feature", "properties": { "predicted": 0.008 }, "geometry": { "type": "Polygon", "coordinates": [ [ [ -104.92924, 39.70445 ], [ -104.92341, 39.70445 ], [ -104.9234, 39.70895 ], [ -104.92923, 39.70895 ], [ -104.92924, 39.70445 ] ] ] } },
{ "type": "Feature", "properties": { "predicted": 0.01 }, "geometry": { "type": "Polygon", "coordinates": [ [ [ -104.92341, 39.70445 ], [ -104.91757, 39.70444 ], [ -104.91757, 39.70895 ], [ -104.9234, 39.70895 ], [ -104.92341, 39.70445 ] ] ] } },
{ "type": "Feature", "properties": { "predicted": 0.009 }, "geometry": { "type": "Polygon", "coordinates": [ [ [ -104.91757, 39.70444 ], [ -104.91174, 39.70444 ], [ -104.91174, 39.70894 ], [ -104.91757, 39.70895 ], [ -104.91757, 39.70444 ] ] ] } },
{ "type": "Feature", "properties": { "predicted": 0.009 }, "geometry": { "type": "Polygon", "coordinates": [ [ [ -104.91174, 39.70444 ], [ -104.90591, 39.70443 ], [ -104.9059, 39.70894 ], [ -104.91174, 39.70894 ], [ -104.91174, 39.70444 ] ] ] } },
{ "type": "Feature", "properties": { "predicted": 0.012 }, "geometry": { "type": "Polygon", "coordinates": [ [ [ -104.90591, 39.70443 ], [ -104.90008, 39.70443 ], [ -104.90007, 39.70893 ], [ -104.9059, 39.70894 ], [ -104.90591, 39.70443 ] ] ] } },
{ "type": "Feature", "properties": { "predicted": 0.014 }, "geometry": { "type": "Polygon", "coordinates": [ [ [ -104.90008, 39.70443 ], [ -104.89424, 39.70442 ], [ -104.89424, 39.70893 ], [ -104.90007, 39.70893 ], [ -104.90008, 39.70443 ] ] ] } },
{ "type": "Feature", "properties": { "predicted": 0.018 }, "geometry": { "type": "Polygon", "coordinates": [ [ [ -104.89424, 39.70442 ], [ -104.88841, 39.70442 ], [ -104.8884, 39.70892 ], [ -104.89424, 39.70893 ], [ -104.89424, 39.70442 ] ] ] } },
{ "type": "Feature", "properties": { "predicted": 0.017 }, "geometry": { "type": "Polygon", "coordinates": [ [ [ -104.88841, 39.70442 ], [ -104.88258, 39.70441 ], [ -104.88257, 39.70892 ], [ -104.8884, 39.70892 ], [ -104.88841, 39.70442 ] ] ] } },
{ "type": "Feature", "properties": { "predicted": 0.011 }, "geometry": { "type": "Polygon", "coordinates": [ [ [ -104.88258, 39.70441 ], [ -104.87675, 39.70441 ], [ -104.87674, 39.70891 ], [ -104.88257, 39.70892 ], [ -104.88258, 39.70441 ] ] ] } },
{ "type": "Feature", "properties": { "predicted": 0.008 }, "geometry": { "type": "Polygon", "coordinates": [ [ [ -104.87675, 39.70441 ], [ -104.87091, 39.7044 ], [ -104.87091, 39.7089 ], [ -104.87674, 39.70891 ], [ -104.87675, 39.70441 ] ] ] } },
{ "type": "Feature", "properties": { "predicted": 0.005 }, "geometry": { "type": "Polygon", "coordinates": [ [ [ -104.87091, 39.7044 ], [ -104.86508, 39.70439 ], [ -104.86507, 39.7089 ], [ -104.87091, 39.7089 ], [ -104.87091, 39.7044 ] ] ] } },
{ "type": "Feature", "properties": { "predicted": 0.011 }, "geometry": { "type": "Polygon", "coordinates": [ [ [ -105.05756, 39.70896 ], [ -105.05173, 39.70896 ], [ -105.05173, 39.71347 ], [ -105.05756, 39.71347 ], [ -105.05756, 39.70896 ] ] ] } },
{ "type": "Feature", "properties": { "predicted": 0.04 }, "geometry": { "type": "Polygon", "coordinates": [ [ [ -105.05173, 39.70896 ], [ -105.04589, 39.70897 ], [ -105.0459, 39.71347 ], [ -105.05173, 39.71347 ], [ -105.05173, 39.70896 ] ] ] } },
{ "type": "Feature", "properties": { "predicted": 0.024 }, "geometry": { "type": "Polygon", "coordinates": [ [ [ -105.04589, 39.70897 ], [ -105.04006, 39.70897 ], [ -105.04006, 39.71347 ], [ -105.0459, 39.71347 ], [ -105.04589, 39.70897 ] ] ] } },
{ "type": "Feature", "properties": { "predicted": 0.033 }, "geometry": { "type": "Polygon", "coordinates": [ [ [ -105.04006, 39.70897 ], [ -105.03423, 39.70897 ], [ -105.03423, 39.71348 ], [ -105.04006, 39.71347 ], [ -105.04006, 39.70897 ] ] ] } },
{ "type": "Feature", "properties": { "predicted": 0.043 }, "geometry": { "type": "Polygon", "coordinates": [ [ [ -105.03423, 39.70897 ], [ -105.02839, 39.70897 ], [ -105.0284, 39.71348 ], [ -105.03423, 39.71348 ], [ -105.03423, 39.70897 ] ] ] } },
{ "type": "Feature", "properties": { "predicted": 0.062 }, "geometry": { "type": "Polygon", "coordinates": [ [ [ -105.02839, 39.70897 ], [ -105.02256, 39.70897 ], [ -105.02256, 39.71348 ], [ -105.0284, 39.71348 ], [ -105.02839, 39.70897 ] ] ] } },
{ "type": "Feature", "properties": { "predicted": 0.104 }, "geometry": { "type": "Polygon", "coordinates": [ [ [ -105.02256, 39.70897 ], [ -105.01673, 39.70898 ], [ -105.01673, 39.71348 ], [ -105.02256, 39.71348 ], [ -105.02256, 39.70897 ] ] ] } },
{ "type": "Feature", "properties": { "predicted": 0.155 }, "geometry": { "type": "Polygon", "coordinates": [ [ [ -105.01673, 39.70898 ], [ -105.01089, 39.70898 ], [ -105.0109, 39.71348 ], [ -105.01673, 39.71348 ], [ -105.01673, 39.70898 ] ] ] } },
{ "type": "Feature", "properties": { "predicted": 0.164 }, "geometry": { "type": "Polygon", "coordinates": [ [ [ -105.01089, 39.70898 ], [ -105.00506, 39.70898 ], [ -105.00506, 39.71348 ], [ -105.0109, 39.71348 ], [ -105.01089, 39.70898 ] ] ] } },
{ "type": "Feature", "properties": { "predicted": 0.134 }, "geometry": { "type": "Polygon", "coordinates": [ [ [ -105.00506, 39.70898 ], [ -104.99923, 39.70898 ], [ -104.99923, 39.71348 ], [ -105.00506, 39.71348 ], [ -105.00506, 39.70898 ] ] ] } },
{ "type": "Feature", "properties": { "predicted": 0.1 }, "geometry": { "type": "Polygon", "coordinates": [ [ [ -104.99923, 39.70898 ], [ -104.9934, 39.70898 ], [ -104.9934, 39.71348 ], [ -104.99923, 39.71348 ], [ -104.99923, 39.70898 ] ] ] } },
{ "type": "Feature", "properties": { "predicted": 0.058 }, "geometry": { "type": "Polygon", "coordinates": [ [ [ -104.9934, 39.70898 ], [ -104.98756, 39.70898 ], [ -104.98756, 39.71348 ], [ -104.9934, 39.71348 ], [ -104.9934, 39.70898 ] ] ] } },
{ "type": "Feature", "properties": { "predicted": 0.068 }, "geometry": { "type": "Polygon", "coordinates": [ [ [ -104.98756, 39.70898 ], [ -104.98173, 39.70897 ], [ -104.98173, 39.71348 ], [ -104.98756, 39.71348 ], [ -104.98756, 39.70898 ] ] ] } },
{ "type": "Feature", "properties": { "predicted": 0.095 }, "geometry": { "type": "Polygon", "coordinates": [ [ [ -104.98173, 39.70897 ], [ -104.9759, 39.70897 ], [ -104.9759, 39.71348 ], [ -104.98173, 39.71348 ], [ -104.98173, 39.70897 ] ] ] } },
{ "type": "Feature", "properties": { "predicted": 0.075 }, "geometry": { "type": "Polygon", "coordinates": [ [ [ -104.9759, 39.70897 ], [ -104.97006, 39.70897 ], [ -104.97006, 39.71348 ], [ -104.9759, 39.71348 ], [ -104.9759, 39.70897 ] ] ] } },
{ "type": "Feature", "properties": { "predicted": 0.068 }, "geometry": { "type": "Polygon", "coordinates": [ [ [ -104.97006, 39.70897 ], [ -104.96423, 39.70897 ], [ -104.96423, 39.71348 ], [ -104.97006, 39.71348 ], [ -104.97006, 39.70897 ] ] ] } },
{ "type": "Feature", "properties": { "predicted": 0.08 }, "geometry": { "type": "Polygon", "coordinates": [ [ [ -104.96423, 39.70897 ], [ -104.9584, 39.70897 ], [ -104.9584, 39.71347 ], [ -104.96423, 39.71348 ], [ -104.96423, 39.70897 ] ] ] } },
{ "type": "Feature", "properties": { "predicted": 0.042 }, "geometry": { "type": "Polygon", "coordinates": [ [ [ -104.9584, 39.70897 ], [ -104.95257, 39.70897 ], [ -104.95256, 39.71347 ], [ -104.9584, 39.71347 ], [ -104.9584, 39.70897 ] ] ] } },
{ "type": "Feature", "properties": { "predicted": 0.03 }, "geometry": { "type": "Polygon", "coordinates": [ [ [ -104.95257, 39.70897 ], [ -104.94673, 39.70896 ], [ -104.94673, 39.71347 ], [ -104.95256, 39.71347 ], [ -104.95257, 39.70897 ] ] ] } },
{ "type": "Feature", "properties": { "predicted": 0.019 }, "geometry": { "type": "Polygon", "coordinates": [ [ [ -104.94673, 39.70896 ], [ -104.9409, 39.70896 ], [ -104.9409, 39.71347 ], [ -104.94673, 39.71347 ], [ -104.94673, 39.70896 ] ] ] } },
{ "type": "Feature", "properties": { "predicted": 0.014 }, "geometry": { "type": "Polygon", "coordinates": [ [ [ -104.9409, 39.70896 ], [ -104.93507, 39.70896 ], [ -104.93506, 39.71346 ], [ -104.9409, 39.71347 ], [ -104.9409, 39.70896 ] ] ] } },
{ "type": "Feature", "properties": { "predicted": 0.007 }, "geometry": { "type": "Polygon", "coordinates": [ [ [ -104.93507, 39.70896 ], [ -104.92923, 39.70895 ], [ -104.92923, 39.71346 ], [ -104.93506, 39.71346 ], [ -104.93507, 39.70896 ] ] ] } },
{ "type": "Feature", "properties": { "predicted": 0.004 }, "geometry": { "type": "Polygon", "coordinates": [ [ [ -104.92923, 39.70895 ], [ -104.9234, 39.70895 ], [ -104.9234, 39.71346 ], [ -104.92923, 39.71346 ], [ -104.92923, 39.70895 ] ] ] } },
{ "type": "Feature", "properties": { "predicted": 0.005 }, "geometry": { "type": "Polygon", "coordinates": [ [ [ -104.9234, 39.70895 ], [ -104.91757, 39.70895 ], [ -104.91756, 39.71345 ], [ -104.9234, 39.71346 ], [ -104.9234, 39.70895 ] ] ] } },
{ "type": "Feature", "properties": { "predicted": 0.007 }, "geometry": { "type": "Polygon", "coordinates": [ [ [ -104.91757, 39.70895 ], [ -104.91174, 39.70894 ], [ -104.91173, 39.71345 ], [ -104.91756, 39.71345 ], [ -104.91757, 39.70895 ] ] ] } },
{ "type": "Feature", "properties": { "predicted": 0.008 }, "geometry": { "type": "Polygon", "coordinates": [ [ [ -104.91174, 39.70894 ], [ -104.9059, 39.70894 ], [ -104.9059, 39.71344 ], [ -104.91173, 39.71345 ], [ -104.91174, 39.70894 ] ] ] } },
{ "type": "Feature", "properties": { "predicted": 0.01 }, "geometry": { "type": "Polygon", "coordinates": [ [ [ -104.9059, 39.70894 ], [ -104.90007, 39.70893 ], [ -104.90006, 39.71344 ], [ -104.9059, 39.71344 ], [ -104.9059, 39.70894 ] ] ] } },
{ "type": "Feature", "properties": { "predicted": 0.013 }, "geometry": { "type": "Polygon", "coordinates": [ [ [ -104.90007, 39.70893 ], [ -104.89424, 39.70893 ], [ -104.89423, 39.71343 ], [ -104.90006, 39.71344 ], [ -104.90007, 39.70893 ] ] ] } },
{ "type": "Feature", "properties": { "predicted": 0.018 }, "geometry": { "type": "Polygon", "coordinates": [ [ [ -104.89424, 39.70893 ], [ -104.8884, 39.70892 ], [ -104.8884, 39.71343 ], [ -104.89423, 39.71343 ], [ -104.89424, 39.70893 ] ] ] } },
{ "type": "Feature", "properties": { "predicted": 0.021 }, "geometry": { "type": "Polygon", "coordinates": [ [ [ -104.8884, 39.70892 ], [ -104.88257, 39.70892 ], [ -104.88256, 39.71342 ], [ -104.8884, 39.71343 ], [ -104.8884, 39.70892 ] ] ] } },
{ "type": "Feature", "properties": { "predicted": 0.015 }, "geometry": { "type": "Polygon", "coordinates": [ [ [ -104.88257, 39.70892 ], [ -104.87674, 39.70891 ], [ -104.87673, 39.71342 ], [ -104.88256, 39.71342 ], [ -104.88257, 39.70892 ] ] ] } },
{ "type": "Feature", "properties": { "predicted": 0.01 }, "geometry": { "type": "Polygon", "coordinates": [ [ [ -104.87674, 39.70891 ], [ -104.87091, 39.7089 ], [ -104.8709, 39.71341 ], [ -104.87673, 39.71342 ], [ -104.87674, 39.70891 ] ] ] } },
{ "type": "Feature", "properties": { "predicted": 0.006 }, "geometry": { "type": "Polygon", "coordinates": [ [ [ -104.87091, 39.7089 ], [ -104.86507, 39.7089 ], [ -104.86506, 39.7134 ], [ -104.8709, 39.71341 ], [ -104.87091, 39.7089 ] ] ] } },
{ "type": "Feature", "properties": { "predicted": 0.008 }, "geometry": { "type": "Polygon", "coordinates": [ [ [ -105.05756, 39.71347 ], [ -105.05173, 39.71347 ], [ -105.05173, 39.71798 ], [ -105.05757, 39.71797 ], [ -105.05756, 39.71347 ] ] ] } },
{ "type": "Feature", "properties": { "predicted": 0.026 }, "geometry": { "type": "Polygon", "coordinates": [ [ [ -105.05173, 39.71347 ], [ -105.0459, 39.71347 ], [ -105.0459, 39.71798 ], [ -105.05173, 39.71798 ], [ -105.05173, 39.71347 ] ] ] } },
{ "type": "Feature", "properties": { "predicted": 0.039 }, "geometry": { "type": "Polygon", "coordinates": [ [ [ -105.0459, 39.71347 ], [ -105.04006, 39.71347 ], [ -105.04006, 39.71798 ], [ -105.0459, 39.71798 ], [ -105.0459, 39.71347 ] ] ] } },
{ "type": "Feature", "properties": { "predicted": 0.042 }, "geometry": { "type": "Polygon", "coordinates": [ [ [ -105.04006, 39.71347 ], [ -105.03423, 39.71348 ], [ -105.03423, 39.71798 ], [ -105.04006, 39.71798 ], [ -105.04006, 39.71347 ] ] ] } },
{ "type": "Feature", "properties": { "predicted": 0.048 }, "geometry": { "type": "Polygon", "coordinates": [ [ [ -105.03423, 39.71348 ], [ -105.0284, 39.71348 ], [ -105.0284, 39.71798 ], [ -105.03423, 39.71798 ], [ -105.03423, 39.71348 ] ] ] } },
{ "type": "Feature", "properties": { "predicted": 0.072 }, "geometry": { "type": "Polygon", "coordinates": [ [ [ -105.0284, 39.71348 ], [ -105.02256, 39.71348 ], [ -105.02256, 39.71798 ], [ -105.0284, 39.71798 ], [ -105.0284, 39.71348 ] ] ] } },
{ "type": "Feature", "properties": { "predicted": 0.112 }, "geometry": { "type": "Polygon", "coordinates": [ [ [ -105.02256, 39.71348 ], [ -105.01673, 39.71348 ], [ -105.01673, 39.71799 ], [ -105.02256, 39.71798 ], [ -105.02256, 39.71348 ] ] ] } },
{ "type": "Feature", "properties": { "predicted": 0.168 }, "geometry": { "type": "Polygon", "coordinates": [ [ [ -105.01673, 39.71348 ], [ -105.0109, 39.71348 ], [ -105.0109, 39.71799 ], [ -105.01673, 39.71799 ], [ -105.01673, 39.71348 ] ] ] } },
{ "type": "Feature", "properties": { "predicted": 0.122 }, "geometry": { "type": "Polygon", "coordinates": [ [ [ -105.0109, 39.71348 ], [ -105.00506, 39.71348 ], [ -105.00506, 39.71799 ], [ -105.0109, 39.71799 ], [ -105.0109, 39.71348 ] ] ] } },
{ "type": "Feature", "properties": { "predicted": 0.119 }, "geometry": { "type": "Polygon", "coordinates": [ [ [ -105.00506, 39.71348 ], [ -104.99923, 39.71348 ], [ -104.99923, 39.71799 ], [ -105.00506, 39.71799 ], [ -105.00506, 39.71348 ] ] ] } },
{ "type": "Feature", "properties": { "predicted": 0.062 }, "geometry": { "type": "Polygon", "coordinates": [ [ [ -104.99923, 39.71348 ], [ -104.9934, 39.71348 ], [ -104.9934, 39.71799 ], [ -104.99923, 39.71799 ], [ -104.99923, 39.71348 ] ] ] } },
{ "type": "Feature", "properties": { "predicted": 0.045 }, "geometry": { "type": "Polygon", "coordinates": [ [ [ -104.9934, 39.71348 ], [ -104.98756, 39.71348 ], [ -104.98756, 39.71799 ], [ -104.9934, 39.71799 ], [ -104.9934, 39.71348 ] ] ] } },
{ "type": "Feature", "properties": { "predicted": 0.053 }, "geometry": { "type": "Polygon", "coordinates": [ [ [ -104.98756, 39.71348 ], [ -104.98173, 39.71348 ], [ -104.98173, 39.71799 ], [ -104.98756, 39.71799 ], [ -104.98756, 39.71348 ] ] ] } },
{ "type": "Feature", "properties": { "predicted": 0.065 }, "geometry": { "type": "Polygon", "coordinates": [ [ [ -104.98173, 39.71348 ], [ -104.9759, 39.71348 ], [ -104.97589, 39.71798 ], [ -104.98173, 39.71799 ], [ -104.98173, 39.71348 ] ] ] } },
{ "type": "Feature", "properties": { "predicted": 0.076 }, "geometry": { "type": "Polygon", "coordinates": [ [ [ -104.9759, 39.71348 ], [ -104.97006, 39.71348 ], [ -104.97006, 39.71798 ], [ -104.97589, 39.71798 ], [ -104.9759, 39.71348 ] ] ] } },
{ "type": "Feature", "properties": { "predicted": 0.105 }, "geometry": { "type": "Polygon", "coordinates": [ [ [ -104.97006, 39.71348 ], [ -104.96423, 39.71348 ], [ -104.96423, 39.71798 ], [ -104.97006, 39.71798 ], [ -104.97006, 39.71348 ] ] ] } },
{ "type": "Feature", "properties": { "predicted": 0.062 }, "geometry": { "type": "Polygon", "coordinates": [ [ [ -104.96423, 39.71348 ], [ -104.9584, 39.71347 ], [ -104.95839, 39.71798 ], [ -104.96423, 39.71798 ], [ -104.96423, 39.71348 ] ] ] } },
{ "type": "Feature", "properties": { "predicted": 0.042 }, "geometry": { "type": "Polygon", "coordinates": [ [ [ -104.9584, 39.71347 ], [ -104.95256, 39.71347 ], [ -104.95256, 39.71798 ], [ -104.95839, 39.71798 ], [ -104.9584, 39.71347 ] ] ] } },
{ "type": "Feature", "properties": { "predicted": 0.027 }, "geometry": { "type": "Polygon", "coordinates": [ [ [ -104.95256, 39.71347 ], [ -104.94673, 39.71347 ], [ -104.94673, 39.71797 ], [ -104.95256, 39.71798 ], [ -104.95256, 39.71347 ] ] ] } },
{ "type": "Feature", "properties": { "predicted": 0.019 }, "geometry": { "type": "Polygon", "coordinates": [ [ [ -104.94673, 39.71347 ], [ -104.9409, 39.71347 ], [ -104.94089, 39.71797 ], [ -104.94673, 39.71797 ], [ -104.94673, 39.71347 ] ] ] } },
{ "type": "Feature", "properties": { "predicted": 0.01 }, "geometry": { "type": "Polygon", "coordinates": [ [ [ -104.9409, 39.71347 ], [ -104.93506, 39.71346 ], [ -104.93506, 39.71797 ], [ -104.94089, 39.71797 ], [ -104.9409, 39.71347 ] ] ] } },
{ "type": "Feature", "properties": { "predicted": 0.003 }, "geometry": { "type": "Polygon", "coordinates": [ [ [ -104.93506, 39.71346 ], [ -104.92923, 39.71346 ], [ -104.92923, 39.71797 ], [ -104.93506, 39.71797 ], [ -104.93506, 39.71346 ] ] ] } },
{ "type": "Feature", "properties": { "predicted": 0.002 }, "geometry": { "type": "Polygon", "coordinates": [ [ [ -104.92923, 39.71346 ], [ -104.9234, 39.71346 ], [ -104.92339, 39.71796 ], [ -104.92923, 39.71797 ], [ -104.92923, 39.71346 ] ] ] } },
{ "type": "Feature", "properties": { "predicted": 0.004 }, "geometry": { "type": "Polygon", "coordinates": [ [ [ -104.9234, 39.71346 ], [ -104.91756, 39.71345 ], [ -104.91756, 39.71796 ], [ -104.92339, 39.71796 ], [ -104.9234, 39.71346 ] ] ] } },
{ "type": "Feature", "properties": { "predicted": 0.008 }, "geometry": { "type": "Polygon", "coordinates": [ [ [ -104.91756, 39.71345 ], [ -104.91173, 39.71345 ], [ -104.91172, 39.71795 ], [ -104.91756, 39.71796 ], [ -104.91756, 39.71345 ] ] ] } },
{ "type": "Feature", "properties": { "predicted": 0.009 }, "geometry": { "type": "Polygon", "coordinates": [ [ [ -104.91173, 39.71345 ], [ -104.9059, 39.71344 ], [ -104.90589, 39.71795 ], [ -104.91172, 39.71795 ], [ -104.91173, 39.71345 ] ] ] } },
{ "type": "Feature", "properties": { "predicted": 0.009 }, "geometry": { "type": "Polygon", "coordinates": [ [ [ -104.9059, 39.71344 ], [ -104.90006, 39.71344 ], [ -104.90006, 39.71794 ], [ -104.90589, 39.71795 ], [ -104.9059, 39.71344 ] ] ] } },
{ "type": "Feature", "properties": { "predicted": 0.012 }, "geometry": { "type": "Polygon", "coordinates": [ [ [ -104.90006, 39.71344 ], [ -104.89423, 39.71343 ], [ -104.89422, 39.71794 ], [ -104.90006, 39.71794 ], [ -104.90006, 39.71344 ] ] ] } },
{ "type": "Feature", "properties": { "predicted": 0.017 }, "geometry": { "type": "Polygon", "coordinates": [ [ [ -104.89423, 39.71343 ], [ -104.8884, 39.71343 ], [ -104.88839, 39.71793 ], [ -104.89422, 39.71794 ], [ -104.89423, 39.71343 ] ] ] } },
{ "type": "Feature", "properties": { "predicted": 0.018 }, "geometry": { "type": "Polygon", "coordinates": [ [ [ -104.8884, 39.71343 ], [ -104.88256, 39.71342 ], [ -104.88256, 39.71793 ], [ -104.88839, 39.71793 ], [ -104.8884, 39.71343 ] ] ] } },
{ "type": "Feature", "properties": { "predicted": 0.015 }, "geometry": { "type": "Polygon", "coordinates": [ [ [ -104.88256, 39.71342 ], [ -104.87673, 39.71342 ], [ -104.87672, 39.71792 ], [ -104.88256, 39.71793 ], [ -104.88256, 39.71342 ] ] ] } },
{ "type": "Feature", "properties": { "predicted": 0.01 }, "geometry": { "type": "Polygon", "coordinates": [ [ [ -104.87673, 39.71342 ], [ -104.8709, 39.71341 ], [ -104.87089, 39.71791 ], [ -104.87672, 39.71792 ], [ -104.87673, 39.71342 ] ] ] } },
{ "type": "Feature", "properties": { "predicted": 0.005 }, "geometry": { "type": "Polygon", "coordinates": [ [ [ -104.8709, 39.71341 ], [ -104.86506, 39.7134 ], [ -104.86506, 39.71791 ], [ -104.87089, 39.71791 ], [ -104.8709, 39.71341 ] ] ] } },
{ "type": "Feature", "properties": { "predicted": 0.009 }, "geometry": { "type": "Polygon", "coordinates": [ [ [ -105.05757, 39.71797 ], [ -105.05173, 39.71798 ], [ -105.05174, 39.72248 ], [ -105.05757, 39.72248 ], [ -105.05757, 39.71797 ] ] ] } },
{ "type": "Feature", "properties": { "predicted": 0.015 }, "geometry": { "type": "Polygon", "coordinates": [ [ [ -105.05173, 39.71798 ], [ -105.0459, 39.71798 ], [ -105.0459, 39.72248 ], [ -105.05174, 39.72248 ], [ -105.05173, 39.71798 ] ] ] } },
{ "type": "Feature", "properties": { "predicted": 0.023 }, "geometry": { "type": "Polygon", "coordinates": [ [ [ -105.0459, 39.71798 ], [ -105.04006, 39.71798 ], [ -105.04007, 39.72248 ], [ -105.0459, 39.72248 ], [ -105.0459, 39.71798 ] ] ] } },
{ "type": "Feature", "properties": { "predicted": 0.035 }, "geometry": { "type": "Polygon", "coordinates": [ [ [ -105.04006, 39.71798 ], [ -105.03423, 39.71798 ], [ -105.03423, 39.72249 ], [ -105.04007, 39.72248 ], [ -105.04006, 39.71798 ] ] ] } },
{ "type": "Feature", "properties": { "predicted": 0.043 }, "geometry": { "type": "Polygon", "coordinates": [ [ [ -105.03423, 39.71798 ], [ -105.0284, 39.71798 ], [ -105.0284, 39.72249 ], [ -105.03423, 39.72249 ], [ -105.03423, 39.71798 ] ] ] } },
{ "type": "Feature", "properties": { "predicted": 0.054 }, "geometry": { "type": "Polygon", "coordinates": [ [ [ -105.0284, 39.71798 ], [ -105.02256, 39.71798 ], [ -105.02257, 39.72249 ], [ -105.0284, 39.72249 ], [ -105.0284, 39.71798 ] ] ] } },
{ "type": "Feature", "properties": { "predicted": 0.118 }, "geometry": { "type": "Polygon", "coordinates": [ [ [ -105.02256, 39.71798 ], [ -105.01673, 39.71799 ], [ -105.01673, 39.72249 ], [ -105.02257, 39.72249 ], [ -105.02256, 39.71798 ] ] ] } },
{ "type": "Feature", "properties": { "predicted": 0.104 }, "geometry": { "type": "Polygon", "coordinates": [ [ [ -105.01673, 39.71799 ], [ -105.0109, 39.71799 ], [ -105.0109, 39.72249 ], [ -105.01673, 39.72249 ], [ -105.01673, 39.71799 ] ] ] } },
{ "type": "Feature", "properties": { "predicted": 0.115 }, "geometry": { "type": "Polygon", "coordinates": [ [ [ -105.0109, 39.71799 ], [ -105.00506, 39.71799 ], [ -105.00506, 39.72249 ], [ -105.0109, 39.72249 ], [ -105.0109, 39.71799 ] ] ] } },
{ "type": "Feature", "properties": { "predicted": 0.069 }, "geometry": { "type": "Polygon", "coordinates": [ [ [ -105.00506, 39.71799 ], [ -104.99923, 39.71799 ], [ -104.99923, 39.72249 ], [ -105.00506, 39.72249 ], [ -105.00506, 39.71799 ] ] ] } },
{ "type": "Feature", "properties": { "predicted": 0.04 }, "geometry": { "type": "Polygon", "coordinates": [ [ [ -104.99923, 39.71799 ], [ -104.9934, 39.71799 ], [ -104.99339, 39.72249 ], [ -104.99923, 39.72249 ], [ -104.99923, 39.71799 ] ] ] } },
{ "type": "Feature", "properties": { "predicted": 0.035 }, "geometry": { "type": "Polygon", "coordinates": [ [ [ -104.9934, 39.71799 ], [ -104.98756, 39.71799 ], [ -104.98756, 39.72249 ], [ -104.99339, 39.72249 ], [ -104.9934, 39.71799 ] ] ] } },
{ "type": "Feature", "properties": { "predicted": 0.044 }, "geometry": { "type": "Polygon", "coordinates": [ [ [ -104.98756, 39.71799 ], [ -104.98173, 39.71799 ], [ -104.98173, 39.72249 ], [ -104.98756, 39.72249 ], [ -104.98756, 39.71799 ] ] ] } },
{ "type": "Feature", "properties": { "predicted": 0.062 }, "geometry": { "type": "Polygon", "coordinates": [ [ [ -104.98173, 39.71799 ], [ -104.97589, 39.71798 ], [ -104.97589, 39.72249 ], [ -104.98173, 39.72249 ], [ -104.98173, 39.71799 ] ] ] } },
{ "type": "Feature", "properties": { "predicted": 0.057 }, "geometry": { "type": "Polygon", "coordinates": [ [ [ -104.97589, 39.71798 ], [ -104.97006, 39.71798 ], [ -104.97006, 39.72249 ], [ -104.97589, 39.72249 ], [ -104.97589, 39.71798 ] ] ] } },
{ "type": "Feature", "properties": { "predicted": 0.047 }, "geometry": { "type": "Polygon", "coordinates": [ [ [ -104.97006, 39.71798 ], [ -104.96423, 39.71798 ], [ -104.96422, 39.72249 ], [ -104.97006, 39.72249 ], [ -104.97006, 39.71798 ] ] ] } },
{ "type": "Feature", "properties": { "predicted": 0.037 }, "geometry": { "type": "Polygon", "coordinates": [ [ [ -104.96423, 39.71798 ], [ -104.95839, 39.71798 ], [ -104.95839, 39.72248 ], [ -104.96422, 39.72249 ], [ -104.96423, 39.71798 ] ] ] } },
{ "type": "Feature", "properties": { "predicted": 0.027 }, "geometry": { "type": "Polygon", "coordinates": [ [ [ -104.95839, 39.71798 ], [ -104.95256, 39.71798 ], [ -104.95256, 39.72248 ], [ -104.95839, 39.72248 ], [ -104.95839, 39.71798 ] ] ] } },
{ "type": "Feature", "properties": { "predicted": 0.022 }, "geometry": { "type": "Polygon", "coordinates": [ [ [ -104.95256, 39.71798 ], [ -104.94673, 39.71797 ], [ -104.94672, 39.72248 ], [ -104.95256, 39.72248 ], [ -104.95256, 39.71798 ] ] ] } },
{ "type": "Feature", "properties": { "predicted": 0.012 }, "geometry": { "type": "Polygon", "coordinates": [ [ [ -104.94673, 39.71797 ], [ -104.94089, 39.71797 ], [ -104.94089, 39.72248 ], [ -104.94672, 39.72248 ], [ -104.94673, 39.71797 ] ] ] } },
{ "type": "Feature", "properties": { "predicted": 0.006 }, "geometry": { "type": "Polygon", "coordinates": [ [ [ -104.94089, 39.71797 ], [ -104.93506, 39.71797 ], [ -104.93505, 39.72247 ], [ -104.94089, 39.72248 ], [ -104.94089, 39.71797 ] ] ] } },
{ "type": "Feature", "properties": { "predicted": 0.004 }, "geometry": { "type": "Polygon", "coordinates": [ [ [ -104.93506, 39.71797 ], [ -104.92923, 39.71797 ], [ -104.92922, 39.72247 ], [ -104.93505, 39.72247 ], [ -104.93506, 39.71797 ] ] ] } },
{ "type": "Feature", "properties": { "predicted": 0.004 }, "geometry": { "type": "Polygon", "coordinates": [ [ [ -104.92923, 39.71797 ], [ -104.92339, 39.71796 ], [ -104.92339, 39.72247 ], [ -104.92922, 39.72247 ], [ -104.92923, 39.71797 ] ] ] } },
{ "type": "Feature", "properties": { "predicted": 0.004 }, "geometry": { "type": "Polygon", "coordinates": [ [ [ -104.92339, 39.71796 ], [ -104.91756, 39.71796 ], [ -104.91755, 39.72246 ], [ -104.92339, 39.72247 ], [ -104.92339, 39.71796 ] ] ] } },
{ "type": "Feature", "properties": { "predicted": 0.007 }, "geometry": { "type": "Polygon", "coordinates": [ [ [ -104.91756, 39.71796 ], [ -104.91172, 39.71795 ], [ -104.91172, 39.72246 ], [ -104.91755, 39.72246 ], [ -104.91756, 39.71796 ] ] ] } },
{ "type": "Feature", "properties": { "predicted": 0.008 }, "geometry": { "type": "Polygon", "coordinates": [ [ [ -104.91172, 39.71795 ], [ -104.90589, 39.71795 ], [ -104.90588, 39.72245 ], [ -104.91172, 39.72246 ], [ -104.91172, 39.71795 ] ] ] } },
{ "type": "Feature", "properties": { "predicted": 0.008 }, "geometry": { "type": "Polygon", "coordinates": [ [ [ -104.90589, 39.71795 ], [ -104.90006, 39.71794 ], [ -104.90005, 39.72245 ], [ -104.90588, 39.72245 ], [ -104.90589, 39.71795 ] ] ] } },
{ "type": "Feature", "properties": { "predicted": 0.01 }, "geometry": { "type": "Polygon", "coordinates": [ [ [ -104.90006, 39.71794 ], [ -104.89422, 39.71794 ], [ -104.89422, 39.72244 ], [ -104.90005, 39.72245 ], [ -104.90006, 39.71794 ] ] ] } },
{ "type": "Feature", "properties": { "predicted": 0.011 }, "geometry": { "type": "Polygon", "coordinates": [ [ [ -104.89422, 39.71794 ], [ -104.88839, 39.71793 ], [ -104.88838, 39.72244 ], [ -104.89422, 39.72244 ], [ -104.89422, 39.71794 ] ] ] } },
{ "type": "Feature", "properties": { "predicted": 0.013 }, "geometry": { "type": "Polygon", "coordinates": [ [ [ -104.88839, 39.71793 ], [ -104.88256, 39.71793 ], [ -104.88255, 39.72243 ], [ -104.88838, 39.72244 ], [ -104.88839, 39.71793 ] ] ] } },
{ "type": "Feature", "properties": { "predicted": 0.011 }, "geometry": { "type": "Polygon", "coordinates": [ [ [ -104.88256, 39.71793 ], [ -104.87672, 39.71792 ], [ -104.87671, 39.72243 ], [ -104.88255, 39.72243 ], [ -104.88256, 39.71793 ] ] ] } },
{ "type": "Feature", "properties": { "predicted": 0.007 }, "geometry": { "type": "Polygon", "coordinates": [ [ [ -104.87672, 39.71792 ], [ -104.87089, 39.71791 ], [ -104.87088, 39.72242 ], [ -104.87671, 39.72243 ], [ -104.87672, 39.71792 ] ] ] } },
{ "type": "Feature", "properties": { "predicted": 0.004 }, "geometry": { "type": "Polygon", "coordinates": [ [ [ -104.87089, 39.71791 ], [ -104.86506, 39.71791 ], [ -104.86505, 39.72241 ], [ -104.87088, 39.72242 ], [ -104.87089, 39.71791 ] ] ] } },
{ "type": "Feature", "properties": { "predicted": 0.018 }, "geometry": { "type": "Polygon", "coordinates": [ [ [ -105.05757, 39.72248 ], [ -105.05174, 39.72248 ], [ -105.05174, 39.72699 ], [ -105.05757, 39.72698 ], [ -105.05757, 39.72248 ] ] ] } },
{ "type": "Feature", "properties": { "predicted": 0.018 }, "geometry": { "type": "Polygon", "coordinates": [ [ [ -105.05174, 39.72248 ], [ -105.0459, 39.72248 ], [ -105.0459, 39.72699 ], [ -105.05174, 39.72699 ], [ -105.05174, 39.72248 ] ] ] } },
{ "type": "Feature", "properties": { "predicted": 0.014 }, "geometry": { "type": "Polygon", "coordinates": [ [ [ -105.0459, 39.72248 ], [ -105.04007, 39.72248 ], [ -105.04007, 39.72699 ], [ -105.0459, 39.72699 ], [ -105.0459, 39.72248 ] ] ] } },
{ "type": "Feature", "properties": { "predicted": 0.015 }, "geometry": { "type": "Polygon", "coordinates": [ [ [ -105.04007, 39.72248 ], [ -105.03423, 39.72249 ], [ -105.03424, 39.72699 ], [ -105.04007, 39.72699 ], [ -105.04007, 39.72248 ] ] ] } },
{ "type": "Feature", "properties": { "predicted": 0.038 }, "geometry": { "type": "Polygon", "coordinates": [ [ [ -105.03423, 39.72249 ], [ -105.0284, 39.72249 ], [ -105.0284, 39.72699 ], [ -105.03424, 39.72699 ], [ -105.03423, 39.72249 ] ] ] } },
{ "type": "Feature", "properties": { "predicted": 0.068 }, "geometry": { "type": "Polygon", "coordinates": [ [ [ -105.0284, 39.72249 ], [ -105.02257, 39.72249 ], [ -105.02257, 39.72699 ], [ -105.0284, 39.72699 ], [ -105.0284, 39.72249 ] ] ] } },
{ "type": "Feature", "properties": { "predicted": 0.102 }, "geometry": { "type": "Polygon", "coordinates": [ [ [ -105.02257, 39.72249 ], [ -105.01673, 39.72249 ], [ -105.01673, 39.727 ], [ -105.02257, 39.72699 ], [ -105.02257, 39.72249 ] ] ] } },
{ "type": "Feature", "properties": { "predicted": 0.139 }, "geometry": { "type": "Polygon", "coordinates": [ [ [ -105.01673, 39.72249 ], [ -105.0109, 39.72249 ], [ -105.0109, 39.727 ], [ -105.01673, 39.727 ], [ -105.01673, 39.72249 ] ] ] } },
{ "type": "Feature", "properties": { "predicted": 0.084 }, "geometry": { "type": "Polygon", "coordinates": [ [ [ -105.0109, 39.72249 ], [ -105.00506, 39.72249 ], [ -105.00506, 39.727 ], [ -105.0109, 39.727 ], [ -105.0109, 39.72249 ] ] ] } },
{ "type": "Feature", "properties": { "predicted": 0.051 }, "geometry": { "type": "Polygon", "coordinates": [ [ [ -105.00506, 39.72249 ], [ -104.99923, 39.72249 ], [ -104.99923, 39.727 ], [ -105.00506, 39.727 ], [ -105.00506, 39.72249 ] ] ] } },
{ "type": "Feature", "properties": { "predicted": 0.029 }, "geometry": { "type": "Polygon", "coordinates": [ [ [ -104.99923, 39.72249 ], [ -104.99339, 39.72249 ], [ -104.99339, 39.727 ], [ -104.99923, 39.727 ], [ -104.99923, 39.72249 ] ] ] } },
{ "type": "Feature", "properties": { "predicted": 0.034 }, "geometry": { "type": "Polygon", "coordinates": [ [ [ -104.99339, 39.72249 ], [ -104.98756, 39.72249 ], [ -104.98756, 39.727 ], [ -104.99339, 39.727 ], [ -104.99339, 39.72249 ] ] ] } },
{ "type": "Feature", "properties": { "predicted": 0.046 }, "geometry": { "type": "Polygon", "coordinates": [ [ [ -104.98756, 39.72249 ], [ -104.98173, 39.72249 ], [ -104.98173, 39.727 ], [ -104.98756, 39.727 ], [ -104.98756, 39.72249 ] ] ] } },
{ "type": "Feature", "properties": { "predicted": 0.045 }, "geometry": { "type": "Polygon", "coordinates": [ [ [ -104.98173, 39.72249 ], [ -104.97589, 39.72249 ], [ -104.97589, 39.72699 ], [ -104.98173, 39.727 ], [ -104.98173, 39.72249 ] ] ] } },
{ "type": "Feature", "properties": { "predicted": 0.043 }, "geometry": { "type": "Polygon", "coordinates": [ [ [ -104.97589, 39.72249 ], [ -104.97006, 39.72249 ], [ -104.97006, 39.72699 ], [ -104.97589, 39.72699 ], [ -104.97589, 39.72249 ] ] ] } },
{ "type": "Feature", "properties": { "predicted": 0.036 }, "geometry": { "type": "Polygon", "coordinates": [ [ [ -104.97006, 39.72249 ], [ -104.96422, 39.72249 ], [ -104.96422, 39.72699 ], [ -104.97006, 39.72699 ], [ -104.97006, 39.72249 ] ] ] } },
{ "type": "Feature", "properties": { "predicted": 0.027 }, "geometry": { "type": "Polygon", "coordinates": [ [ [ -104.96422, 39.72249 ], [ -104.95839, 39.72248 ], [ -104.95839, 39.72699 ], [ -104.96422, 39.72699 ], [ -104.96422, 39.72249 ] ] ] } },
{ "type": "Feature", "properties": { "predicted": 0.023 }, "geometry": { "type": "Polygon", "coordinates": [ [ [ -104.95839, 39.72248 ], [ -104.95256, 39.72248 ], [ -104.95255, 39.72699 ], [ -104.95839, 39.72699 ], [ -104.95839, 39.72248 ] ] ] } },
{ "type": "Feature", "properties": { "predicted": 0.017 }, "geometry": { "type": "Polygon", "coordinates": [ [ [ -104.95256, 39.72248 ], [ -104.94672, 39.72248 ], [ -104.94672, 39.72698 ], [ -104.95255, 39.72699 ], [ -104.95256, 39.72248 ] ] ] } },
{ "type": "Feature", "properties": { "predicted": 0.014 }, "geometry": { "type": "Polygon", "coordinates": [ [ [ -104.94672, 39.72248 ], [ -104.94089, 39.72248 ], [ -104.94089, 39.72698 ], [ -104.94672, 39.72698 ], [ -104.94672, 39.72248 ] ] ] } },
{ "type": "Feature", "properties": { "predicted": 0.014 }, "geometry": { "type": "Polygon", "coordinates": [ [ [ -104.94089, 39.72248 ], [ -104.93505, 39.72247 ], [ -104.93505, 39.72698 ], [ -104.94089, 39.72698 ], [ -104.94089, 39.72248 ] ] ] } },
{ "type": "Feature", "properties": { "predicted": 0.01 }, "geometry": { "type": "Polygon", "coordinates": [ [ [ -104.93505, 39.72247 ], [ -104.92922, 39.72247 ], [ -104.92922, 39.72698 ], [ -104.93505, 39.72698 ], [ -104.93505, 39.72247 ] ] ] } },
{ "type": "Feature", "properties": { "predicted": 0.008 }, "geometry": { "type": "Polygon", "coordinates": [ [ [ -104.92922, 39.72247 ], [ -104.92339, 39.72247 ], [ -104.92338, 39.72697 ], [ -104.92922, 39.72698 ], [ -104.92922, 39.72247 ] ] ] } },
{ "type": "Feature", "properties": { "predicted": 0.007 }, "geometry": { "type": "Polygon", "coordinates": [ [ [ -104.92339, 39.72247 ], [ -104.91755, 39.72246 ], [ -104.91755, 39.72697 ], [ -104.92338, 39.72697 ], [ -104.92339, 39.72247 ] ] ] } },
{ "type": "Feature", "properties": { "predicted": 0.006 }, "geometry": { "type": "Polygon", "coordinates": [ [ [ -104.91755, 39.72246 ], [ -104.91172, 39.72246 ], [ -104.91171, 39.72696 ], [ -104.91755, 39.72697 ], [ -104.91755, 39.72246 ] ] ] } },
{ "type": "Feature", "properties": { "predicted": 0.008 }, "geometry": { "type": "Polygon", "coordinates": [ [ [ -104.91172, 39.72246 ], [ -104.90588, 39.72245 ], [ -104.90588, 39.72696 ], [ -104.91171, 39.72696 ], [ -104.91172, 39.72246 ] ] ] } },
{ "type": "Feature", "properties": { "predicted": 0.008 }, "geometry": { "type": "Polygon", "coordinates": [ [ [ -104.90588, 39.72245 ], [ -104.90005, 39.72245 ], [ -104.90004, 39.72695 ], [ -104.90588, 39.72696 ], [ -104.90588, 39.72245 ] ] ] } },
{ "type": "Feature", "properties": { "predicted": 0.009 }, "geometry": { "type": "Polygon", "coordinates": [ [ [ -104.90005, 39.72245 ], [ -104.89422, 39.72244 ], [ -104.89421, 39.72695 ], [ -104.90004, 39.72695 ], [ -104.90005, 39.72245 ] ] ] } },
{ "type": "Feature", "properties": { "predicted": 0.01 }, "geometry": { "type": "Polygon", "coordinates": [ [ [ -104.89422, 39.72244 ], [ -104.88838, 39.72244 ], [ -104.88838, 39.72694 ], [ -104.89421, 39.72695 ], [ -104.89422, 39.72244 ] ] ] } },
{ "type": "Feature", "properties": { "predicted": 0.009 }, "geometry": { "type": "Polygon", "coordinates": [ [ [ -104.88838, 39.72244 ], [ -104.88255, 39.72243 ], [ -104.88254, 39.72694 ], [ -104.88838, 39.72694 ], [ -104.88838, 39.72244 ] ] ] } },
{ "type": "Feature", "properties": { "predicted": 0.008 }, "geometry": { "type": "Polygon", "coordinates": [ [ [ -104.88255, 39.72243 ], [ -104.87671, 39.72243 ], [ -104.87671, 39.72693 ], [ -104.88254, 39.72694 ], [ -104.88255, 39.72243 ] ] ] } },
{ "type": "Feature", "properties": { "predicted": 0.006 }, "geometry": { "type": "Polygon", "coordinates": [ [ [ -104.87671, 39.72243 ], [ -104.87088, 39.72242 ], [ -104.87087, 39.72693 ], [ -104.87671, 39.72693 ], [ -104.87671, 39.72243 ] ] ] } },
{ "type": "Feature", "properties": { "predicted": 0.037 }, "geometry": { "type": "Polygon", "coordinates": [ [ [ -105.05757, 39.72698 ], [ -105.05174, 39.72699 ], [ -105.05174, 39.73149 ], [ -105.05758, 39.73149 ], [ -105.05757, 39.72698 ] ] ] } },
{ "type": "Feature", "properties": { "predicted": 0.06 }, "geometry": { "type": "Polygon", "coordinates": [ [ [ -105.05174, 39.72699 ], [ -105.0459, 39.72699 ], [ -105.04591, 39.73149 ], [ -105.05174, 39.73149 ], [ -105.05174, 39.72699 ] ] ] } },
{ "type": "Feature", "properties": { "predicted": 0.077 }, "geometry": { "type": "Polygon", "coordinates": [ [ [ -105.0459, 39.72699 ], [ -105.04007, 39.72699 ], [ -105.04007, 39.7315 ], [ -105.04591, 39.73149 ], [ -105.0459, 39.72699 ] ] ] } },
{ "type": "Feature", "properties": { "predicted": 0.049 }, "geometry": { "type": "Polygon", "coordinates": [ [ [ -105.04007, 39.72699 ], [ -105.03424, 39.72699 ], [ -105.03424, 39.7315 ], [ -105.04007, 39.7315 ], [ -105.04007, 39.72699 ] ] ] } },
{ "type": "Feature", "properties": { "predicted": 0.052 }, "geometry": { "type": "Polygon", "coordinates": [ [ [ -105.03424, 39.72699 ], [ -105.0284, 39.72699 ], [ -105.0284, 39.7315 ], [ -105.03424, 39.7315 ], [ -105.03424, 39.72699 ] ] ] } },
{ "type": "Feature", "properties": { "predicted": 0.072 }, "geometry": { "type": "Polygon", "coordinates": [ [ [ -105.0284, 39.72699 ], [ -105.02257, 39.72699 ], [ -105.02257, 39.7315 ], [ -105.0284, 39.7315 ], [ -105.0284, 39.72699 ] ] ] } },
{ "type": "Feature", "properties": { "predicted": 0.064 }, "geometry": { "type": "Polygon", "coordinates": [ [ [ -105.02257, 39.72699 ], [ -105.01673, 39.727 ], [ -105.01673, 39.7315 ], [ -105.02257, 39.7315 ], [ -105.02257, 39.72699 ] ] ] } },
{ "type": "Feature", "properties": { "predicted": 0.074 }, "geometry": { "type": "Polygon", "coordinates": [ [ [ -105.01673, 39.727 ], [ -105.0109, 39.727 ], [ -105.0109, 39.7315 ], [ -105.01673, 39.7315 ], [ -105.01673, 39.727 ] ] ] } },
{ "type": "Feature", "properties": { "predicted": 0.051 }, "geometry": { "type": "Polygon", "coordinates": [ [ [ -105.0109, 39.727 ], [ -105.00506, 39.727 ], [ -105.00506, 39.7315 ], [ -105.0109, 39.7315 ], [ -105.0109, 39.727 ] ] ] } },
{ "type": "Feature", "properties": { "predicted": 0.033 }, "geometry": { "type": "Polygon", "coordinates": [ [ [ -105.00506, 39.727 ], [ -104.99923, 39.727 ], [ -104.99923, 39.7315 ], [ -105.00506, 39.7315 ], [ -105.00506, 39.727 ] ] ] } },
{ "type": "Feature", "properties": { "predicted": 0.026 }, "geometry": { "type": "Polygon", "coordinates": [ [ [ -104.99923, 39.727 ], [ -104.99339, 39.727 ], [ -104.99339, 39.7315 ], [ -104.99923, 39.7315 ], [ -104.99923, 39.727 ] ] ] } },
{ "type": "Feature", "properties": { "predicted": 0.039 }, "geometry": { "type": "Polygon", "coordinates": [ [ [ -104.99339, 39.727 ], [ -104.98756, 39.727 ], [ -104.98756, 39.7315 ], [ -104.99339, 39.7315 ], [ -104.99339, 39.727 ] ] ] } },
{ "type": "Feature", "properties": { "predicted": 0.036 }, "geometry": { "type": "Polygon", "coordinates": [ [ [ -104.98756, 39.727 ], [ -104.98173, 39.727 ], [ -104.98172, 39.7315 ], [ -104.98756, 39.7315 ], [ -104.98756, 39.727 ] ] ] } },
{ "type": "Feature", "properties": { "predicted": 0.023 }, "geometry": { "type": "Polygon", "coordinates": [ [ [ -104.98173, 39.727 ], [ -104.97589, 39.72699 ], [ -104.97589, 39.7315 ], [ -104.98172, 39.7315 ], [ -104.98173, 39.727 ] ] ] } },
{ "type": "Feature", "properties": { "predicted": 0.021 }, "geometry": { "type": "Polygon", "coordinates": [ [ [ -104.97589, 39.72699 ], [ -104.97006, 39.72699 ], [ -104.97006, 39.7315 ], [ -104.97589, 39.7315 ], [ -104.97589, 39.72699 ] ] ] } },
{ "type": "Feature", "properties": { "predicted": 0.024 }, "geometry": { "type": "Polygon", "coordinates": [ [ [ -104.97006, 39.72699 ], [ -104.96422, 39.72699 ], [ -104.96422, 39.7315 ], [ -104.97006, 39.7315 ], [ -104.97006, 39.72699 ] ] ] } },
{ "type": "Feature", "properties": { "predicted": 0.021 }, "geometry": { "type": "Polygon", "coordinates": [ [ [ -104.96422, 39.72699 ], [ -104.95839, 39.72699 ], [ -104.95839, 39.73149 ], [ -104.96422, 39.7315 ], [ -104.96422, 39.72699 ] ] ] } },
{ "type": "Feature", "properties": { "predicted": 0.019 }, "geometry": { "type": "Polygon", "coordinates": [ [ [ -104.95839, 39.72699 ], [ -104.95255, 39.72699 ], [ -104.95255, 39.73149 ], [ -104.95839, 39.73149 ], [ -104.95839, 39.72699 ] ] ] } },
{ "type": "Feature", "properties": { "predicted": 0.018 }, "geometry": { "type": "Polygon", "coordinates": [ [ [ -104.95255, 39.72699 ], [ -104.94672, 39.72698 ], [ -104.94672, 39.73149 ], [ -104.95255, 39.73149 ], [ -104.95255, 39.72699 ] ] ] } },
{ "type": "Feature", "properties": { "predicted": 0.027 }, "geometry": { "type": "Polygon", "coordinates": [ [ [ -104.94672, 39.72698 ], [ -104.94089, 39.72698 ], [ -104.94088, 39.73149 ], [ -104.94672, 39.73149 ], [ -104.94672, 39.72698 ] ] ] } },
{ "type": "Feature", "properties": { "predicted": 0.024 }, "geometry": { "type": "Polygon", "coordinates": [ [ [ -104.94089, 39.72698 ], [ -104.93505, 39.72698 ], [ -104.93505, 39.73148 ], [ -104.94088, 39.73149 ], [ -104.94089, 39.72698 ] ] ] } },
{ "type": "Feature", "properties": { "predicted": 0.021 }, "geometry": { "type": "Polygon", "coordinates": [ [ [ -104.93505, 39.72698 ], [ -104.92922, 39.72698 ], [ -104.92921, 39.73148 ], [ -104.93505, 39.73148 ], [ -104.93505, 39.72698 ] ] ] } },
{ "type": "Feature", "properties": { "predicted": 0.017 }, "geometry": { "type": "Polygon", "coordinates": [ [ [ -104.92922, 39.72698 ], [ -104.92338, 39.72697 ], [ -104.92338, 39.73148 ], [ -104.92921, 39.73148 ], [ -104.92922, 39.72698 ] ] ] } },
{ "type": "Feature", "properties": { "predicted": 0.009 }, "geometry": { "type": "Polygon", "coordinates": [ [ [ -104.92338, 39.72697 ], [ -104.91755, 39.72697 ], [ -104.91754, 39.73147 ], [ -104.92338, 39.73148 ], [ -104.92338, 39.72697 ] ] ] } },
{ "type": "Feature", "properties": { "predicted": 0.007 }, "geometry": { "type": "Polygon", "coordinates": [ [ [ -104.91755, 39.72697 ], [ -104.91171, 39.72696 ], [ -104.91171, 39.73147 ], [ -104.91754, 39.73147 ], [ -104.91755, 39.72697 ] ] ] } },
{ "type": "Feature", "properties": { "predicted": 0.006 }, "geometry": { "type": "Polygon", "coordinates": [ [ [ -104.91171, 39.72696 ], [ -104.90588, 39.72696 ], [ -104.90587, 39.73146 ], [ -104.91171, 39.73147 ], [ -104.91171, 39.72696 ] ] ] } },
{ "type": "Feature", "properties": { "predicted": 0.007 }, "geometry": { "type": "Polygon", "coordinates": [ [ [ -104.90588, 39.72696 ], [ -104.90004, 39.72695 ], [ -104.90004, 39.73146 ], [ -104.90587, 39.73146 ], [ -104.90588, 39.72696 ] ] ] } },
{ "type": "Feature", "properties": { "predicted": 0.007 }, "geometry": { "type": "Polygon", "coordinates": [ [ [ -104.90004, 39.72695 ], [ -104.89421, 39.72695 ], [ -104.8942, 39.73145 ], [ -104.90004, 39.73146 ], [ -104.90004, 39.72695 ] ] ] } },
{ "type": "Feature", "properties": { "predicted": 0.009 }, "geometry": { "type": "Polygon", "coordinates": [ [ [ -104.89421, 39.72695 ], [ -104.88838, 39.72694 ], [ -104.88837, 39.73145 ], [ -104.8942, 39.73145 ], [ -104.89421, 39.72695 ] ] ] } },
{ "type": "Feature", "properties": { "predicted": 0.007 }, "geometry": { "type": "Polygon", "coordinates": [ [ [ -104.88838, 39.72694 ], [ -104.88254, 39.72694 ], [ -104.88253, 39.73144 ], [ -104.88837, 39.73145 ], [ -104.88838, 39.72694 ] ] ] } },
{ "type": "Feature", "properties": { "predicted": 0.05 }, "geometry": { "type": "Polygon", "coordinates": [ [ [ -105.05758, 39.73149 ], [ -105.05174, 39.73149 ], [ -105.05175, 39.736 ], [ -105.05758, 39.73599 ], [ -105.05758, 39.73149 ] ] ] } },
{ "type": "Feature", "properties": { "predicted": 0.076 }, "geometry": { "type": "Polygon", "coordinates": [ [ [ -105.05174, 39.73149 ], [ -105.04591, 39.73149 ], [ -105.04591, 39.736 ], [ -105.05175, 39.736 ], [ -105.05174, 39.73149 ] ] ] } },
{ "type": "Feature", "properties": { "predicted": 0.136 }, "geometry": { "type": "Polygon", "coordinates": [ [ [ -105.04591, 39.73149 ], [ -105.04007, 39.7315 ], [ -105.04007, 39.736 ], [ -105.04591, 39.736 ], [ -105.04591, 39.73149 ] ] ] } },
{ "type": "Feature", "properties": { "predicted": 0.135 }, "geometry": { "type": "Polygon", "coordinates": [ [ [ -105.04007, 39.7315 ], [ -105.03424, 39.7315 ], [ -105.03424, 39.736 ], [ -105.04007, 39.736 ], [ -105.04007, 39.7315 ] ] ] } },
{ "type": "Feature", "properties": { "predicted": 0.099 }, "geometry": { "type": "Polygon", "coordinates": [ [ [ -105.03424, 39.7315 ], [ -105.0284, 39.7315 ], [ -105.0284, 39.736 ], [ -105.03424, 39.736 ], [ -105.03424, 39.7315 ] ] ] } },
{ "type": "Feature", "properties": { "predicted": 0.089 }, "geometry": { "type": "Polygon", "coordinates": [ [ [ -105.0284, 39.7315 ], [ -105.02257, 39.7315 ], [ -105.02257, 39.736 ], [ -105.0284, 39.736 ], [ -105.0284, 39.7315 ] ] ] } },
{ "type": "Feature", "properties": { "predicted": 0.079 }, "geometry": { "type": "Polygon", "coordinates": [ [ [ -105.02257, 39.7315 ], [ -105.01673, 39.7315 ], [ -105.01673, 39.73601 ], [ -105.02257, 39.736 ], [ -105.02257, 39.7315 ] ] ] } },
{ "type": "Feature", "properties": { "predicted": 0.06 }, "geometry": { "type": "Polygon", "coordinates": [ [ [ -105.01673, 39.7315 ], [ -105.0109, 39.7315 ], [ -105.0109, 39.73601 ], [ -105.01673, 39.73601 ], [ -105.01673, 39.7315 ] ] ] } },
{ "type": "Feature", "properties": { "predicted": 0.04 }, "geometry": { "type": "Polygon", "coordinates": [ [ [ -105.0109, 39.7315 ], [ -105.00506, 39.7315 ], [ -105.00506, 39.73601 ], [ -105.0109, 39.73601 ], [ -105.0109, 39.7315 ] ] ] } },
{ "type": "Feature", "properties": { "predicted": 0.023 }, "geometry": { "type": "Polygon", "coordinates": [ [ [ -105.00506, 39.7315 ], [ -104.99923, 39.7315 ], [ -104.99923, 39.73601 ], [ -105.00506, 39.73601 ], [ -105.00506, 39.7315 ] ] ] } },
{ "type": "Feature", "properties": { "predicted": 0.025 }, "geometry": { "type": "Polygon", "coordinates": [ [ [ -104.99923, 39.7315 ], [ -104.99339, 39.7315 ], [ -104.99339, 39.73601 ], [ -104.99923, 39.73601 ], [ -104.99923, 39.7315 ] ] ] } },
{ "type": "Feature", "properties": { "predicted": 0.028 }, "geometry": { "type": "Polygon", "coordinates": [ [ [ -104.99339, 39.7315 ], [ -104.98756, 39.7315 ], [ -104.98756, 39.73601 ], [ -104.99339, 39.73601 ], [ -104.99339, 39.7315 ] ] ] } },
{ "type": "Feature", "properties": { "predicted": 0.029 }, "geometry": { "type": "Polygon", "coordinates": [ [ [ -104.98756, 39.7315 ], [ -104.98172, 39.7315 ], [ -104.98172, 39.73601 ], [ -104.98756, 39.73601 ], [ -104.98756, 39.7315 ] ] ] } },
{ "type": "Feature", "properties": { "predicted": 0.022 }, "geometry": { "type": "Polygon", "coordinates": [ [ [ -104.98172, 39.7315 ], [ -104.97589, 39.7315 ], [ -104.97589, 39.736 ], [ -104.98172, 39.73601 ], [ -104.98172, 39.7315 ] ] ] } },
{ "type": "Feature", "properties": { "predicted": 0.025 }, "geometry": { "type": "Polygon", "coordinates": [ [ [ -104.97589, 39.7315 ], [ -104.97006, 39.7315 ], [ -104.97005, 39.736 ], [ -104.97589, 39.736 ], [ -104.97589, 39.7315 ] ] ] } },
{ "type": "Feature", "properties": { "predicted": 0.026 }, "geometry": { "type": "Polygon", "coordinates": [ [ [ -104.97006, 39.7315 ], [ -104.96422, 39.7315 ], [ -104.96422, 39.736 ], [ -104.97005, 39.736 ], [ -104.97006, 39.7315 ] ] ] } },
{ "type": "Feature", "properties": { "predicted": 0.025 }, "geometry": { "type": "Polygon", "coordinates": [ [ [ -104.96422, 39.7315 ], [ -104.95839, 39.73149 ], [ -104.95838, 39.736 ], [ -104.96422, 39.736 ], [ -104.96422, 39.7315 ] ] ] } },
{ "type": "Feature", "properties": { "predicted": 0.028 }, "geometry": { "type": "Polygon", "coordinates": [ [ [ -104.95839, 39.73149 ], [ -104.95255, 39.73149 ], [ -104.95255, 39.736 ], [ -104.95838, 39.736 ], [ -104.95839, 39.73149 ] ] ] } },
{ "type": "Feature", "properties": { "predicted": 0.037 }, "geometry": { "type": "Polygon", "coordinates": [ [ [ -104.95255, 39.73149 ], [ -104.94672, 39.73149 ], [ -104.94671, 39.73599 ], [ -104.95255, 39.736 ], [ -104.95255, 39.73149 ] ] ] } },
{ "type": "Feature", "properties": { "predicted": 0.047 }, "geometry": { "type": "Polygon", "coordinates": [ [ [ -104.94672, 39.73149 ], [ -104.94088, 39.73149 ], [ -104.94088, 39.73599 ], [ -104.94671, 39.73599 ], [ -104.94672, 39.73149 ] ] ] } },
{ "type": "Feature", "properties": { "predicted": 0.044 }, "geometry": { "type": "Polygon", "coordinates": [ [ [ -104.94088, 39.73149 ], [ -104.93505, 39.73148 ], [ -104.93504, 39.73599 ], [ -104.94088, 39.73599 ], [ -104.94088, 39.73149 ] ] ] } },
{ "type": "Feature", "properties": { "predicted": 0.034 }, "geometry": { "type": "Polygon", "coordinates": [ [ [ -104.93505, 39.73148 ], [ -104.92921, 39.73148 ], [ -104.92921, 39.73599 ], [ -104.93504, 39.73599 ], [ -104.93505, 39.73148 ] ] ] } },
{ "type": "Feature", "properties": { "predicted": 0.023 }, "geometry": { "type": "Polygon", "coordinates": [ [ [ -104.92921, 39.73148 ], [ -104.92338, 39.73148 ], [ -104.92337, 39.73598 ], [ -104.92921, 39.73599 ], [ -104.92921, 39.73148 ] ] ] } },
{ "type": "Feature", "properties": { "predicted": 0.013 }, "geometry": { "type": "Polygon", "coordinates": [ [ [ -104.92338, 39.73148 ], [ -104.91754, 39.73147 ], [ -104.91754, 39.73598 ], [ -104.92337, 39.73598 ], [ -104.92338, 39.73148 ] ] ] } },
{ "type": "Feature", "properties": { "predicted": 0.01 }, "geometry": { "type": "Polygon", "coordinates": [ [ [ -104.91754, 39.73147 ], [ -104.91171, 39.73147 ], [ -104.9117, 39.73597 ], [ -104.91754, 39.73598 ], [ -104.91754, 39.73147 ] ] ] } },
{ "type": "Feature", "properties": { "predicted": 0.007 }, "geometry": { "type": "Polygon", "coordinates": [ [ [ -104.91171, 39.73147 ], [ -104.90587, 39.73146 ], [ -104.90587, 39.73597 ], [ -104.9117, 39.73597 ], [ -104.91171, 39.73147 ] ] ] } },
{ "type": "Feature", "properties": { "predicted": 0.004 }, "geometry": { "type": "Polygon", "coordinates": [ [ [ -104.90587, 39.73146 ], [ -104.90004, 39.73146 ], [ -104.90003, 39.73596 ], [ -104.90587, 39.73597 ], [ -104.90587, 39.73146 ] ] ] } },
{ "type": "Feature", "properties": { "predicted": 0.005 }, "geometry": { "type": "Polygon", "coordinates": [ [ [ -104.90004, 39.73146 ], [ -104.8942, 39.73145 ], [ -104.8942, 39.73596 ], [ -104.90003, 39.73596 ], [ -104.90004, 39.73146 ] ] ] } },
{ "type": "Feature", "properties": { "predicted": 0.007 }, "geometry": { "type": "Polygon", "coordinates": [ [ [ -104.8942, 39.73145 ], [ -104.88837, 39.73145 ], [ -104.88836, 39.73595 ], [ -104.8942, 39.73596 ], [ -104.8942, 39.73145 ] ] ] } },
{ "type": "Feature", "properties": { "predicted": 0.007 }, "geometry": { "type": "Polygon", "coordinates": [ [ [ -104.88837, 39.73145 ], [ -104.88253, 39.73144 ], [ -104.88253, 39.73595 ], [ -104.88836, 39.73595 ], [ -104.88837, 39.73145 ] ] ] } },
{ "type": "Feature", "properties": { "predicted": 0.039 }, "geometry": { "type": "Polygon", "coordinates": [ [ [ -105.05758, 39.73599 ], [ -105.05175, 39.736 ], [ -105.05175, 39.7405 ], [ -105.05758, 39.7405 ], [ -105.05758, 39.73599 ] ] ] } },
{ "type": "Feature", "properties": { "predicted": 0.053 }, "geometry": { "type": "Polygon", "coordinates": [ [ [ -105.05175, 39.736 ], [ -105.04591, 39.736 ], [ -105.04591, 39.7405 ], [ -105.05175, 39.7405 ], [ -105.05175, 39.736 ] ] ] } },
{ "type": "Feature", "properties": { "predicted": 0.051 }, "geometry": { "type": "Polygon", "coordinates": [ [ [ -105.04591, 39.736 ], [ -105.04007, 39.736 ], [ -105.04008, 39.74051 ], [ -105.04591, 39.7405 ], [ -105.04591, 39.736 ] ] ] } },
{ "type": "Feature", "properties": { "predicted": 0.066 }, "geometry": { "type": "Polygon", "coordinates": [ [ [ -105.04007, 39.736 ], [ -105.03424, 39.736 ], [ -105.03424, 39.74051 ], [ -105.04008, 39.74051 ], [ -105.04007, 39.736 ] ] ] } },
{ "type": "Feature", "properties": { "predicted": 0.076 }, "geometry": { "type": "Polygon", "coordinates": [ [ [ -105.03424, 39.736 ], [ -105.0284, 39.736 ], [ -105.02841, 39.74051 ], [ -105.03424, 39.74051 ], [ -105.03424, 39.736 ] ] ] } },
{ "type": "Feature", "properties": { "predicted": 0.151 }, "geometry": { "type": "Polygon", "coordinates": [ [ [ -105.0284, 39.736 ], [ -105.02257, 39.736 ], [ -105.02257, 39.74051 ], [ -105.02841, 39.74051 ], [ -105.0284, 39.736 ] ] ] } },
{ "type": "Feature", "properties": { "predicted": 0.112 }, "geometry": { "type": "Polygon", "coordinates": [ [ [ -105.02257, 39.736 ], [ -105.01673, 39.73601 ], [ -105.01674, 39.74051 ], [ -105.02257, 39.74051 ], [ -105.02257, 39.736 ] ] ] } },
{ "type": "Feature", "properties": { "predicted": 0.076 }, "geometry": { "type": "Polygon", "coordinates": [ [ [ -105.01673, 39.73601 ], [ -105.0109, 39.73601 ], [ -105.0109, 39.74051 ], [ -105.01674, 39.74051 ], [ -105.01673, 39.73601 ] ] ] } },
{ "type": "Feature", "properties": { "predicted": 0.052 }, "geometry": { "type": "Polygon", "coordinates": [ [ [ -105.0109, 39.73601 ], [ -105.00506, 39.73601 ], [ -105.00506, 39.74051 ], [ -105.0109, 39.74051 ], [ -105.0109, 39.73601 ] ] ] } },
{ "type": "Feature", "properties": { "predicted": 0.028 }, "geometry": { "type": "Polygon", "coordinates": [ [ [ -105.00506, 39.73601 ], [ -104.99923, 39.73601 ], [ -104.99923, 39.74051 ], [ -105.00506, 39.74051 ], [ -105.00506, 39.73601 ] ] ] } },
{ "type": "Feature", "properties": { "predicted": 0.031 }, "geometry": { "type": "Polygon", "coordinates": [ [ [ -104.99923, 39.73601 ], [ -104.99339, 39.73601 ], [ -104.99339, 39.74051 ], [ -104.99923, 39.74051 ], [ -104.99923, 39.73601 ] ] ] } },
{ "type": "Feature", "properties": { "predicted": 0.033 }, "geometry": { "type": "Polygon", "coordinates": [ [ [ -104.99339, 39.73601 ], [ -104.98756, 39.73601 ], [ -104.98756, 39.74051 ], [ -104.99339, 39.74051 ], [ -104.99339, 39.73601 ] ] ] } },
{ "type": "Feature", "properties": { "predicted": 0.036 }, "geometry": { "type": "Polygon", "coordinates": [ [ [ -104.98756, 39.73601 ], [ -104.98172, 39.73601 ], [ -104.98172, 39.74051 ], [ -104.98756, 39.74051 ], [ -104.98756, 39.73601 ] ] ] } },
{ "type": "Feature", "properties": { "predicted": 0.031 }, "geometry": { "type": "Polygon", "coordinates": [ [ [ -104.98172, 39.73601 ], [ -104.97589, 39.736 ], [ -104.97589, 39.74051 ], [ -104.98172, 39.74051 ], [ -104.98172, 39.73601 ] ] ] } },
{ "type": "Feature", "properties": { "predicted": 0.038 }, "geometry": { "type": "Polygon", "coordinates": [ [ [ -104.97589, 39.736 ], [ -104.97005, 39.736 ], [ -104.97005, 39.74051 ], [ -104.97589, 39.74051 ], [ -104.97589, 39.736 ] ] ] } },
{ "type": "Feature", "properties": { "predicted": 0.043 }, "geometry": { "type": "Polygon", "coordinates": [ [ [ -104.97005, 39.736 ], [ -104.96422, 39.736 ], [ -104.96422, 39.74051 ], [ -104.97005, 39.74051 ], [ -104.97005, 39.736 ] ] ] } },
{ "type": "Feature", "properties": { "predicted": 0.05 }, "geometry": { "type": "Polygon", "coordinates": [ [ [ -104.96422, 39.736 ], [ -104.95838, 39.736 ], [ -104.95838, 39.7405 ], [ -104.96422, 39.74051 ], [ -104.96422, 39.736 ] ] ] } },
{ "type": "Feature", "properties": { "predicted": 0.054 }, "geometry": { "type": "Polygon", "coordinates": [ [ [ -104.95838, 39.736 ], [ -104.95255, 39.736 ], [ -104.95254, 39.7405 ], [ -104.95838, 39.7405 ], [ -104.95838, 39.736 ] ] ] } },
{ "type": "Feature", "properties": { "predicted": 0.072 }, "geometry": { "type": "Polygon", "coordinates": [ [ [ -104.95255, 39.736 ], [ -104.94671, 39.73599 ], [ -104.94671, 39.7405 ], [ -104.95254, 39.7405 ], [ -104.95255, 39.736 ] ] ] } },
{ "type": "Feature", "properties": { "predicted": 0.081 }, "geometry": { "type": "Polygon", "coordinates": [ [ [ -104.94671, 39.73599 ], [ -104.94088, 39.73599 ], [ -104.94087, 39.7405 ], [ -104.94671, 39.7405 ], [ -104.94671, 39.73599 ] ] ] } },
{ "type": "Feature", "properties": { "predicted": 0.066 }, "geometry": { "type": "Polygon", "coordinates": [ [ [ -104.94088, 39.73599 ], [ -104.93504, 39.73599 ], [ -104.93504, 39.74049 ], [ -104.94087, 39.7405 ], [ -104.94088, 39.73599 ] ] ] } },
{ "type": "Feature", "properties": { "predicted": 0.042 }, "geometry": { "type": "Polygon", "coordinates": [ [ [ -104.93504, 39.73599 ], [ -104.92921, 39.73599 ], [ -104.9292, 39.74049 ], [ -104.93504, 39.74049 ], [ -104.93504, 39.73599 ] ] ] } },
{ "type": "Feature", "properties": { "predicted": 0.029 }, "geometry": { "type": "Polygon", "coordinates": [ [ [ -104.92921, 39.73599 ], [ -104.92337, 39.73598 ], [ -104.92337, 39.74049 ], [ -104.9292, 39.74049 ], [ -104.92921, 39.73599 ] ] ] } },
{ "type": "Feature", "properties": { "predicted": 0.019 }, "geometry": { "type": "Polygon", "coordinates": [ [ [ -104.92337, 39.73598 ], [ -104.91754, 39.73598 ], [ -104.91753, 39.74048 ], [ -104.92337, 39.74049 ], [ -104.92337, 39.73598 ] ] ] } },
{ "type": "Feature", "properties": { "predicted": 0.013 }, "geometry": { "type": "Polygon", "coordinates": [ [ [ -104.91754, 39.73598 ], [ -104.9117, 39.73597 ], [ -104.9117, 39.74048 ], [ -104.91753, 39.74048 ], [ -104.91754, 39.73598 ] ] ] } },
{ "type": "Feature", "properties": { "predicted": 0.006 }, "geometry": { "type": "Polygon", "coordinates": [ [ [ -104.9117, 39.73597 ], [ -104.90587, 39.73597 ], [ -104.90586, 39.74047 ], [ -104.9117, 39.74048 ], [ -104.9117, 39.73597 ] ] ] } },
{ "type": "Feature", "properties": { "predicted": 0.005 }, "geometry": { "type": "Polygon", "coordinates": [ [ [ -104.90587, 39.73597 ], [ -104.90003, 39.73596 ], [ -104.90002, 39.74047 ], [ -104.90586, 39.74047 ], [ -104.90587, 39.73597 ] ] ] } },
{ "type": "Feature", "properties": { "predicted": 0.004 }, "geometry": { "type": "Polygon", "coordinates": [ [ [ -104.90003, 39.73596 ], [ -104.8942, 39.73596 ], [ -104.89419, 39.74046 ], [ -104.90002, 39.74047 ], [ -104.90003, 39.73596 ] ] ] } },
{ "type": "Feature", "properties": { "predicted": 0.006 }, "geometry": { "type": "Polygon", "coordinates": [ [ [ -104.8942, 39.73596 ], [ -104.88836, 39.73595 ], [ -104.88835, 39.74046 ], [ -104.89419, 39.74046 ], [ -104.8942, 39.73596 ] ] ] } },
{ "type": "Feature", "properties": { "predicted": 0.01 }, "geometry": { "type": "Polygon", "coordinates": [ [ [ -104.88836, 39.73595 ], [ -104.88253, 39.73595 ], [ -104.88252, 39.74045 ], [ -104.88835, 39.74046 ], [ -104.88836, 39.73595 ] ] ] } },
{ "type": "Feature", "properties": { "predicted": 0.074 }, "geometry": { "type": "Polygon", "coordinates": [ [ [ -105.05758, 39.7405 ], [ -105.05175, 39.7405 ], [ -105.05175, 39.74501 ], [ -105.05759, 39.745 ], [ -105.05758, 39.7405 ] ] ] } },
{ "type": "Feature", "properties": { "predicted": 0.087 }, "geometry": { "type": "Polygon", "coordinates": [ [ [ -105.05175, 39.7405 ], [ -105.04591, 39.7405 ], [ -105.04592, 39.74501 ], [ -105.05175, 39.74501 ], [ -105.05175, 39.7405 ] ] ] } },
{ "type": "Feature", "properties": { "predicted": 0.076 }, "geometry": { "type": "Polygon", "coordinates": [ [ [ -105.04591, 39.7405 ], [ -105.04008, 39.74051 ], [ -105.04008, 39.74501 ], [ -105.04592, 39.74501 ], [ -105.04591, 39.7405 ] ] ] } },
{ "type": "Feature", "properties": { "predicted": 0.064 }, "geometry": { "type": "Polygon", "coordinates": [ [ [ -105.04008, 39.74051 ], [ -105.03424, 39.74051 ], [ -105.03424, 39.74501 ], [ -105.04008, 39.74501 ], [ -105.04008, 39.74051 ] ] ] } },
{ "type": "Feature", "properties": { "predicted": 0.055 }, "geometry": { "type": "Polygon", "coordinates": [ [ [ -105.03424, 39.74051 ], [ -105.02841, 39.74051 ], [ -105.02841, 39.74501 ], [ -105.03424, 39.74501 ], [ -105.03424, 39.74051 ] ] ] } },
{ "type": "Feature", "properties": { "predicted": 0.105 }, "geometry": { "type": "Polygon", "coordinates": [ [ [ -105.02841, 39.74051 ], [ -105.02257, 39.74051 ], [ -105.02257, 39.74502 ], [ -105.02841, 39.74501 ], [ -105.02841, 39.74051 ] ] ] } },
{ "type": "Feature", "properties": { "predicted": 0.169 }, "geometry": { "type": "Polygon", "coordinates": [ [ [ -105.02257, 39.74051 ], [ -105.01674, 39.74051 ], [ -105.01674, 39.74502 ], [ -105.02257, 39.74502 ], [ -105.02257, 39.74051 ] ] ] } },
{ "type": "Feature", "properties": { "predicted": 0.116 }, "geometry": { "type": "Polygon", "coordinates": [ [ [ -105.01674, 39.74051 ], [ -105.0109, 39.74051 ], [ -105.0109, 39.74502 ], [ -105.01674, 39.74502 ], [ -105.01674, 39.74051 ] ] ] } },
{ "type": "Feature", "properties": { "predicted": 0.062 }, "geometry": { "type": "Polygon", "coordinates": [ [ [ -105.0109, 39.74051 ], [ -105.00506, 39.74051 ], [ -105.00506, 39.74502 ], [ -105.0109, 39.74502 ], [ -105.0109, 39.74051 ] ] ] } },
{ "type": "Feature", "properties": { "predicted": 0.039 }, "geometry": { "type": "Polygon", "coordinates": [ [ [ -105.00506, 39.74051 ], [ -104.99923, 39.74051 ], [ -104.99923, 39.74502 ], [ -105.00506, 39.74502 ], [ -105.00506, 39.74051 ] ] ] } },
{ "type": "Feature", "properties": { "predicted": 0.034 }, "geometry": { "type": "Polygon", "coordinates": [ [ [ -104.99923, 39.74051 ], [ -104.99339, 39.74051 ], [ -104.99339, 39.74502 ], [ -104.99923, 39.74502 ], [ -104.99923, 39.74051 ] ] ] } },
{ "type": "Feature", "properties": { "predicted": 0.034 }, "geometry": { "type": "Polygon", "coordinates": [ [ [ -104.99339, 39.74051 ], [ -104.98756, 39.74051 ], [ -104.98756, 39.74502 ], [ -104.99339, 39.74502 ], [ -104.99339, 39.74051 ] ] ] } },
{ "type": "Feature", "properties": { "predicted": 0.046 }, "geometry": { "type": "Polygon", "coordinates": [ [ [ -104.98756, 39.74051 ], [ -104.98172, 39.74051 ], [ -104.98172, 39.74502 ], [ -104.98756, 39.74502 ], [ -104.98756, 39.74051 ] ] ] } },
{ "type": "Feature", "properties": { "predicted": 0.04 }, "geometry": { "type": "Polygon", "coordinates": [ [ [ -104.98172, 39.74051 ], [ -104.97589, 39.74051 ], [ -104.97589, 39.74501 ], [ -104.98172, 39.74502 ], [ -104.98172, 39.74051 ] ] ] } },
{ "type": "Feature", "properties": { "predicted": 0.055 }, "geometry": { "type": "Polygon", "coordinates": [ [ [ -104.97589, 39.74051 ], [ -104.97005, 39.74051 ], [ -104.97005, 39.74501 ], [ -104.97589, 39.74501 ], [ -104.97589, 39.74051 ] ] ] } },
{ "type": "Feature", "properties": { "predicted": 0.067 }, "geometry": { "type": "Polygon", "coordinates": [ [ [ -104.97005, 39.74051 ], [ -104.96422, 39.74051 ], [ -104.96421, 39.74501 ], [ -104.97005, 39.74501 ], [ -104.97005, 39.74051 ] ] ] } },
{ "type": "Feature", "properties": { "predicted": 0.082 }, "geometry": { "type": "Polygon", "coordinates": [ [ [ -104.96422, 39.74051 ], [ -104.95838, 39.7405 ], [ -104.95838, 39.74501 ], [ -104.96421, 39.74501 ], [ -104.96422, 39.74051 ] ] ] } },
{ "type": "Feature", "properties": { "predicted": 0.122 }, "geometry": { "type": "Polygon", "coordinates": [ [ [ -104.95838, 39.7405 ], [ -104.95254, 39.7405 ], [ -104.95254, 39.74501 ], [ -104.95838, 39.74501 ], [ -104.95838, 39.7405 ] ] ] } },
{ "type": "Feature", "properties": { "predicted": 0.14 }, "geometry": { "type": "Polygon", "coordinates": [ [ [ -104.95254, 39.7405 ], [ -104.94671, 39.7405 ], [ -104.94671, 39.74501 ], [ -104.95254, 39.74501 ], [ -104.95254, 39.7405 ] ] ] } },
{ "type": "Feature", "properties": { "predicted": 0.133 }, "geometry": { "type": "Polygon", "coordinates": [ [ [ -104.94671, 39.7405 ], [ -104.94087, 39.7405 ], [ -104.94087, 39.745 ], [ -104.94671, 39.74501 ], [ -104.94671, 39.7405 ] ] ] } },
{ "type": "Feature", "properties": { "predicted": 0.093 }, "geometry": { "type": "Polygon", "coordinates": [ [ [ -104.94087, 39.7405 ], [ -104.93504, 39.74049 ], [ -104.93503, 39.745 ], [ -104.94087, 39.745 ], [ -104.94087, 39.7405 ] ] ] } },
{ "type": "Feature", "properties": { "predicted": 0.057 }, "geometry": { "type": "Polygon", "coordinates": [ [ [ -104.93504, 39.74049 ], [ -104.9292, 39.74049 ], [ -104.9292, 39.745 ], [ -104.93503, 39.745 ], [ -104.93504, 39.74049 ] ] ] } },
{ "type": "Feature", "properties": { "predicted": 0.035 }, "geometry": { "type": "Polygon", "coordinates": [ [ [ -104.9292, 39.74049 ], [ -104.92337, 39.74049 ], [ -104.92336, 39.74499 ], [ -104.9292, 39.745 ], [ -104.9292, 39.74049 ] ] ] } },
{ "type": "Feature", "properties": { "predicted": 0.02 }, "geometry": { "type": "Polygon", "coordinates": [ [ [ -104.92337, 39.74049 ], [ -104.91753, 39.74048 ], [ -104.91753, 39.74499 ], [ -104.92336, 39.74499 ], [ -104.92337, 39.74049 ] ] ] } },
{ "type": "Feature", "properties": { "predicted": 0.011 }, "geometry": { "type": "Polygon", "coordinates": [ [ [ -104.91753, 39.74048 ], [ -104.9117, 39.74048 ], [ -104.91169, 39.74498 ], [ -104.91753, 39.74499 ], [ -104.91753, 39.74048 ] ] ] } },
{ "type": "Feature", "properties": { "predicted": 0.007 }, "geometry": { "type": "Polygon", "coordinates": [ [ [ -104.9117, 39.74048 ], [ -104.90586, 39.74047 ], [ -104.90585, 39.74498 ], [ -104.91169, 39.74498 ], [ -104.9117, 39.74048 ] ] ] } },
{ "type": "Feature", "properties": { "predicted": 0.005 }, "geometry": { "type": "Polygon", "coordinates": [ [ [ -104.90586, 39.74047 ], [ -104.90002, 39.74047 ], [ -104.90002, 39.74497 ], [ -104.90585, 39.74498 ], [ -104.90586, 39.74047 ] ] ] } },
{ "type": "Feature", "properties": { "predicted": 0.006 }, "geometry": { "type": "Polygon", "coordinates": [ [ [ -104.90002, 39.74047 ], [ -104.89419, 39.74046 ], [ -104.89418, 39.74497 ], [ -104.90002, 39.74497 ], [ -104.90002, 39.74047 ] ] ] } },
{ "type": "Feature", "properties": { "predicted": 0.009 }, "geometry": { "type": "Polygon", "coordinates": [ [ [ -104.89419, 39.74046 ], [ -104.88835, 39.74046 ], [ -104.88835, 39.74496 ], [ -104.89418, 39.74497 ], [ -104.89419, 39.74046 ] ] ] } },
{ "type": "Feature", "properties": { "predicted": 0.013 }, "geometry": { "type": "Polygon", "coordinates": [ [ [ -104.88835, 39.74046 ], [ -104.88252, 39.74045 ], [ -104.88251, 39.74496 ], [ -104.88835, 39.74496 ], [ -104.88835, 39.74046 ] ] ] } },
{ "type": "Feature", "properties": { "predicted": 0.093 }, "geometry": { "type": "Polygon", "coordinates": [ [ [ -105.05759, 39.745 ], [ -105.05175, 39.74501 ], [ -105.05176, 39.74951 ], [ -105.05759, 39.74951 ], [ -105.05759, 39.745 ] ] ] } },
{ "type": "Feature", "properties": { "predicted": 0.095 }, "geometry": { "type": "Polygon", "coordinates": [ [ [ -105.05175, 39.74501 ], [ -105.04592, 39.74501 ], [ -105.04592, 39.74951 ], [ -105.05176, 39.74951 ], [ -105.05175, 39.74501 ] ] ] } },
{ "type": "Feature", "properties": { "predicted": 0.097 }, "geometry": { "type": "Polygon", "coordinates": [ [ [ -105.04592, 39.74501 ], [ -105.04008, 39.74501 ], [ -105.04008, 39.74952 ], [ -105.04592, 39.74951 ], [ -105.04592, 39.74501 ] ] ] } },
{ "type": "Feature", "properties": { "predicted": 0.079 }, "geometry": { "type": "Polygon", "coordinates": [ [ [ -105.04008, 39.74501 ], [ -105.03424, 39.74501 ], [ -105.03425, 39.74952 ], [ -105.04008, 39.74952 ], [ -105.04008, 39.74501 ] ] ] } },
{ "type": "Feature", "properties": { "predicted": 0.063 }, "geometry": { "type": "Polygon", "coordinates": [ [ [ -105.03424, 39.74501 ], [ -105.02841, 39.74501 ], [ -105.02841, 39.74952 ], [ -105.03425, 39.74952 ], [ -105.03424, 39.74501 ] ] ] } },
{ "type": "Feature", "properties": { "predicted": 0.087 }, "geometry": { "type": "Polygon", "coordinates": [ [ [ -105.02841, 39.74501 ], [ -105.02257, 39.74502 ], [ -105.02257, 39.74952 ], [ -105.02841, 39.74952 ], [ -105.02841, 39.74501 ] ] ] } },
{ "type": "Feature", "properties": { "predicted": 0.169 }, "geometry": { "type": "Polygon", "coordinates": [ [ [ -105.02257, 39.74502 ], [ -105.01674, 39.74502 ], [ -105.01674, 39.74952 ], [ -105.02257, 39.74952 ], [ -105.02257, 39.74502 ] ] ] } },
{ "type": "Feature", "properties": { "predicted": 0.118 }, "geometry": { "type": "Polygon", "coordinates": [ [ [ -105.01674, 39.74502 ], [ -105.0109, 39.74502 ], [ -105.0109, 39.74952 ], [ -105.01674, 39.74952 ], [ -105.01674, 39.74502 ] ] ] } },
{ "type": "Feature", "properties": { "predicted": 0.066 }, "geometry": { "type": "Polygon", "coordinates": [ [ [ -105.0109, 39.74502 ], [ -105.00506, 39.74502 ], [ -105.00507, 39.74952 ], [ -105.0109, 39.74952 ], [ -105.0109, 39.74502 ] ] ] } },
{ "type": "Feature", "properties": { "predicted": 0.047 }, "geometry": { "type": "Polygon", "coordinates": [ [ [ -105.00506, 39.74502 ], [ -104.99923, 39.74502 ], [ -104.99923, 39.74952 ], [ -105.00507, 39.74952 ], [ -105.00506, 39.74502 ] ] ] } },
{ "type": "Feature", "properties": { "predicted": 0.038 }, "geometry": { "type": "Polygon", "coordinates": [ [ [ -104.99923, 39.74502 ], [ -104.99339, 39.74502 ], [ -104.99339, 39.74952 ], [ -104.99923, 39.74952 ], [ -104.99923, 39.74502 ] ] ] } },
{ "type": "Feature", "properties": { "predicted": 0.038 }, "geometry": { "type": "Polygon", "coordinates": [ [ [ -104.99339, 39.74502 ], [ -104.98756, 39.74502 ], [ -104.98756, 39.74952 ], [ -104.99339, 39.74952 ], [ -104.99339, 39.74502 ] ] ] } },
{ "type": "Feature", "properties": { "predicted": 0.054 }, "geometry": { "type": "Polygon", "coordinates": [ [ [ -104.98756, 39.74502 ], [ -104.98172, 39.74502 ], [ -104.98172, 39.74952 ], [ -104.98756, 39.74952 ], [ -104.98756, 39.74502 ] ] ] } },
{ "type": "Feature", "properties": { "predicted": 0.055 }, "geometry": { "type": "Polygon", "coordinates": [ [ [ -104.98172, 39.74502 ], [ -104.97589, 39.74501 ], [ -104.97588, 39.74952 ], [ -104.98172, 39.74952 ], [ -104.98172, 39.74502 ] ] ] } },
{ "type": "Feature", "properties": { "predicted": 0.065 }, "geometry": { "type": "Polygon", "coordinates": [ [ [ -104.97589, 39.74501 ], [ -104.97005, 39.74501 ], [ -104.97005, 39.74952 ], [ -104.97588, 39.74952 ], [ -104.97589, 39.74501 ] ] ] } },
{ "type": "Feature", "properties": { "predicted": 0.079 }, "geometry": { "type": "Polygon", "coordinates": [ [ [ -104.97005, 39.74501 ], [ -104.96421, 39.74501 ], [ -104.96421, 39.74952 ], [ -104.97005, 39.74952 ], [ -104.97005, 39.74501 ] ] ] } },
{ "type": "Feature", "properties": { "predicted": 0.115 }, "geometry": { "type": "Polygon", "coordinates": [ [ [ -104.96421, 39.74501 ], [ -104.95838, 39.74501 ], [ -104.95837, 39.74951 ], [ -104.96421, 39.74952 ], [ -104.96421, 39.74501 ] ] ] } },
{ "type": "Feature", "properties": { "predicted": 0.181 }, "geometry": { "type": "Polygon", "coordinates": [ [ [ -104.95838, 39.74501 ], [ -104.95254, 39.74501 ], [ -104.95254, 39.74951 ], [ -104.95837, 39.74951 ], [ -104.95838, 39.74501 ] ] ] } },
{ "type": "Feature", "properties": { "predicted": 0.195 }, "geometry": { "type": "Polygon", "coordinates": [ [ [ -104.95254, 39.74501 ], [ -104.94671, 39.74501 ], [ -104.9467, 39.74951 ], [ -104.95254, 39.74951 ], [ -104.95254, 39.74501 ] ] ] } },
{ "type": "Feature", "properties": { "predicted": 0.139 }, "geometry": { "type": "Polygon", "coordinates": [ [ [ -104.94671, 39.74501 ], [ -104.94087, 39.745 ], [ -104.94087, 39.74951 ], [ -104.9467, 39.74951 ], [ -104.94671, 39.74501 ] ] ] } },
{ "type": "Feature", "properties": { "predicted": 0.071 }, "geometry": { "type": "Polygon", "coordinates": [ [ [ -104.94087, 39.745 ], [ -104.93503, 39.745 ], [ -104.93503, 39.7495 ], [ -104.94087, 39.74951 ], [ -104.94087, 39.745 ] ] ] } },
{ "type": "Feature", "properties": { "predicted": 0.043 }, "geometry": { "type": "Polygon", "coordinates": [ [ [ -104.93503, 39.745 ], [ -104.9292, 39.745 ], [ -104.92919, 39.7495 ], [ -104.93503, 39.7495 ], [ -104.93503, 39.745 ] ] ] } },
{ "type": "Feature", "properties": { "predicted": 0.026 }, "geometry": { "type": "Polygon", "coordinates": [ [ [ -104.9292, 39.745 ], [ -104.92336, 39.74499 ], [ -104.92336, 39.7495 ], [ -104.92919, 39.7495 ], [ -104.9292, 39.745 ] ] ] } },
{ "type": "Feature", "properties": { "predicted": 0.016 }, "geometry": { "type": "Polygon", "coordinates": [ [ [ -104.92336, 39.74499 ], [ -104.91753, 39.74499 ], [ -104.91752, 39.74949 ], [ -104.92336, 39.7495 ], [ -104.92336, 39.74499 ] ] ] } },
{ "type": "Feature", "properties": { "predicted": 0.011 }, "geometry": { "type": "Polygon", "coordinates": [ [ [ -104.91753, 39.74499 ], [ -104.91169, 39.74498 ], [ -104.91168, 39.74949 ], [ -104.91752, 39.74949 ], [ -104.91753, 39.74499 ] ] ] } },
{ "type": "Feature", "properties": { "predicted": 0.009 }, "geometry": { "type": "Polygon", "coordinates": [ [ [ -104.91169, 39.74498 ], [ -104.90585, 39.74498 ], [ -104.90585, 39.74948 ], [ -104.91168, 39.74949 ], [ -104.91169, 39.74498 ] ] ] } },
{ "type": "Feature", "properties": { "predicted": 0.006 }, "geometry": { "type": "Polygon", "coordinates": [ [ [ -104.90585, 39.74498 ], [ -104.90002, 39.74497 ], [ -104.90001, 39.74948 ], [ -104.90585, 39.74948 ], [ -104.90585, 39.74498 ] ] ] } },
{ "type": "Feature", "properties": { "predicted": 0.008 }, "geometry": { "type": "Polygon", "coordinates": [ [ [ -104.90002, 39.74497 ], [ -104.89418, 39.74497 ], [ -104.89418, 39.74947 ], [ -104.90001, 39.74948 ], [ -104.90002, 39.74497 ] ] ] } },
{ "type": "Feature", "properties": { "predicted": 0.012 }, "geometry": { "type": "Polygon", "coordinates": [ [ [ -104.89418, 39.74497 ], [ -104.88835, 39.74496 ], [ -104.88834, 39.74947 ], [ -104.89418, 39.74947 ], [ -104.89418, 39.74497 ] ] ] } },
{ "type": "Feature", "properties": { "predicted": 0.018 }, "geometry": { "type": "Polygon", "coordinates": [ [ [ -104.88835, 39.74496 ], [ -104.88251, 39.74496 ], [ -104.8825, 39.74946 ], [ -104.88834, 39.74947 ], [ -104.88835, 39.74496 ] ] ] } },
{ "type": "Feature", "properties": { "predicted": 0.028 }, "geometry": { "type": "Polygon", "coordinates": [ [ [ -104.88251, 39.74496 ], [ -104.87667, 39.74495 ], [ -104.87667, 39.74946 ], [ -104.8825, 39.74946 ], [ -104.88251, 39.74496 ] ] ] } },
{ "type": "Feature", "properties": { "predicted": 0.1 }, "geometry": { "type": "Polygon", "coordinates": [ [ [ -105.05759, 39.74951 ], [ -105.05176, 39.74951 ], [ -105.05176, 39.75402 ], [ -105.0576, 39.75401 ], [ -105.05759, 39.74951 ] ] ] } },
{ "type": "Feature", "properties": { "predicted": 0.107 }, "geometry": { "type": "Polygon", "coordinates": [ [ [ -105.05176, 39.74951 ], [ -105.04592, 39.74951 ], [ -105.04592, 39.75402 ], [ -105.05176, 39.75402 ], [ -105.05176, 39.74951 ] ] ] } },
{ "type": "Feature", "properties": { "predicted": 0.1 }, "geometry": { "type": "Polygon", "coordinates": [ [ [ -105.04592, 39.74951 ], [ -105.04008, 39.74952 ], [ -105.04009, 39.75402 ], [ -105.04592, 39.75402 ], [ -105.04592, 39.74951 ] ] ] } },
{ "type": "Feature", "properties": { "predicted": 0.06 }, "geometry": { "type": "Polygon", "coordinates": [ [ [ -105.04008, 39.74952 ], [ -105.03425, 39.74952 ], [ -105.03425, 39.75402 ], [ -105.04009, 39.75402 ], [ -105.04008, 39.74952 ] ] ] } },
{ "type": "Feature", "properties": { "predicted": 0.056 }, "geometry": { "type": "Polygon", "coordinates": [ [ [ -105.03425, 39.74952 ], [ -105.02841, 39.74952 ], [ -105.02841, 39.75402 ], [ -105.03425, 39.75402 ], [ -105.03425, 39.74952 ] ] ] } },
{ "type": "Feature", "properties": { "predicted": 0.062 }, "geometry": { "type": "Polygon", "coordinates": [ [ [ -105.02841, 39.74952 ], [ -105.02257, 39.74952 ], [ -105.02258, 39.75403 ], [ -105.02841, 39.75402 ], [ -105.02841, 39.74952 ] ] ] } },
{ "type": "Feature", "properties": { "predicted": 0.107 }, "geometry": { "type": "Polygon", "coordinates": [ [ [ -105.02257, 39.74952 ], [ -105.01674, 39.74952 ], [ -105.01674, 39.75403 ], [ -105.02258, 39.75403 ], [ -105.02257, 39.74952 ] ] ] } },
{ "type": "Feature", "properties": { "predicted": 0.139 }, "geometry": { "type": "Polygon", "coordinates": [ [ [ -105.01674, 39.74952 ], [ -105.0109, 39.74952 ], [ -105.0109, 39.75403 ], [ -105.01674, 39.75403 ], [ -105.01674, 39.74952 ] ] ] } },
{ "type": "Feature", "properties": { "predicted": 0.092 }, "geometry": { "type": "Polygon", "coordinates": [ [ [ -105.0109, 39.74952 ], [ -105.00507, 39.74952 ], [ -105.00507, 39.75403 ], [ -105.0109, 39.75403 ], [ -105.0109, 39.74952 ] ] ] } },
{ "type": "Feature", "properties": { "predicted": 0.054 }, "geometry": { "type": "Polygon", "coordinates": [ [ [ -105.00507, 39.74952 ], [ -104.99923, 39.74952 ], [ -104.99923, 39.75403 ], [ -105.00507, 39.75403 ], [ -105.00507, 39.74952 ] ] ] } },
{ "type": "Feature", "properties": { "predicted": 0.042 }, "geometry": { "type": "Polygon", "coordinates": [ [ [ -104.99923, 39.74952 ], [ -104.99339, 39.74952 ], [ -104.99339, 39.75403 ], [ -104.99923, 39.75403 ], [ -104.99923, 39.74952 ] ] ] } },
{ "type": "Feature", "properties": { "predicted": 0.043 }, "geometry": { "type": "Polygon", "coordinates": [ [ [ -104.99339, 39.74952 ], [ -104.98756, 39.74952 ], [ -104.98756, 39.75403 ], [ -104.99339, 39.75403 ], [ -104.99339, 39.74952 ] ] ] } },
{ "type": "Feature", "properties": { "predicted": 0.056 }, "geometry": { "type": "Polygon", "coordinates": [ [ [ -104.98756, 39.74952 ], [ -104.98172, 39.74952 ], [ -104.98172, 39.75403 ], [ -104.98756, 39.75403 ], [ -104.98756, 39.74952 ] ] ] } },
{ "type": "Feature", "properties": { "predicted": 0.07 }, "geometry": { "type": "Polygon", "coordinates": [ [ [ -104.98172, 39.74952 ], [ -104.97588, 39.74952 ], [ -104.97588, 39.75403 ], [ -104.98172, 39.75403 ], [ -104.98172, 39.74952 ] ] ] } },
{ "type": "Feature", "properties": { "predicted": 0.079 }, "geometry": { "type": "Polygon", "coordinates": [ [ [ -104.97588, 39.74952 ], [ -104.97005, 39.74952 ], [ -104.97005, 39.75402 ], [ -104.97588, 39.75403 ], [ -104.97588, 39.74952 ] ] ] } },
{ "type": "Feature", "properties": { "predicted": 0.099 }, "geometry": { "type": "Polygon", "coordinates": [ [ [ -104.97005, 39.74952 ], [ -104.96421, 39.74952 ], [ -104.96421, 39.75402 ], [ -104.97005, 39.75402 ], [ -104.97005, 39.74952 ] ] ] } },
{ "type": "Feature", "properties": { "predicted": 0.136 }, "geometry": { "type": "Polygon", "coordinates": [ [ [ -104.96421, 39.74952 ], [ -104.95837, 39.74951 ], [ -104.95837, 39.75402 ], [ -104.96421, 39.75402 ], [ -104.96421, 39.74952 ] ] ] } },
{ "type": "Feature", "properties": { "predicted": 0.183 }, "geometry": { "type": "Polygon", "coordinates": [ [ [ -104.95837, 39.74951 ], [ -104.95254, 39.74951 ], [ -104.95254, 39.75402 ], [ -104.95837, 39.75402 ], [ -104.95837, 39.74951 ] ] ] } },
{ "type": "Feature", "properties": { "predicted": 0.136 }, "geometry": { "type": "Polygon", "coordinates": [ [ [ -104.95254, 39.74951 ], [ -104.9467, 39.74951 ], [ -104.9467, 39.75402 ], [ -104.95254, 39.75402 ], [ -104.95254, 39.74951 ] ] ] } },
{ "type": "Feature", "properties": { "predicted": 0.089 }, "geometry": { "type": "Polygon", "coordinates": [ [ [ -104.9467, 39.74951 ], [ -104.94087, 39.74951 ], [ -104.94086, 39.75401 ], [ -104.9467, 39.75402 ], [ -104.9467, 39.74951 ] ] ] } },
{ "type": "Feature", "properties": { "predicted": 0.057 }, "geometry": { "type": "Polygon", "coordinates": [ [ [ -104.94087, 39.74951 ], [ -104.93503, 39.7495 ], [ -104.93503, 39.75401 ], [ -104.94086, 39.75401 ], [ -104.94087, 39.74951 ] ] ] } },
{ "type": "Feature", "properties": { "predicted": 0.04 }, "geometry": { "type": "Polygon", "coordinates": [ [ [ -104.93503, 39.7495 ], [ -104.92919, 39.7495 ], [ -104.92919, 39.75401 ], [ -104.93503, 39.75401 ], [ -104.93503, 39.7495 ] ] ] } },
{ "type": "Feature", "properties": { "predicted": 0.025 }, "geometry": { "type": "Polygon", "coordinates": [ [ [ -104.92919, 39.7495 ], [ -104.92336, 39.7495 ], [ -104.92335, 39.754 ], [ -104.92919, 39.75401 ], [ -104.92919, 39.7495 ] ] ] } },
{ "type": "Feature", "properties": { "predicted": 0.018 }, "geometry": { "type": "Polygon", "coordinates": [ [ [ -104.92336, 39.7495 ], [ -104.91752, 39.74949 ], [ -104.91752, 39.754 ], [ -104.92335, 39.754 ], [ -104.92336, 39.7495 ] ] ] } },
{ "type": "Feature", "properties": { "predicted": 0.012 }, "geometry": { "type": "Polygon", "coordinates": [ [ [ -104.91752, 39.74949 ], [ -104.91168, 39.74949 ], [ -104.91168, 39.75399 ], [ -104.91752, 39.754 ], [ -104.91752, 39.74949 ] ] ] } },
{ "type": "Feature", "properties": { "predicted": 0.008 }, "geometry": { "type": "Polygon", "coordinates": [ [ [ -104.91168, 39.74949 ], [ -104.90585, 39.74948 ], [ -104.90584, 39.75399 ], [ -104.91168, 39.75399 ], [ -104.91168, 39.74949 ] ] ] } },
{ "type": "Feature", "properties": { "predicted": 0.008 }, "geometry": { "type": "Polygon", "coordinates": [ [ [ -104.90585, 39.74948 ], [ -104.90001, 39.74948 ], [ -104.90001, 39.75398 ], [ -104.90584, 39.75399 ], [ -104.90585, 39.74948 ] ] ] } },
{ "type": "Feature", "properties": { "predicted": 0.012 }, "geometry": { "type": "Polygon", "coordinates": [ [ [ -104.90001, 39.74948 ], [ -104.89418, 39.74947 ], [ -104.89417, 39.75398 ], [ -104.90001, 39.75398 ], [ -104.90001, 39.74948 ] ] ] } },
{ "type": "Feature", "properties": { "predicted": 0.017 }, "geometry": { "type": "Polygon", "coordinates": [ [ [ -104.89418, 39.74947 ], [ -104.88834, 39.74947 ], [ -104.88833, 39.75397 ], [ -104.89417, 39.75398 ], [ -104.89418, 39.74947 ] ] ] } },
{ "type": "Feature", "properties": { "predicted": 0.024 }, "geometry": { "type": "Polygon", "coordinates": [ [ [ -104.88834, 39.74947 ], [ -104.8825, 39.74946 ], [ -104.8825, 39.75397 ], [ -104.88833, 39.75397 ], [ -104.88834, 39.74947 ] ] ] } },
{ "type": "Feature", "properties": { "predicted": 0.043 }, "geometry": { "type": "Polygon", "coordinates": [ [ [ -104.8825, 39.74946 ], [ -104.87667, 39.74946 ], [ -104.87666, 39.75396 ], [ -104.8825, 39.75397 ], [ -104.8825, 39.74946 ] ] ] } },
{ "type": "Feature", "properties": { "predicted": 0.053 }, "geometry": { "type": "Polygon", "coordinates": [ [ [ -105.0576, 39.75401 ], [ -105.05176, 39.75402 ], [ -105.05176, 39.75852 ], [ -105.0576, 39.75852 ], [ -105.0576, 39.75401 ] ] ] } },
{ "type": "Feature", "properties": { "predicted": 0.068 }, "geometry": { "type": "Polygon", "coordinates": [ [ [ -105.05176, 39.75402 ], [ -105.04592, 39.75402 ], [ -105.04593, 39.75852 ], [ -105.05176, 39.75852 ], [ -105.05176, 39.75402 ] ] ] } },
{ "type": "Feature", "properties": { "predicted": 0.062 }, "geometry": { "type": "Polygon", "coordinates": [ [ [ -105.04592, 39.75402 ], [ -105.04009, 39.75402 ], [ -105.04009, 39.75853 ], [ -105.04593, 39.75852 ], [ -105.04592, 39.75402 ] ] ] } },
{ "type": "Feature", "properties": { "predicted": 0.047 }, "geometry": { "type": "Polygon", "coordinates": [ [ [ -105.04009, 39.75402 ], [ -105.03425, 39.75402 ], [ -105.03425, 39.75853 ], [ -105.04009, 39.75853 ], [ -105.04009, 39.75402 ] ] ] } },
{ "type": "Feature", "properties": { "predicted": 0.041 }, "geometry": { "type": "Polygon", "coordinates": [ [ [ -105.03425, 39.75402 ], [ -105.02841, 39.75402 ], [ -105.02841, 39.75853 ], [ -105.03425, 39.75853 ], [ -105.03425, 39.75402 ] ] ] } },
{ "type": "Feature", "properties": { "predicted": 0.04 }, "geometry": { "type": "Polygon", "coordinates": [ [ [ -105.02841, 39.75402 ], [ -105.02258, 39.75403 ], [ -105.02258, 39.75853 ], [ -105.02841, 39.75853 ], [ -105.02841, 39.75402 ] ] ] } },
{ "type": "Feature", "properties": { "predicted": 0.051 }, "geometry": { "type": "Polygon", "coordinates": [ [ [ -105.02258, 39.75403 ], [ -105.01674, 39.75403 ], [ -105.01674, 39.75853 ], [ -105.02258, 39.75853 ], [ -105.02258, 39.75403 ] ] ] } },
{ "type": "Feature", "properties": { "predicted": 0.107 }, "geometry": { "type": "Polygon", "coordinates": [ [ [ -105.01674, 39.75403 ], [ -105.0109, 39.75403 ], [ -105.0109, 39.75853 ], [ -105.01674, 39.75853 ], [ -105.01674, 39.75403 ] ] ] } },
{ "type": "Feature", "properties": { "predicted": 0.109 }, "geometry": { "type": "Polygon", "coordinates": [ [ [ -105.0109, 39.75403 ], [ -105.00507, 39.75403 ], [ -105.00507, 39.75853 ], [ -105.0109, 39.75853 ], [ -105.0109, 39.75403 ] ] ] } },
{ "type": "Feature", "properties": { "predicted": 0.05 }, "geometry": { "type": "Polygon", "coordinates": [ [ [ -105.00507, 39.75403 ], [ -104.99923, 39.75403 ], [ -104.99923, 39.75853 ], [ -105.00507, 39.75853 ], [ -105.00507, 39.75403 ] ] ] } },
{ "type": "Feature", "properties": { "predicted": 0.056 }, "geometry": { "type": "Polygon", "coordinates": [ [ [ -104.99923, 39.75403 ], [ -104.99339, 39.75403 ], [ -104.99339, 39.75853 ], [ -104.99923, 39.75853 ], [ -104.99923, 39.75403 ] ] ] } },
{ "type": "Feature", "properties": { "predicted": 0.056 }, "geometry": { "type": "Polygon", "coordinates": [ [ [ -104.99339, 39.75403 ], [ -104.98756, 39.75403 ], [ -104.98755, 39.75853 ], [ -104.99339, 39.75853 ], [ -104.99339, 39.75403 ] ] ] } },
{ "type": "Feature", "properties": { "predicted": 0.062 }, "geometry": { "type": "Polygon", "coordinates": [ [ [ -104.98756, 39.75403 ], [ -104.98172, 39.75403 ], [ -104.98172, 39.75853 ], [ -104.98755, 39.75853 ], [ -104.98756, 39.75403 ] ] ] } },
{ "type": "Feature", "properties": { "predicted": 0.071 }, "geometry": { "type": "Polygon", "coordinates": [ [ [ -104.98172, 39.75403 ], [ -104.97588, 39.75403 ], [ -104.97588, 39.75853 ], [ -104.98172, 39.75853 ], [ -104.98172, 39.75403 ] ] ] } },
{ "type": "Feature", "properties": { "predicted": 0.089 }, "geometry": { "type": "Polygon", "coordinates": [ [ [ -104.97588, 39.75403 ], [ -104.97005, 39.75402 ], [ -104.97004, 39.75853 ], [ -104.97588, 39.75853 ], [ -104.97588, 39.75403 ] ] ] } },
{ "type": "Feature", "properties": { "predicted": 0.115 }, "geometry": { "type": "Polygon", "coordinates": [ [ [ -104.97005, 39.75402 ], [ -104.96421, 39.75402 ], [ -104.96421, 39.75853 ], [ -104.97004, 39.75853 ], [ -104.97005, 39.75402 ] ] ] } },
{ "type": "Feature", "properties": { "predicted": 0.14 }, "geometry": { "type": "Polygon", "coordinates": [ [ [ -104.96421, 39.75402 ], [ -104.95837, 39.75402 ], [ -104.95837, 39.75853 ], [ -104.96421, 39.75853 ], [ -104.96421, 39.75402 ] ] ] } },
{ "type": "Feature", "properties": { "predicted": 0.134 }, "geometry": { "type": "Polygon", "coordinates": [ [ [ -104.95837, 39.75402 ], [ -104.95254, 39.75402 ], [ -104.95253, 39.75852 ], [ -104.95837, 39.75853 ], [ -104.95837, 39.75402 ] ] ] } },
{ "type": "Feature", "properties": { "predicted": 0.084 }, "geometry": { "type": "Polygon", "coordinates": [ [ [ -104.95254, 39.75402 ], [ -104.9467, 39.75402 ], [ -104.9467, 39.75852 ], [ -104.95253, 39.75852 ], [ -104.95254, 39.75402 ] ] ] } },
{ "type": "Feature", "properties": { "predicted": 0.066 }, "geometry": { "type": "Polygon", "coordinates": [ [ [ -104.9467, 39.75402 ], [ -104.94086, 39.75401 ], [ -104.94086, 39.75852 ], [ -104.9467, 39.75852 ], [ -104.9467, 39.75402 ] ] ] } },
{ "type": "Feature", "properties": { "predicted": 0.049 }, "geometry": { "type": "Polygon", "coordinates": [ [ [ -104.94086, 39.75401 ], [ -104.93503, 39.75401 ], [ -104.93502, 39.75851 ], [ -104.94086, 39.75852 ], [ -104.94086, 39.75401 ] ] ] } },
{ "type": "Feature", "properties": { "predicted": 0.034 }, "geometry": { "type": "Polygon", "coordinates": [ [ [ -104.93503, 39.75401 ], [ -104.92919, 39.75401 ], [ -104.92918, 39.75851 ], [ -104.93502, 39.75851 ], [ -104.93503, 39.75401 ] ] ] } },
{ "type": "Feature", "properties": { "predicted": 0.025 }, "geometry": { "type": "Polygon", "coordinates": [ [ [ -104.92919, 39.75401 ], [ -104.92335, 39.754 ], [ -104.92335, 39.75851 ], [ -104.92918, 39.75851 ], [ -104.92919, 39.75401 ] ] ] } },
{ "type": "Feature", "properties": { "predicted": 0.018 }, "geometry": { "type": "Polygon", "coordinates": [ [ [ -104.92335, 39.754 ], [ -104.91752, 39.754 ], [ -104.91751, 39.7585 ], [ -104.92335, 39.75851 ], [ -104.92335, 39.754 ] ] ] } },
{ "type": "Feature", "properties": { "predicted": 0.013 }, "geometry": { "type": "Polygon", "coordinates": [ [ [ -104.91752, 39.754 ], [ -104.91168, 39.75399 ], [ -104.91167, 39.7585 ], [ -104.91751, 39.7585 ], [ -104.91752, 39.754 ] ] ] } },
{ "type": "Feature", "properties": { "predicted": 0.011 }, "geometry": { "type": "Polygon", "coordinates": [ [ [ -104.91168, 39.75399 ], [ -104.90584, 39.75399 ], [ -104.90584, 39.75849 ], [ -104.91167, 39.7585 ], [ -104.91168, 39.75399 ] ] ] } },
{ "type": "Feature", "properties": { "predicted": 0.011 }, "geometry": { "type": "Polygon", "coordinates": [ [ [ -104.90584, 39.75399 ], [ -104.90001, 39.75398 ], [ -104.9, 39.75849 ], [ -104.90584, 39.75849 ], [ -104.90584, 39.75399 ] ] ] } },
{ "type": "Feature", "properties": { "predicted": 0.014 }, "geometry": { "type": "Polygon", "coordinates": [ [ [ -104.90001, 39.75398 ], [ -104.89417, 39.75398 ], [ -104.89416, 39.75848 ], [ -104.9, 39.75849 ], [ -104.90001, 39.75398 ] ] ] } },
{ "type": "Feature", "properties": { "predicted": 0.024 }, "geometry": { "type": "Polygon", "coordinates": [ [ [ -104.89417, 39.75398 ], [ -104.88833, 39.75397 ], [ -104.88832, 39.75848 ], [ -104.89416, 39.75848 ], [ -104.89417, 39.75398 ] ] ] } },
{ "type": "Feature", "properties": { "predicted": 0.035 }, "geometry": { "type": "Polygon", "coordinates": [ [ [ -104.88833, 39.75397 ], [ -104.8825, 39.75397 ], [ -104.88249, 39.75847 ], [ -104.88832, 39.75848 ], [ -104.88833, 39.75397 ] ] ] } },
{ "type": "Feature", "properties": { "predicted": 0.062 }, "geometry": { "type": "Polygon", "coordinates": [ [ [ -104.8825, 39.75397 ], [ -104.87666, 39.75396 ], [ -104.87665, 39.75847 ], [ -104.88249, 39.75847 ], [ -104.8825, 39.75397 ] ] ] } },
{ "type": "Feature", "properties": { "predicted": 0.065 }, "geometry": { "type": "Polygon", "coordinates": [ [ [ -104.87666, 39.75396 ], [ -104.87082, 39.75396 ], [ -104.87081, 39.75846 ], [ -104.87665, 39.75847 ], [ -104.87666, 39.75396 ] ] ] } },
{ "type": "Feature", "properties": { "predicted": 0.072 }, "geometry": { "type": "Polygon", "coordinates": [ [ [ -104.87082, 39.75396 ], [ -104.86499, 39.75395 ], [ -104.86498, 39.75845 ], [ -104.87081, 39.75846 ], [ -104.87082, 39.75396 ] ] ] } },
{ "type": "Feature", "properties": { "predicted": 0.104 }, "geometry": { "type": "Polygon", "coordinates": [ [ [ -104.86499, 39.75395 ], [ -104.85915, 39.75394 ], [ -104.85914, 39.75845 ], [ -104.86498, 39.75845 ], [ -104.86499, 39.75395 ] ] ] } },
{ "type": "Feature", "properties": { "predicted": 0.098 }, "geometry": { "type": "Polygon", "coordinates": [ [ [ -104.85915, 39.75394 ], [ -104.85331, 39.75393 ], [ -104.8533, 39.75844 ], [ -104.85914, 39.75845 ], [ -104.85915, 39.75394 ] ] ] } },
{ "type": "Feature", "properties": { "predicted": 0.075 }, "geometry": { "type": "Polygon", "coordinates": [ [ [ -104.85331, 39.75393 ], [ -104.84748, 39.75393 ], [ -104.84747, 39.75843 ], [ -104.8533, 39.75844 ], [ -104.85331, 39.75393 ] ] ] } },
{ "type": "Feature", "properties": { "predicted": 0.051 }, "geometry": { "type": "Polygon", "coordinates": [ [ [ -104.84748, 39.75393 ], [ -104.84164, 39.75392 ], [ -104.84163, 39.75842 ], [ -104.84747, 39.75843 ], [ -104.84748, 39.75393 ] ] ] } },
{ "type": "Feature", "properties": { "predicted": 0.017 }, "geometry": { "type": "Polygon", "coordinates": [ [ [ -105.0576, 39.75852 ], [ -105.05176, 39.75852 ], [ -105.05177, 39.76303 ], [ -105.0576, 39.76302 ], [ -105.0576, 39.75852 ] ] ] } },
{ "type": "Feature", "properties": { "predicted": 0.023 }, "geometry": { "type": "Polygon", "coordinates": [ [ [ -105.05176, 39.75852 ], [ -105.04593, 39.75852 ], [ -105.04593, 39.76303 ], [ -105.05177, 39.76303 ], [ -105.05176, 39.75852 ] ] ] } },
{ "type": "Feature", "properties": { "predicted": 0.024 }, "geometry": { "type": "Polygon", "coordinates": [ [ [ -105.04593, 39.75852 ], [ -105.04009, 39.75853 ], [ -105.04009, 39.76303 ], [ -105.04593, 39.76303 ], [ -105.04593, 39.75852 ] ] ] } },
{ "type": "Feature", "properties": { "predicted": 0.023 }, "geometry": { "type": "Polygon", "coordinates": [ [ [ -105.04009, 39.75853 ], [ -105.03425, 39.75853 ], [ -105.03425, 39.76303 ], [ -105.04009, 39.76303 ], [ -105.04009, 39.75853 ] ] ] } },
{ "type": "Feature", "properties": { "predicted": 0.024 }, "geometry": { "type": "Polygon", "coordinates": [ [ [ -105.03425, 39.75853 ], [ -105.02841, 39.75853 ], [ -105.02842, 39.76303 ], [ -105.03425, 39.76303 ], [ -105.03425, 39.75853 ] ] ] } },
{ "type": "Feature", "properties": { "predicted": 0.027 }, "geometry": { "type": "Polygon", "coordinates": [ [ [ -105.02841, 39.75853 ], [ -105.02258, 39.75853 ], [ -105.02258, 39.76304 ], [ -105.02842, 39.76303 ], [ -105.02841, 39.75853 ] ] ] } },
{ "type": "Feature", "properties": { "predicted": 0.028 }, "geometry": { "type": "Polygon", "coordinates": [ [ [ -105.02258, 39.75853 ], [ -105.01674, 39.75853 ], [ -105.01674, 39.76304 ], [ -105.02258, 39.76304 ], [ -105.02258, 39.75853 ] ] ] } },
{ "type": "Feature", "properties": { "predicted": 0.042 }, "geometry": { "type": "Polygon", "coordinates": [ [ [ -105.01674, 39.75853 ], [ -105.0109, 39.75853 ], [ -105.0109, 39.76304 ], [ -105.01674, 39.76304 ], [ -105.01674, 39.75853 ] ] ] } },
{ "type": "Feature", "properties": { "predicted": 0.098 }, "geometry": { "type": "Polygon", "coordinates": [ [ [ -105.0109, 39.75853 ], [ -105.00507, 39.75853 ], [ -105.00507, 39.76304 ], [ -105.0109, 39.76304 ], [ -105.0109, 39.75853 ] ] ] } },
{ "type": "Feature", "properties": { "predicted": 0.108 }, "geometry": { "type": "Polygon", "coordinates": [ [ [ -105.00507, 39.75853 ], [ -104.99923, 39.75853 ], [ -104.99923, 39.76304 ], [ -105.00507, 39.76304 ], [ -105.00507, 39.75853 ] ] ] } },
{ "type": "Feature", "properties": { "predicted": 0.064 }, "geometry": { "type": "Polygon", "coordinates": [ [ [ -104.99923, 39.75853 ], [ -104.99339, 39.75853 ], [ -104.99339, 39.76304 ], [ -104.99923, 39.76304 ], [ -104.99923, 39.75853 ] ] ] } },
{ "type": "Feature", "properties": { "predicted": 0.065 }, "geometry": { "type": "Polygon", "coordinates": [ [ [ -104.99339, 39.75853 ], [ -104.98755, 39.75853 ], [ -104.98755, 39.76304 ], [ -104.99339, 39.76304 ], [ -104.99339, 39.75853 ] ] ] } },
{ "type": "Feature", "properties": { "predicted": 0.074 }, "geometry": { "type": "Polygon", "coordinates": [ [ [ -104.98755, 39.75853 ], [ -104.98172, 39.75853 ], [ -104.98172, 39.76304 ], [ -104.98755, 39.76304 ], [ -104.98755, 39.75853 ] ] ] } },
{ "type": "Feature", "properties": { "predicted": 0.072 }, "geometry": { "type": "Polygon", "coordinates": [ [ [ -104.98172, 39.75853 ], [ -104.97588, 39.75853 ], [ -104.97588, 39.76304 ], [ -104.98172, 39.76304 ], [ -104.98172, 39.75853 ] ] ] } },
{ "type": "Feature", "properties": { "predicted": 0.082 }, "geometry": { "type": "Polygon", "coordinates": [ [ [ -104.97588, 39.75853 ], [ -104.97004, 39.75853 ], [ -104.97004, 39.76303 ], [ -104.97588, 39.76304 ], [ -104.97588, 39.75853 ] ] ] } },
{ "type": "Feature", "properties": { "predicted": 0.098 }, "geometry": { "type": "Polygon", "coordinates": [ [ [ -104.97004, 39.75853 ], [ -104.96421, 39.75853 ], [ -104.9642, 39.76303 ], [ -104.97004, 39.76303 ], [ -104.97004, 39.75853 ] ] ] } },
{ "type": "Feature", "properties": { "predicted": 0.115 }, "geometry": { "type": "Polygon", "coordinates": [ [ [ -104.96421, 39.75853 ], [ -104.95837, 39.75853 ], [ -104.95837, 39.76303 ], [ -104.9642, 39.76303 ], [ -104.96421, 39.75853 ] ] ] } },
{ "type": "Feature", "properties": { "predicted": 0.099 }, "geometry": { "type": "Polygon", "coordinates": [ [ [ -104.95837, 39.75853 ], [ -104.95253, 39.75852 ], [ -104.95253, 39.76303 ], [ -104.95837, 39.76303 ], [ -104.95837, 39.75853 ] ] ] } },
{ "type": "Feature", "properties": { "predicted": 0.081 }, "geometry": { "type": "Polygon", "coordinates": [ [ [ -104.95253, 39.75852 ], [ -104.9467, 39.75852 ], [ -104.94669, 39.76303 ], [ -104.95253, 39.76303 ], [ -104.95253, 39.75852 ] ] ] } },
{ "type": "Feature", "properties": { "predicted": 0.058 }, "geometry": { "type": "Polygon", "coordinates": [ [ [ -104.9467, 39.75852 ], [ -104.94086, 39.75852 ], [ -104.94085, 39.76302 ], [ -104.94669, 39.76303 ], [ -104.9467, 39.75852 ] ] ] } },
{ "type": "Feature", "properties": { "predicted": 0.041 }, "geometry": { "type": "Polygon", "coordinates": [ [ [ -104.94086, 39.75852 ], [ -104.93502, 39.75851 ], [ -104.93502, 39.76302 ], [ -104.94085, 39.76302 ], [ -104.94086, 39.75852 ] ] ] } },
{ "type": "Feature", "properties": { "predicted": 0.031 }, "geometry": { "type": "Polygon", "coordinates": [ [ [ -104.93502, 39.75851 ], [ -104.92918, 39.75851 ], [ -104.92918, 39.76302 ], [ -104.93502, 39.76302 ], [ -104.93502, 39.75851 ] ] ] } },
{ "type": "Feature", "properties": { "predicted": 0.023 }, "geometry": { "type": "Polygon", "coordinates": [ [ [ -104.92918, 39.75851 ], [ -104.92335, 39.75851 ], [ -104.92334, 39.76301 ], [ -104.92918, 39.76302 ], [ -104.92918, 39.75851 ] ] ] } },
{ "type": "Feature", "properties": { "predicted": 0.017 }, "geometry": { "type": "Polygon", "coordinates": [ [ [ -104.92335, 39.75851 ], [ -104.91751, 39.7585 ], [ -104.9175, 39.76301 ], [ -104.92334, 39.76301 ], [ -104.92335, 39.75851 ] ] ] } },
{ "type": "Feature", "properties": { "predicted": 0.018 }, "geometry": { "type": "Polygon", "coordinates": [ [ [ -104.91751, 39.7585 ], [ -104.91167, 39.7585 ], [ -104.91167, 39.763 ], [ -104.9175, 39.76301 ], [ -104.91751, 39.7585 ] ] ] } },
{ "type": "Feature", "properties": { "predicted": 0.019 }, "geometry": { "type": "Polygon", "coordinates": [ [ [ -104.91167, 39.7585 ], [ -104.90584, 39.75849 ], [ -104.90583, 39.763 ], [ -104.91167, 39.763 ], [ -104.91167, 39.7585 ] ] ] } },
{ "type": "Feature", "properties": { "predicted": 0.019 }, "geometry": { "type": "Polygon", "coordinates": [ [ [ -104.90584, 39.75849 ], [ -104.9, 39.75849 ], [ -104.89999, 39.76299 ], [ -104.90583, 39.763 ], [ -104.90584, 39.75849 ] ] ] } },
{ "type": "Feature", "properties": { "predicted": 0.019 }, "geometry": { "type": "Polygon", "coordinates": [ [ [ -104.9, 39.75849 ], [ -104.89416, 39.75848 ], [ -104.89415, 39.76299 ], [ -104.89999, 39.76299 ], [ -104.9, 39.75849 ] ] ] } },
{ "type": "Feature", "properties": { "predicted": 0.027 }, "geometry": { "type": "Polygon", "coordinates": [ [ [ -104.89416, 39.75848 ], [ -104.88832, 39.75848 ], [ -104.88832, 39.76298 ], [ -104.89415, 39.76299 ], [ -104.89416, 39.75848 ] ] ] } },
{ "type": "Feature", "properties": { "predicted": 0.047 }, "geometry": { "type": "Polygon", "coordinates": [ [ [ -104.88832, 39.75848 ], [ -104.88249, 39.75847 ], [ -104.88248, 39.76298 ], [ -104.88832, 39.76298 ], [ -104.88832, 39.75848 ] ] ] } },
{ "type": "Feature", "properties": { "predicted": 0.068 }, "geometry": { "type": "Polygon", "coordinates": [ [ [ -104.88249, 39.75847 ], [ -104.87665, 39.75847 ], [ -104.87664, 39.76297 ], [ -104.88248, 39.76298 ], [ -104.88249, 39.75847 ] ] ] } },
{ "type": "Feature", "properties": { "predicted": 0.091 }, "geometry": { "type": "Polygon", "coordinates": [ [ [ -104.87665, 39.75847 ], [ -104.87081, 39.75846 ], [ -104.87081, 39.76297 ], [ -104.87664, 39.76297 ], [ -104.87665, 39.75847 ] ] ] } },
{ "type": "Feature", "properties": { "predicted": 0.104 }, "geometry": { "type": "Polygon", "coordinates": [ [ [ -104.87081, 39.75846 ], [ -104.86498, 39.75845 ], [ -104.86497, 39.76296 ], [ -104.87081, 39.76297 ], [ -104.87081, 39.75846 ] ] ] } },
{ "type": "Feature", "properties": { "predicted": 0.178 }, "geometry": { "type": "Polygon", "coordinates": [ [ [ -104.86498, 39.75845 ], [ -104.85914, 39.75845 ], [ -104.85913, 39.76295 ], [ -104.86497, 39.76296 ], [ -104.86498, 39.75845 ] ] ] } },
{ "type": "Feature", "properties": { "predicted": 0.137 }, "geometry": { "type": "Polygon", "coordinates": [ [ [ -104.85914, 39.75845 ], [ -104.8533, 39.75844 ], [ -104.85329, 39.76294 ], [ -104.85913, 39.76295 ], [ -104.85914, 39.75845 ] ] ] } },
{ "type": "Feature", "properties": { "predicted": 0.008 }, "geometry": { "type": "Polygon", "coordinates": [ [ [ -105.0576, 39.76302 ], [ -105.05177, 39.76303 ], [ -105.05177, 39.76753 ], [ -105.05761, 39.76753 ], [ -105.0576, 39.76302 ] ] ] } },
{ "type": "Feature", "properties": { "predicted": 0.008 }, "geometry": { "type": "Polygon", "coordinates": [ [ [ -105.05177, 39.76303 ], [ -105.04593, 39.76303 ], [ -105.04593, 39.76753 ], [ -105.05177, 39.76753 ], [ -105.05177, 39.76303 ] ] ] } },
{ "type": "Feature", "properties": { "predicted": 0.01 }, "geometry": { "type": "Polygon", "coordinates": [ [ [ -105.04593, 39.76303 ], [ -105.04009, 39.76303 ], [ -105.04009, 39.76754 ], [ -105.04593, 39.76753 ], [ -105.04593, 39.76303 ] ] ] } },
{ "type": "Feature", "properties": { "predicted": 0.013 }, "geometry": { "type": "Polygon", "coordinates": [ [ [ -105.04009, 39.76303 ], [ -105.03425, 39.76303 ], [ -105.03426, 39.76754 ], [ -105.04009, 39.76754 ], [ -105.04009, 39.76303 ] ] ] } },
{ "type": "Feature", "properties": { "predicted": 0.015 }, "geometry": { "type": "Polygon", "coordinates": [ [ [ -105.03425, 39.76303 ], [ -105.02842, 39.76303 ], [ -105.02842, 39.76754 ], [ -105.03426, 39.76754 ], [ -105.03425, 39.76303 ] ] ] } },
{ "type": "Feature", "properties": { "predicted": 0.021 }, "geometry": { "type": "Polygon", "coordinates": [ [ [ -105.02842, 39.76303 ], [ -105.02258, 39.76304 ], [ -105.02258, 39.76754 ], [ -105.02842, 39.76754 ], [ -105.02842, 39.76303 ] ] ] } },
{ "type": "Feature", "properties": { "predicted": 0.026 }, "geometry": { "type": "Polygon", "coordinates": [ [ [ -105.02258, 39.76304 ], [ -105.01674, 39.76304 ], [ -105.01674, 39.76754 ], [ -105.02258, 39.76754 ], [ -105.02258, 39.76304 ] ] ] } },
{ "type": "Feature", "properties": { "predicted": 0.033 }, "geometry": { "type": "Polygon", "coordinates": [ [ [ -105.01674, 39.76304 ], [ -105.0109, 39.76304 ], [ -105.0109, 39.76754 ], [ -105.01674, 39.76754 ], [ -105.01674, 39.76304 ] ] ] } },
{ "type": "Feature", "properties": { "predicted": 0.062 }, "geometry": { "type": "Polygon", "coordinates": [ [ [ -105.0109, 39.76304 ], [ -105.00507, 39.76304 ], [ -105.00507, 39.76754 ], [ -105.0109, 39.76754 ], [ -105.0109, 39.76304 ] ] ] } },
{ "type": "Feature", "properties": { "predicted": 0.098 }, "geometry": { "type": "Polygon", "coordinates": [ [ [ -105.00507, 39.76304 ], [ -104.99923, 39.76304 ], [ -104.99923, 39.76754 ], [ -105.00507, 39.76754 ], [ -105.00507, 39.76304 ] ] ] } },
{ "type": "Feature", "properties": { "predicted": 0.105 }, "geometry": { "type": "Polygon", "coordinates": [ [ [ -104.99923, 39.76304 ], [ -104.99339, 39.76304 ], [ -104.99339, 39.76754 ], [ -104.99923, 39.76754 ], [ -104.99923, 39.76304 ] ] ] } },
{ "type": "Feature", "properties": { "predicted": 0.086 }, "geometry": { "type": "Polygon", "coordinates": [ [ [ -104.99339, 39.76304 ], [ -104.98755, 39.76304 ], [ -104.98755, 39.76754 ], [ -104.99339, 39.76754 ], [ -104.99339, 39.76304 ] ] ] } },
{ "type": "Feature", "properties": { "predicted": 0.085 }, "geometry": { "type": "Polygon", "coordinates": [ [ [ -104.98755, 39.76304 ], [ -104.98172, 39.76304 ], [ -104.98172, 39.76754 ], [ -104.98755, 39.76754 ], [ -104.98755, 39.76304 ] ] ] } },
{ "type": "Feature", "properties": { "predicted": 0.073 }, "geometry": { "type": "Polygon", "coordinates": [ [ [ -104.98172, 39.76304 ], [ -104.97588, 39.76304 ], [ -104.97588, 39.76754 ], [ -104.98172, 39.76754 ], [ -104.98172, 39.76304 ] ] ] } },
{ "type": "Feature", "properties": { "predicted": 0.075 }, "geometry": { "type": "Polygon", "coordinates": [ [ [ -104.97588, 39.76304 ], [ -104.97004, 39.76303 ], [ -104.97004, 39.76754 ], [ -104.97588, 39.76754 ], [ -104.97588, 39.76304 ] ] ] } },
{ "type": "Feature", "properties": { "predicted": 0.084 }, "geometry": { "type": "Polygon", "coordinates": [ [ [ -104.97004, 39.76303 ], [ -104.9642, 39.76303 ], [ -104.9642, 39.76754 ], [ -104.97004, 39.76754 ], [ -104.97004, 39.76303 ] ] ] } },
{ "type": "Feature", "properties": { "predicted": 0.094 }, "geometry": { "type": "Polygon", "coordinates": [ [ [ -104.9642, 39.76303 ], [ -104.95837, 39.76303 ], [ -104.95836, 39.76754 ], [ -104.9642, 39.76754 ], [ -104.9642, 39.76303 ] ] ] } },
{ "type": "Feature", "properties": { "predicted": 0.097 }, "geometry": { "type": "Polygon", "coordinates": [ [ [ -104.95837, 39.76303 ], [ -104.95253, 39.76303 ], [ -104.95253, 39.76753 ], [ -104.95836, 39.76754 ], [ -104.95837, 39.76303 ] ] ] } },
{ "type": "Feature", "properties": { "predicted": 0.079 }, "geometry": { "type": "Polygon", "coordinates": [ [ [ -104.95253, 39.76303 ], [ -104.94669, 39.76303 ], [ -104.94669, 39.76753 ], [ -104.95253, 39.76753 ], [ -104.95253, 39.76303 ] ] ] } },
{ "type": "Feature", "properties": { "predicted": 0.042 }, "geometry": { "type": "Polygon", "coordinates": [ [ [ -104.94669, 39.76303 ], [ -104.94085, 39.76302 ], [ -104.94085, 39.76753 ], [ -104.94669, 39.76753 ], [ -104.94669, 39.76303 ] ] ] } },
{ "type": "Feature", "properties": { "predicted": 0.035 }, "geometry": { "type": "Polygon", "coordinates": [ [ [ -104.94085, 39.76302 ], [ -104.93502, 39.76302 ], [ -104.93501, 39.76752 ], [ -104.94085, 39.76753 ], [ -104.94085, 39.76302 ] ] ] } },
{ "type": "Feature", "properties": { "predicted": 0.029 }, "geometry": { "type": "Polygon", "coordinates": [ [ [ -104.93502, 39.76302 ], [ -104.92918, 39.76302 ], [ -104.92917, 39.76752 ], [ -104.93501, 39.76752 ], [ -104.93502, 39.76302 ] ] ] } },
{ "type": "Feature", "properties": { "predicted": 0.022 }, "geometry": { "type": "Polygon", "coordinates": [ [ [ -104.92918, 39.76302 ], [ -104.92334, 39.76301 ], [ -104.92334, 39.76752 ], [ -104.92917, 39.76752 ], [ -104.92918, 39.76302 ] ] ] } },
{ "type": "Feature", "properties": { "predicted": 0.027 }, "geometry": { "type": "Polygon", "coordinates": [ [ [ -104.92334, 39.76301 ], [ -104.9175, 39.76301 ], [ -104.9175, 39.76751 ], [ -104.92334, 39.76752 ], [ -104.92334, 39.76301 ] ] ] } },
{ "type": "Feature", "properties": { "predicted": 0.029 }, "geometry": { "type": "Polygon", "coordinates": [ [ [ -104.9175, 39.76301 ], [ -104.91167, 39.763 ], [ -104.91166, 39.76751 ], [ -104.9175, 39.76751 ], [ -104.9175, 39.76301 ] ] ] } },
{ "type": "Feature", "properties": { "predicted": 0.031 }, "geometry": { "type": "Polygon", "coordinates": [ [ [ -104.91167, 39.763 ], [ -104.90583, 39.763 ], [ -104.90582, 39.7675 ], [ -104.91166, 39.76751 ], [ -104.91167, 39.763 ] ] ] } },
{ "type": "Feature", "properties": { "predicted": 0.032 }, "geometry": { "type": "Polygon", "coordinates": [ [ [ -104.90583, 39.763 ], [ -104.89999, 39.76299 ], [ -104.89999, 39.7675 ], [ -104.90582, 39.7675 ], [ -104.90583, 39.763 ] ] ] } },
{ "type": "Feature", "properties": { "predicted": 0.036 }, "geometry": { "type": "Polygon", "coordinates": [ [ [ -104.89999, 39.76299 ], [ -104.89415, 39.76299 ], [ -104.89415, 39.76749 ], [ -104.89999, 39.7675 ], [ -104.89999, 39.76299 ] ] ] } },
{ "type": "Feature", "properties": { "predicted": 0.032 }, "geometry": { "type": "Polygon", "coordinates": [ [ [ -104.89415, 39.76299 ], [ -104.88832, 39.76298 ], [ -104.88831, 39.76749 ], [ -104.89415, 39.76749 ], [ -104.89415, 39.76299 ] ] ] } },
{ "type": "Feature", "properties": { "predicted": 0.044 }, "geometry": { "type": "Polygon", "coordinates": [ [ [ -104.88832, 39.76298 ], [ -104.88248, 39.76298 ], [ -104.88247, 39.76748 ], [ -104.88831, 39.76749 ], [ -104.88832, 39.76298 ] ] ] } },
{ "type": "Feature", "properties": { "predicted": 0.075 }, "geometry": { "type": "Polygon", "coordinates": [ [ [ -104.88248, 39.76298 ], [ -104.87664, 39.76297 ], [ -104.87663, 39.76748 ], [ -104.88247, 39.76748 ], [ -104.88248, 39.76298 ] ] ] } },
{ "type": "Feature", "properties": { "predicted": 0.141 }, "geometry": { "type": "Polygon", "coordinates": [ [ [ -104.87664, 39.76297 ], [ -104.87081, 39.76297 ], [ -104.8708, 39.76747 ], [ -104.87663, 39.76748 ], [ -104.87664, 39.76297 ] ] ] } },
{ "type": "Feature", "properties": { "predicted": 0.179 }, "geometry": { "type": "Polygon", "coordinates": [ [ [ -104.87081, 39.76297 ], [ -104.86497, 39.76296 ], [ -104.86496, 39.76746 ], [ -104.8708, 39.76747 ], [ -104.87081, 39.76297 ] ] ] } },
{ "type": "Feature", "properties": { "predicted": 0.115 }, "geometry": { "type": "Polygon", "coordinates": [ [ [ -104.86497, 39.76296 ], [ -104.85913, 39.76295 ], [ -104.85912, 39.76746 ], [ -104.86496, 39.76746 ], [ -104.86497, 39.76296 ] ] ] } },
{ "type": "Feature", "properties": { "predicted": 0.09 }, "geometry": { "type": "Polygon", "coordinates": [ [ [ -104.85913, 39.76295 ], [ -104.85329, 39.76294 ], [ -104.85328, 39.76745 ], [ -104.85912, 39.76746 ], [ -104.85913, 39.76295 ] ] ] } },
{ "type": "Feature", "properties": { "predicted": 0.024 }, "geometry": { "type": "Polygon", "coordinates": [ [ [ -104.84162, 39.76293 ], [ -104.83578, 39.76292 ], [ -104.83577, 39.76743 ], [ -104.84161, 39.76743 ], [ -104.84162, 39.76293 ] ] ] } },
{ "type": "Feature", "properties": { "predicted": 0.015 }, "geometry": { "type": "Polygon", "coordinates": [ [ [ -104.83578, 39.76292 ], [ -104.82994, 39.76291 ], [ -104.82993, 39.76742 ], [ -104.83577, 39.76743 ], [ -104.83578, 39.76292 ] ] ] } },
{ "type": "Feature", "properties": { "predicted": 0.012 }, "geometry": { "type": "Polygon", "coordinates": [ [ [ -105.05761, 39.76753 ], [ -105.05177, 39.76753 ], [ -105.05177, 39.77204 ], [ -105.05761, 39.77203 ], [ -105.05761, 39.76753 ] ] ] } },
{ "type": "Feature", "properties": { "predicted": 0.013 }, "geometry": { "type": "Polygon", "coordinates": [ [ [ -105.05177, 39.76753 ], [ -105.04593, 39.76753 ], [ -105.04593, 39.77204 ], [ -105.05177, 39.77204 ], [ -105.05177, 39.76753 ] ] ] } },
{ "type": "Feature", "properties": { "predicted": 0.012 }, "geometry": { "type": "Polygon", "coordinates": [ [ [ -105.04593, 39.76753 ], [ -105.04009, 39.76754 ], [ -105.0401, 39.77204 ], [ -105.04593, 39.77204 ], [ -105.04593, 39.76753 ] ] ] } },
{ "type": "Feature", "properties": { "predicted": 0.013 }, "geometry": { "type": "Polygon", "coordinates": [ [ [ -105.04009, 39.76754 ], [ -105.03426, 39.76754 ], [ -105.03426, 39.77204 ], [ -105.0401, 39.77204 ], [ -105.04009, 39.76754 ] ] ] } },
{ "type": "Feature", "properties": { "predicted": 0.021 }, "geometry": { "type": "Polygon", "coordinates": [ [ [ -105.03426, 39.76754 ], [ -105.02842, 39.76754 ], [ -105.02842, 39.77204 ], [ -105.03426, 39.77204 ], [ -105.03426, 39.76754 ] ] ] } },
{ "type": "Feature", "properties": { "predicted": 0.031 }, "geometry": { "type": "Polygon", "coordinates": [ [ [ -105.02842, 39.76754 ], [ -105.02258, 39.76754 ], [ -105.02258, 39.77205 ], [ -105.02842, 39.77204 ], [ -105.02842, 39.76754 ] ] ] } },
{ "type": "Feature", "properties": { "predicted": 0.041 }, "geometry": { "type": "Polygon", "coordinates": [ [ [ -105.02258, 39.76754 ], [ -105.01674, 39.76754 ], [ -105.01674, 39.77205 ], [ -105.02258, 39.77205 ], [ -105.02258, 39.76754 ] ] ] } },
{ "type": "Feature", "properties": { "predicted": 0.046 }, "geometry": { "type": "Polygon", "coordinates": [ [ [ -105.01674, 39.76754 ], [ -105.0109, 39.76754 ], [ -105.0109, 39.77205 ], [ -105.01674, 39.77205 ], [ -105.01674, 39.76754 ] ] ] } },
{ "type": "Feature", "properties": { "predicted": 0.062 }, "geometry": { "type": "Polygon", "coordinates": [ [ [ -105.0109, 39.76754 ], [ -105.00507, 39.76754 ], [ -105.00507, 39.77205 ], [ -105.0109, 39.77205 ], [ -105.0109, 39.76754 ] ] ] } },
{ "type": "Feature", "properties": { "predicted": 0.08 }, "geometry": { "type": "Polygon", "coordinates": [ [ [ -105.00507, 39.76754 ], [ -104.99923, 39.76754 ], [ -104.99923, 39.77205 ], [ -105.00507, 39.77205 ], [ -105.00507, 39.76754 ] ] ] } },
{ "type": "Feature", "properties": { "predicted": 0.098 }, "geometry": { "type": "Polygon", "coordinates": [ [ [ -104.99923, 39.76754 ], [ -104.99339, 39.76754 ], [ -104.99339, 39.77205 ], [ -104.99923, 39.77205 ], [ -104.99923, 39.76754 ] ] ] } },
{ "type": "Feature", "properties": { "predicted": 0.097 }, "geometry": { "type": "Polygon", "coordinates": [ [ [ -104.99339, 39.76754 ], [ -104.98755, 39.76754 ], [ -104.98755, 39.77205 ], [ -104.99339, 39.77205 ], [ -104.99339, 39.76754 ] ] ] } },
{ "type": "Feature", "properties": { "predicted": 0.139 }, "geometry": { "type": "Polygon", "coordinates": [ [ [ -104.98755, 39.76754 ], [ -104.98172, 39.76754 ], [ -104.98171, 39.77205 ], [ -104.98755, 39.77205 ], [ -104.98755, 39.76754 ] ] ] } },
{ "type": "Feature", "properties": { "predicted": 0.116 }, "geometry": { "type": "Polygon", "coordinates": [ [ [ -104.98172, 39.76754 ], [ -104.97588, 39.76754 ], [ -104.97588, 39.77205 ], [ -104.98171, 39.77205 ], [ -104.98172, 39.76754 ] ] ] } },
{ "type": "Feature", "properties": { "predicted": 0.088 }, "geometry": { "type": "Polygon", "coordinates": [ [ [ -104.97588, 39.76754 ], [ -104.97004, 39.76754 ], [ -104.97004, 39.77204 ], [ -104.97588, 39.77205 ], [ -104.97588, 39.76754 ] ] ] } },
{ "type": "Feature", "properties": { "predicted": 0.077 }, "geometry": { "type": "Polygon", "coordinates": [ [ [ -104.97004, 39.76754 ], [ -104.9642, 39.76754 ], [ -104.9642, 39.77204 ], [ -104.97004, 39.77204 ], [ -104.97004, 39.76754 ] ] ] } },
{ "type": "Feature", "properties": { "predicted": 0.077 }, "geometry": { "type": "Polygon", "coordinates": [ [ [ -104.9642, 39.76754 ], [ -104.95836, 39.76754 ], [ -104.95836, 39.77204 ], [ -104.9642, 39.77204 ], [ -104.9642, 39.76754 ] ] ] } },
{ "type": "Feature", "properties": { "predicted": 0.081 }, "geometry": { "type": "Polygon", "coordinates": [ [ [ -104.95836, 39.76754 ], [ -104.95253, 39.76753 ], [ -104.95252, 39.77204 ], [ -104.95836, 39.77204 ], [ -104.95836, 39.76754 ] ] ] } },
{ "type": "Feature", "properties": { "predicted": 0.075 }, "geometry": { "type": "Polygon", "coordinates": [ [ [ -104.95253, 39.76753 ], [ -104.94669, 39.76753 ], [ -104.94668, 39.77204 ], [ -104.95252, 39.77204 ], [ -104.95253, 39.76753 ] ] ] } },
{ "type": "Feature", "properties": { "predicted": 0.047 }, "geometry": { "type": "Polygon", "coordinates": [ [ [ -104.94669, 39.76753 ], [ -104.94085, 39.76753 ], [ -104.94085, 39.77203 ], [ -104.94668, 39.77204 ], [ -104.94669, 39.76753 ] ] ] } },
{ "type": "Feature", "properties": { "predicted": 0.03 }, "geometry": { "type": "Polygon", "coordinates": [ [ [ -104.94085, 39.76753 ], [ -104.93501, 39.76752 ], [ -104.93501, 39.77203 ], [ -104.94085, 39.77203 ], [ -104.94085, 39.76753 ] ] ] } },
{ "type": "Feature", "properties": { "predicted": 0.025 }, "geometry": { "type": "Polygon", "coordinates": [ [ [ -104.93501, 39.76752 ], [ -104.92917, 39.76752 ], [ -104.92917, 39.77203 ], [ -104.93501, 39.77203 ], [ -104.93501, 39.76752 ] ] ] } },
{ "type": "Feature", "properties": { "predicted": 0.034 }, "geometry": { "type": "Polygon", "coordinates": [ [ [ -104.92917, 39.76752 ], [ -104.92334, 39.76752 ], [ -104.92333, 39.77202 ], [ -104.92917, 39.77203 ], [ -104.92917, 39.76752 ] ] ] } },
{ "type": "Feature", "properties": { "predicted": 0.043 }, "geometry": { "type": "Polygon", "coordinates": [ [ [ -104.92334, 39.76752 ], [ -104.9175, 39.76751 ], [ -104.91749, 39.77202 ], [ -104.92333, 39.77202 ], [ -104.92334, 39.76752 ] ] ] } },
{ "type": "Feature", "properties": { "predicted": 0.043 }, "geometry": { "type": "Polygon", "coordinates": [ [ [ -104.9175, 39.76751 ], [ -104.91166, 39.76751 ], [ -104.91166, 39.77201 ], [ -104.91749, 39.77202 ], [ -104.9175, 39.76751 ] ] ] } },
{ "type": "Feature", "properties": { "predicted": 0.05 }, "geometry": { "type": "Polygon", "coordinates": [ [ [ -104.91166, 39.76751 ], [ -104.90582, 39.7675 ], [ -104.90582, 39.77201 ], [ -104.91166, 39.77201 ], [ -104.91166, 39.76751 ] ] ] } },
{ "type": "Feature", "properties": { "predicted": 0.065 }, "geometry": { "type": "Polygon", "coordinates": [ [ [ -104.90582, 39.7675 ], [ -104.89999, 39.7675 ], [ -104.89998, 39.772 ], [ -104.90582, 39.77201 ], [ -104.90582, 39.7675 ] ] ] } },
{ "type": "Feature", "properties": { "predicted": 0.053 }, "geometry": { "type": "Polygon", "coordinates": [ [ [ -104.89999, 39.7675 ], [ -104.89415, 39.76749 ], [ -104.89414, 39.772 ], [ -104.89998, 39.772 ], [ -104.89999, 39.7675 ] ] ] } },
{ "type": "Feature", "properties": { "predicted": 0.056 }, "geometry": { "type": "Polygon", "coordinates": [ [ [ -104.89415, 39.76749 ], [ -104.88831, 39.76749 ], [ -104.8883, 39.77199 ], [ -104.89414, 39.772 ], [ -104.89415, 39.76749 ] ] ] } },
{ "type": "Feature", "properties": { "predicted": 0.084 }, "geometry": { "type": "Polygon", "coordinates": [ [ [ -104.88831, 39.76749 ], [ -104.88247, 39.76748 ], [ -104.88246, 39.77199 ], [ -104.8883, 39.77199 ], [ -104.88831, 39.76749 ] ] ] } },
{ "type": "Feature", "properties": { "predicted": 0.096 }, "geometry": { "type": "Polygon", "coordinates": [ [ [ -104.88247, 39.76748 ], [ -104.87663, 39.76748 ], [ -104.87663, 39.77198 ], [ -104.88246, 39.77199 ], [ -104.88247, 39.76748 ] ] ] } },
{ "type": "Feature", "properties": { "predicted": 0.092 }, "geometry": { "type": "Polygon", "coordinates": [ [ [ -104.87663, 39.76748 ], [ -104.8708, 39.76747 ], [ -104.87079, 39.77198 ], [ -104.87663, 39.77198 ], [ -104.87663, 39.76748 ] ] ] } },
{ "type": "Feature", "properties": { "predicted": 0.083 }, "geometry": { "type": "Polygon", "coordinates": [ [ [ -104.8708, 39.76747 ], [ -104.86496, 39.76746 ], [ -104.86495, 39.77197 ], [ -104.87079, 39.77198 ], [ -104.8708, 39.76747 ] ] ] } },
{ "type": "Feature", "properties": { "predicted": 0.071 }, "geometry": { "type": "Polygon", "coordinates": [ [ [ -104.86496, 39.76746 ], [ -104.85912, 39.76746 ], [ -104.85911, 39.77196 ], [ -104.86495, 39.77197 ], [ -104.86496, 39.76746 ] ] ] } },
{ "type": "Feature", "properties": { "predicted": 0.056 }, "geometry": { "type": "Polygon", "coordinates": [ [ [ -104.85912, 39.76746 ], [ -104.85328, 39.76745 ], [ -104.85327, 39.77196 ], [ -104.85911, 39.77196 ], [ -104.85912, 39.76746 ] ] ] } },
{ "type": "Feature", "properties": { "predicted": 0.041 }, "geometry": { "type": "Polygon", "coordinates": [ [ [ -104.85328, 39.76745 ], [ -104.84745, 39.76744 ], [ -104.84744, 39.77195 ], [ -104.85327, 39.77196 ], [ -104.85328, 39.76745 ] ] ] } },
{ "type": "Feature", "properties": { "predicted": 0.027 }, "geometry": { "type": "Polygon", "coordinates": [ [ [ -104.84745, 39.76744 ], [ -104.84161, 39.76743 ], [ -104.8416, 39.77194 ], [ -104.84744, 39.77195 ], [ -104.84745, 39.76744 ] ] ] } },
{ "type": "Feature", "properties": { "predicted": 0.017 }, "geometry": { "type": "Polygon", "coordinates": [ [ [ -104.84161, 39.76743 ], [ -104.83577, 39.76743 ], [ -104.83576, 39.77193 ], [ -104.8416, 39.77194 ], [ -104.84161, 39.76743 ] ] ] } },
{ "type": "Feature", "properties": { "predicted": 0.012 }, "geometry": { "type": "Polygon", "coordinates": [ [ [ -104.83577, 39.76743 ], [ -104.82993, 39.76742 ], [ -104.82992, 39.77192 ], [ -104.83576, 39.77193 ], [ -104.83577, 39.76743 ] ] ] } },
{ "type": "Feature", "properties": { "predicted": 0.01 }, "geometry": { "type": "Polygon", "coordinates": [ [ [ -104.82993, 39.76742 ], [ -104.82409, 39.76741 ], [ -104.82408, 39.77191 ], [ -104.82992, 39.77192 ], [ -104.82993, 39.76742 ] ] ] } },
{ "type": "Feature", "properties": { "predicted": 0.0 }, "geometry": { "type": "Polygon", "coordinates": [ [ [ -104.77739, 39.76733 ], [ -104.77155, 39.76732 ], [ -104.77154, 39.77182 ], [ -104.77738, 39.77183 ], [ -104.77739, 39.76733 ] ] ] } },
{ "type": "Feature", "properties": { "predicted": 0.0 }, "geometry": { "type": "Polygon", "coordinates": [ [ [ -104.77155, 39.76732 ], [ -104.76572, 39.76731 ], [ -104.7657, 39.77181 ], [ -104.77154, 39.77182 ], [ -104.77155, 39.76732 ] ] ] } },
{ "type": "Feature", "properties": { "predicted": 0.0 }, "geometry": { "type": "Polygon", "coordinates": [ [ [ -104.76572, 39.76731 ], [ -104.75988, 39.76729 ], [ -104.75986, 39.7718 ], [ -104.7657, 39.77181 ], [ -104.76572, 39.76731 ] ] ] } },
{ "type": "Feature", "properties": { "predicted": 0.0 }, "geometry": { "type": "Polygon", "coordinates": [ [ [ -104.75988, 39.76729 ], [ -104.75404, 39.76728 ], [ -104.75403, 39.77179 ], [ -104.75986, 39.7718 ], [ -104.75988, 39.76729 ] ] ] } },
{ "type": "Feature", "properties": { "predicted": 0.0 }, "geometry": { "type": "Polygon", "coordinates": [ [ [ -104.75404, 39.76728 ], [ -104.7482, 39.76727 ], [ -104.74819, 39.77177 ], [ -104.75403, 39.77179 ], [ -104.75404, 39.76728 ] ] ] } },
{ "type": "Feature", "properties": { "predicted": 0.0 }, "geometry": { "type": "Polygon", "coordinates": [ [ [ -104.7482, 39.76727 ], [ -104.74237, 39.76726 ], [ -104.74235, 39.77176 ], [ -104.74819, 39.77177 ], [ -104.7482, 39.76727 ] ] ] } },
{ "type": "Feature", "properties": { "predicted": 0.0 }, "geometry": { "type": "Polygon", "coordinates": [ [ [ -104.74237, 39.76726 ], [ -104.73653, 39.76724 ], [ -104.73651, 39.77175 ], [ -104.74235, 39.77176 ], [ -104.74237, 39.76726 ] ] ] } },
{ "type": "Feature", "properties": { "predicted": 0.0 }, "geometry": { "type": "Polygon", "coordinates": [ [ [ -104.73653, 39.76724 ], [ -104.73069, 39.76723 ], [ -104.73067, 39.77174 ], [ -104.73651, 39.77175 ], [ -104.73653, 39.76724 ] ] ] } },
{ "type": "Feature", "properties": { "predicted": 0.026 }, "geometry": { "type": "Polygon", "coordinates": [ [ [ -105.05761, 39.77203 ], [ -105.05177, 39.77204 ], [ -105.05178, 39.77654 ], [ -105.05761, 39.77654 ], [ -105.05761, 39.77203 ] ] ] } },
{ "type": "Feature", "properties": { "predicted": 0.025 }, "geometry": { "type": "Polygon", "coordinates": [ [ [ -105.05177, 39.77204 ], [ -105.04593, 39.77204 ], [ -105.04594, 39.77654 ], [ -105.05178, 39.77654 ], [ -105.05177, 39.77204 ] ] ] } },
{ "type": "Feature", "properties": { "predicted": 0.02 }, "geometry": { "type": "Polygon", "coordinates": [ [ [ -105.04593, 39.77204 ], [ -105.0401, 39.77204 ], [ -105.0401, 39.77655 ], [ -105.04594, 39.77654 ], [ -105.04593, 39.77204 ] ] ] } },
{ "type": "Feature", "properties": { "predicted": 0.019 }, "geometry": { "type": "Polygon", "coordinates": [ [ [ -105.0401, 39.77204 ], [ -105.03426, 39.77204 ], [ -105.03426, 39.77655 ], [ -105.0401, 39.77655 ], [ -105.0401, 39.77204 ] ] ] } },
{ "type": "Feature", "properties": { "predicted": 0.024 }, "geometry": { "type": "Polygon", "coordinates": [ [ [ -105.03426, 39.77204 ], [ -105.02842, 39.77204 ], [ -105.02842, 39.77655 ], [ -105.03426, 39.77655 ], [ -105.03426, 39.77204 ] ] ] } },
{ "type": "Feature", "properties": { "predicted": 0.046 }, "geometry": { "type": "Polygon", "coordinates": [ [ [ -105.02842, 39.77204 ], [ -105.02258, 39.77205 ], [ -105.02258, 39.77655 ], [ -105.02842, 39.77655 ], [ -105.02842, 39.77204 ] ] ] } },
{ "type": "Feature", "properties": { "predicted": 0.058 }, "geometry": { "type": "Polygon", "coordinates": [ [ [ -105.02258, 39.77205 ], [ -105.01674, 39.77205 ], [ -105.01674, 39.77655 ], [ -105.02258, 39.77655 ], [ -105.02258, 39.77205 ] ] ] } },
{ "type": "Feature", "properties": { "predicted": 0.055 }, "geometry": { "type": "Polygon", "coordinates": [ [ [ -105.01674, 39.77205 ], [ -105.0109, 39.77205 ], [ -105.01091, 39.77655 ], [ -105.01674, 39.77655 ], [ -105.01674, 39.77205 ] ] ] } },
{ "type": "Feature", "properties": { "predicted": 0.055 }, "geometry": { "type": "Polygon", "coordinates": [ [ [ -105.0109, 39.77205 ], [ -105.00507, 39.77205 ], [ -105.00507, 39.77655 ], [ -105.01091, 39.77655 ], [ -105.0109, 39.77205 ] ] ] } },
{ "type": "Feature", "properties": { "predicted": 0.072 }, "geometry": { "type": "Polygon", "coordinates": [ [ [ -105.00507, 39.77205 ], [ -104.99923, 39.77205 ], [ -104.99923, 39.77655 ], [ -105.00507, 39.77655 ], [ -105.00507, 39.77205 ] ] ] } },
{ "type": "Feature", "properties": { "predicted": 0.08 }, "geometry": { "type": "Polygon", "coordinates": [ [ [ -104.99923, 39.77205 ], [ -104.99339, 39.77205 ], [ -104.99339, 39.77655 ], [ -104.99923, 39.77655 ], [ -104.99923, 39.77205 ] ] ] } },
{ "type": "Feature", "properties": { "predicted": 0.152 }, "geometry": { "type": "Polygon", "coordinates": [ [ [ -104.99339, 39.77205 ], [ -104.98755, 39.77205 ], [ -104.98755, 39.77655 ], [ -104.99339, 39.77655 ], [ -104.99339, 39.77205 ] ] ] } },
{ "type": "Feature", "properties": { "predicted": 0.14 }, "geometry": { "type": "Polygon", "coordinates": [ [ [ -104.98755, 39.77205 ], [ -104.98171, 39.77205 ], [ -104.98171, 39.77655 ], [ -104.98755, 39.77655 ], [ -104.98755, 39.77205 ] ] ] } },
{ "type": "Feature", "properties": { "predicted": 0.241 }, "geometry": { "type": "Polygon", "coordinates": [ [ [ -104.98171, 39.77205 ], [ -104.97588, 39.77205 ], [ -104.97587, 39.77655 ], [ -104.98171, 39.77655 ], [ -104.98171, 39.77205 ] ] ] } },
{ "type": "Feature", "properties": { "predicted": 0.135 }, "geometry": { "type": "Polygon", "coordinates": [ [ [ -104.97588, 39.77205 ], [ -104.97004, 39.77204 ], [ -104.97004, 39.77655 ], [ -104.97587, 39.77655 ], [ -104.97588, 39.77205 ] ] ] } },
{ "type": "Feature", "properties": { "predicted": 0.12 }, "geometry": { "type": "Polygon", "coordinates": [ [ [ -104.97004, 39.77204 ], [ -104.9642, 39.77204 ], [ -104.9642, 39.77655 ], [ -104.97004, 39.77655 ], [ -104.97004, 39.77204 ] ] ] } },
{ "type": "Feature", "properties": { "predicted": 0.112 }, "geometry": { "type": "Polygon", "coordinates": [ [ [ -104.9642, 39.77204 ], [ -104.95836, 39.77204 ], [ -104.95836, 39.77655 ], [ -104.9642, 39.77655 ], [ -104.9642, 39.77204 ] ] ] } },
{ "type": "Feature", "properties": { "predicted": 0.088 }, "geometry": { "type": "Polygon", "coordinates": [ [ [ -104.95836, 39.77204 ], [ -104.95252, 39.77204 ], [ -104.95252, 39.77654 ], [ -104.95836, 39.77655 ], [ -104.95836, 39.77204 ] ] ] } },
{ "type": "Feature", "properties": { "predicted": 0.07 }, "geometry": { "type": "Polygon", "coordinates": [ [ [ -104.95252, 39.77204 ], [ -104.94668, 39.77204 ], [ -104.94668, 39.77654 ], [ -104.95252, 39.77654 ], [ -104.95252, 39.77204 ] ] ] } },
{ "type": "Feature", "properties": { "predicted": 0.049 }, "geometry": { "type": "Polygon", "coordinates": [ [ [ -104.94668, 39.77204 ], [ -104.94085, 39.77203 ], [ -104.94084, 39.77654 ], [ -104.94668, 39.77654 ], [ -104.94668, 39.77204 ] ] ] } },
{ "type": "Feature", "properties": { "predicted": 0.028 }, "geometry": { "type": "Polygon", "coordinates": [ [ [ -104.94085, 39.77203 ], [ -104.93501, 39.77203 ], [ -104.935, 39.77653 ], [ -104.94084, 39.77654 ], [ -104.94085, 39.77203 ] ] ] } },
{ "type": "Feature", "properties": { "predicted": 0.034 }, "geometry": { "type": "Polygon", "coordinates": [ [ [ -104.93501, 39.77203 ], [ -104.92917, 39.77203 ], [ -104.92917, 39.77653 ], [ -104.935, 39.77653 ], [ -104.93501, 39.77203 ] ] ] } },
{ "type": "Feature", "properties": { "predicted": 0.042 }, "geometry": { "type": "Polygon", "coordinates": [ [ [ -104.92917, 39.77203 ], [ -104.92333, 39.77202 ], [ -104.92333, 39.77653 ], [ -104.92917, 39.77653 ], [ -104.92917, 39.77203 ] ] ] } },
{ "type": "Feature", "properties": { "predicted": 0.053 }, "geometry": { "type": "Polygon", "coordinates": [ [ [ -104.92333, 39.77202 ], [ -104.91749, 39.77202 ], [ -104.91749, 39.77652 ], [ -104.92333, 39.77653 ], [ -104.92333, 39.77202 ] ] ] } },
{ "type": "Feature", "properties": { "predicted": 0.059 }, "geometry": { "type": "Polygon", "coordinates": [ [ [ -104.91749, 39.77202 ], [ -104.91166, 39.77201 ], [ -104.91165, 39.77652 ], [ -104.91749, 39.77652 ], [ -104.91749, 39.77202 ] ] ] } },
{ "type": "Feature", "properties": { "predicted": 0.074 }, "geometry": { "type": "Polygon", "coordinates": [ [ [ -104.91166, 39.77201 ], [ -104.90582, 39.77201 ], [ -104.90581, 39.77651 ], [ -104.91165, 39.77652 ], [ -104.91166, 39.77201 ] ] ] } },
{ "type": "Feature", "properties": { "predicted": 0.104 }, "geometry": { "type": "Polygon", "coordinates": [ [ [ -104.90582, 39.77201 ], [ -104.89998, 39.772 ], [ -104.89997, 39.77651 ], [ -104.90581, 39.77651 ], [ -104.90582, 39.77201 ] ] ] } },
{ "type": "Feature", "properties": { "predicted": 0.109 }, "geometry": { "type": "Polygon", "coordinates": [ [ [ -104.89998, 39.772 ], [ -104.89414, 39.772 ], [ -104.89413, 39.7765 ], [ -104.89997, 39.77651 ], [ -104.89998, 39.772 ] ] ] } },
{ "type": "Feature", "properties": { "predicted": 0.117 }, "geometry": { "type": "Polygon", "coordinates": [ [ [ -104.89414, 39.772 ], [ -104.8883, 39.77199 ], [ -104.8883, 39.7765 ], [ -104.89413, 39.7765 ], [ -104.89414, 39.772 ] ] ] } },
{ "type": "Feature", "properties": { "predicted": 0.072 }, "geometry": { "type": "Polygon", "coordinates": [ [ [ -104.8883, 39.77199 ], [ -104.88246, 39.77199 ], [ -104.88246, 39.77649 ], [ -104.8883, 39.7765 ], [ -104.8883, 39.77199 ] ] ] } },
{ "type": "Feature", "properties": { "predicted": 0.078 }, "geometry": { "type": "Polygon", "coordinates": [ [ [ -104.88246, 39.77199 ], [ -104.87663, 39.77198 ], [ -104.87662, 39.77649 ], [ -104.88246, 39.77649 ], [ -104.88246, 39.77199 ] ] ] } },
{ "type": "Feature", "properties": { "predicted": 0.064 }, "geometry": { "type": "Polygon", "coordinates": [ [ [ -104.87663, 39.77198 ], [ -104.87079, 39.77198 ], [ -104.87078, 39.77648 ], [ -104.87662, 39.77649 ], [ -104.87663, 39.77198 ] ] ] } },
{ "type": "Feature", "properties": { "predicted": 0.084 }, "geometry": { "type": "Polygon", "coordinates": [ [ [ -104.87079, 39.77198 ], [ -104.86495, 39.77197 ], [ -104.86494, 39.77647 ], [ -104.87078, 39.77648 ], [ -104.87079, 39.77198 ] ] ] } },
{ "type": "Feature", "properties": { "predicted": 0.06 }, "geometry": { "type": "Polygon", "coordinates": [ [ [ -104.86495, 39.77197 ], [ -104.85911, 39.77196 ], [ -104.8591, 39.77647 ], [ -104.86494, 39.77647 ], [ -104.86495, 39.77197 ] ] ] } },
{ "type": "Feature", "properties": { "predicted": 0.044 }, "geometry": { "type": "Polygon", "coordinates": [ [ [ -104.85911, 39.77196 ], [ -104.85327, 39.77196 ], [ -104.85326, 39.77646 ], [ -104.8591, 39.77647 ], [ -104.85911, 39.77196 ] ] ] } },
{ "type": "Feature", "properties": { "predicted": 0.034 }, "geometry": { "type": "Polygon", "coordinates": [ [ [ -104.85327, 39.77196 ], [ -104.84744, 39.77195 ], [ -104.84743, 39.77645 ], [ -104.85326, 39.77646 ], [ -104.85327, 39.77196 ] ] ] } },
{ "type": "Feature", "properties": { "predicted": 0.028 }, "geometry": { "type": "Polygon", "coordinates": [ [ [ -104.84744, 39.77195 ], [ -104.8416, 39.77194 ], [ -104.84159, 39.77644 ], [ -104.84743, 39.77645 ], [ -104.84744, 39.77195 ] ] ] } },
{ "type": "Feature", "properties": { "predicted": 0.018 }, "geometry": { "type": "Polygon", "coordinates": [ [ [ -104.8416, 39.77194 ], [ -104.83576, 39.77193 ], [ -104.83575, 39.77644 ], [ -104.84159, 39.77644 ], [ -104.8416, 39.77194 ] ] ] } },
{ "type": "Feature", "properties": { "predicted": 0.012 }, "geometry": { "type": "Polygon", "coordinates": [ [ [ -104.83576, 39.77193 ], [ -104.82992, 39.77192 ], [ -104.82991, 39.77643 ], [ -104.83575, 39.77644 ], [ -104.83576, 39.77193 ] ] ] } },
{ "type": "Feature", "properties": { "predicted": 0.009 }, "geometry": { "type": "Polygon", "coordinates": [ [ [ -104.82992, 39.77192 ], [ -104.82408, 39.77191 ], [ -104.82407, 39.77642 ], [ -104.82991, 39.77643 ], [ -104.82992, 39.77192 ] ] ] } },
{ "type": "Feature", "properties": { "predicted": 0.005 }, "geometry": { "type": "Polygon", "coordinates": [ [ [ -104.82408, 39.77191 ], [ -104.81824, 39.77191 ], [ -104.81823, 39.77641 ], [ -104.82407, 39.77642 ], [ -104.82408, 39.77191 ] ] ] } },
{ "type": "Feature", "properties": { "predicted": 0.003 }, "geometry": { "type": "Polygon", "coordinates": [ [ [ -104.81824, 39.77191 ], [ -104.81241, 39.7719 ], [ -104.81239, 39.7764 ], [ -104.81823, 39.77641 ], [ -104.81824, 39.77191 ] ] ] } },
{ "type": "Feature", "properties": { "predicted": 0.002 }, "geometry": { "type": "Polygon", "coordinates": [ [ [ -104.81241, 39.7719 ], [ -104.80657, 39.77189 ], [ -104.80656, 39.77639 ], [ -104.81239, 39.7764 ], [ -104.81241, 39.7719 ] ] ] } },
{ "type": "Feature", "properties": { "predicted": 0.001 }, "geometry": { "type": "Polygon", "coordinates": [ [ [ -104.80657, 39.77189 ], [ -104.80073, 39.77188 ], [ -104.80072, 39.77638 ], [ -104.80656, 39.77639 ], [ -104.80657, 39.77189 ] ] ] } },
{ "type": "Feature", "properties": { "predicted": 0.001 }, "geometry": { "type": "Polygon", "coordinates": [ [ [ -104.80073, 39.77188 ], [ -104.79489, 39.77187 ], [ -104.79488, 39.77637 ], [ -104.80072, 39.77638 ], [ -104.80073, 39.77188 ] ] ] } },
{ "type": "Feature", "properties": { "predicted": 0.001 }, "geometry": { "type": "Polygon", "coordinates": [ [ [ -104.79489, 39.77187 ], [ -104.78905, 39.77186 ], [ -104.78904, 39.77636 ], [ -104.79488, 39.77637 ], [ -104.79489, 39.77187 ] ] ] } },
{ "type": "Feature", "properties": { "predicted": 0.0 }, "geometry": { "type": "Polygon", "coordinates": [ [ [ -104.78905, 39.77186 ], [ -104.78322, 39.77185 ], [ -104.7832, 39.77635 ], [ -104.78904, 39.77636 ], [ -104.78905, 39.77186 ] ] ] } },
{ "type": "Feature", "properties": { "predicted": 0.0 }, "geometry": { "type": "Polygon", "coordinates": [ [ [ -104.78322, 39.77185 ], [ -104.77738, 39.77183 ], [ -104.77736, 39.77634 ], [ -104.7832, 39.77635 ], [ -104.78322, 39.77185 ] ] ] } },
{ "type": "Feature", "properties": { "predicted": 0.0 }, "geometry": { "type": "Polygon", "coordinates": [ [ [ -104.77738, 39.77183 ], [ -104.77154, 39.77182 ], [ -104.77152, 39.77633 ], [ -104.77736, 39.77634 ], [ -104.77738, 39.77183 ] ] ] } },
{ "type": "Feature", "properties": { "predicted": 0.0 }, "geometry": { "type": "Polygon", "coordinates": [ [ [ -104.77154, 39.77182 ], [ -104.7657, 39.77181 ], [ -104.76569, 39.77632 ], [ -104.77152, 39.77633 ], [ -104.77154, 39.77182 ] ] ] } },
{ "type": "Feature", "properties": { "predicted": 0.0 }, "geometry": { "type": "Polygon", "coordinates": [ [ [ -104.7657, 39.77181 ], [ -104.75986, 39.7718 ], [ -104.75985, 39.7763 ], [ -104.76569, 39.77632 ], [ -104.7657, 39.77181 ] ] ] } },
{ "type": "Feature", "properties": { "predicted": 0.0 }, "geometry": { "type": "Polygon", "coordinates": [ [ [ -104.75986, 39.7718 ], [ -104.75403, 39.77179 ], [ -104.75401, 39.77629 ], [ -104.75985, 39.7763 ], [ -104.75986, 39.7718 ] ] ] } },
{ "type": "Feature", "properties": { "predicted": 0.0 }, "geometry": { "type": "Polygon", "coordinates": [ [ [ -104.75403, 39.77179 ], [ -104.74819, 39.77177 ], [ -104.74817, 39.77628 ], [ -104.75401, 39.77629 ], [ -104.75403, 39.77179 ] ] ] } },
{ "type": "Feature", "properties": { "predicted": 0.0 }, "geometry": { "type": "Polygon", "coordinates": [ [ [ -104.74819, 39.77177 ], [ -104.74235, 39.77176 ], [ -104.74233, 39.77627 ], [ -104.74817, 39.77628 ], [ -104.74819, 39.77177 ] ] ] } },
{ "type": "Feature", "properties": { "predicted": 0.0 }, "geometry": { "type": "Polygon", "coordinates": [ [ [ -104.74235, 39.77176 ], [ -104.73651, 39.77175 ], [ -104.73649, 39.77625 ], [ -104.74233, 39.77627 ], [ -104.74235, 39.77176 ] ] ] } },
{ "type": "Feature", "properties": { "predicted": 0.0 }, "geometry": { "type": "Polygon", "coordinates": [ [ [ -104.73651, 39.77175 ], [ -104.73067, 39.77174 ], [ -104.73066, 39.77624 ], [ -104.73649, 39.77625 ], [ -104.73651, 39.77175 ] ] ] } },
{ "type": "Feature", "properties": { "predicted": 0.053 }, "geometry": { "type": "Polygon", "coordinates": [ [ [ -105.05761, 39.77654 ], [ -105.05178, 39.77654 ], [ -105.05178, 39.78105 ], [ -105.05762, 39.78104 ], [ -105.05761, 39.77654 ] ] ] } },
{ "type": "Feature", "properties": { "predicted": 0.042 }, "geometry": { "type": "Polygon", "coordinates": [ [ [ -105.05178, 39.77654 ], [ -105.04594, 39.77654 ], [ -105.04594, 39.78105 ], [ -105.05178, 39.78105 ], [ -105.05178, 39.77654 ] ] ] } },
{ "type": "Feature", "properties": { "predicted": 0.035 }, "geometry": { "type": "Polygon", "coordinates": [ [ [ -105.04594, 39.77654 ], [ -105.0401, 39.77655 ], [ -105.0401, 39.78105 ], [ -105.04594, 39.78105 ], [ -105.04594, 39.77654 ] ] ] } },
{ "type": "Feature", "properties": { "predicted": 0.035 }, "geometry": { "type": "Polygon", "coordinates": [ [ [ -105.0401, 39.77655 ], [ -105.03426, 39.77655 ], [ -105.03426, 39.78105 ], [ -105.0401, 39.78105 ], [ -105.0401, 39.77655 ] ] ] } },
{ "type": "Feature", "properties": { "predicted": 0.042 }, "geometry": { "type": "Polygon", "coordinates": [ [ [ -105.03426, 39.77655 ], [ -105.02842, 39.77655 ], [ -105.02842, 39.78105 ], [ -105.03426, 39.78105 ], [ -105.03426, 39.77655 ] ] ] } },
{ "type": "Feature", "properties": { "predicted": 0.053 }, "geometry": { "type": "Polygon", "coordinates": [ [ [ -105.02842, 39.77655 ], [ -105.02258, 39.77655 ], [ -105.02258, 39.78106 ], [ -105.02842, 39.78105 ], [ -105.02842, 39.77655 ] ] ] } },
{ "type": "Feature", "properties": { "predicted": 0.069 }, "geometry": { "type": "Polygon", "coordinates": [ [ [ -105.02258, 39.77655 ], [ -105.01674, 39.77655 ], [ -105.01675, 39.78106 ], [ -105.02258, 39.78106 ], [ -105.02258, 39.77655 ] ] ] } },
{ "type": "Feature", "properties": { "predicted": 0.068 }, "geometry": { "type": "Polygon", "coordinates": [ [ [ -105.01674, 39.77655 ], [ -105.01091, 39.77655 ], [ -105.01091, 39.78106 ], [ -105.01675, 39.78106 ], [ -105.01674, 39.77655 ] ] ] } },
{ "type": "Feature", "properties": { "predicted": 0.071 }, "geometry": { "type": "Polygon", "coordinates": [ [ [ -105.01091, 39.77655 ], [ -105.00507, 39.77655 ], [ -105.00507, 39.78106 ], [ -105.01091, 39.78106 ], [ -105.01091, 39.77655 ] ] ] } },
{ "type": "Feature", "properties": { "predicted": 0.064 }, "geometry": { "type": "Polygon", "coordinates": [ [ [ -105.00507, 39.77655 ], [ -104.99923, 39.77655 ], [ -104.99923, 39.78106 ], [ -105.00507, 39.78106 ], [ -105.00507, 39.77655 ] ] ] } },
{ "type": "Feature", "properties": { "predicted": 0.07 }, "geometry": { "type": "Polygon", "coordinates": [ [ [ -104.99923, 39.77655 ], [ -104.99339, 39.77655 ], [ -104.99339, 39.78106 ], [ -104.99923, 39.78106 ], [ -104.99923, 39.77655 ] ] ] } },
{ "type": "Feature", "properties": { "predicted": 0.177 }, "geometry": { "type": "Polygon", "coordinates": [ [ [ -104.99339, 39.77655 ], [ -104.98755, 39.77655 ], [ -104.98755, 39.78106 ], [ -104.99339, 39.78106 ], [ -104.99339, 39.77655 ] ] ] } },
{ "type": "Feature", "properties": { "predicted": 0.203 }, "geometry": { "type": "Polygon", "coordinates": [ [ [ -104.98755, 39.77655 ], [ -104.98171, 39.77655 ], [ -104.98171, 39.78106 ], [ -104.98755, 39.78106 ], [ -104.98755, 39.77655 ] ] ] } },
{ "type": "Feature", "properties": { "predicted": 0.296 }, "geometry": { "type": "Polygon", "coordinates": [ [ [ -104.98171, 39.77655 ], [ -104.97587, 39.77655 ], [ -104.97587, 39.78106 ], [ -104.98171, 39.78106 ], [ -104.98171, 39.77655 ] ] ] } },
{ "type": "Feature", "properties": { "predicted": 0.265 }, "geometry": { "type": "Polygon", "coordinates": [ [ [ -104.97587, 39.77655 ], [ -104.97004, 39.77655 ], [ -104.97003, 39.78105 ], [ -104.97587, 39.78106 ], [ -104.97587, 39.77655 ] ] ] } },
{ "type": "Feature", "properties": { "predicted": 0.18 }, "geometry": { "type": "Polygon", "coordinates": [ [ [ -104.97004, 39.77655 ], [ -104.9642, 39.77655 ], [ -104.96419, 39.78105 ], [ -104.97003, 39.78105 ], [ -104.97004, 39.77655 ] ] ] } },
{ "type": "Feature", "properties": { "predicted": 0.164 }, "geometry": { "type": "Polygon", "coordinates": [ [ [ -104.9642, 39.77655 ], [ -104.95836, 39.77655 ], [ -104.95836, 39.78105 ], [ -104.96419, 39.78105 ], [ -104.9642, 39.77655 ] ] ] } },
{ "type": "Feature", "properties": { "predicted": 0.136 }, "geometry": { "type": "Polygon", "coordinates": [ [ [ -104.95836, 39.77655 ], [ -104.95252, 39.77654 ], [ -104.95252, 39.78105 ], [ -104.95836, 39.78105 ], [ -104.95836, 39.77655 ] ] ] } },
{ "type": "Feature", "properties": { "predicted": 0.096 }, "geometry": { "type": "Polygon", "coordinates": [ [ [ -104.95252, 39.77654 ], [ -104.94668, 39.77654 ], [ -104.94668, 39.78105 ], [ -104.95252, 39.78105 ], [ -104.95252, 39.77654 ] ] ] } },
{ "type": "Feature", "properties": { "predicted": 0.069 }, "geometry": { "type": "Polygon", "coordinates": [ [ [ -104.94668, 39.77654 ], [ -104.94084, 39.77654 ], [ -104.94084, 39.78104 ], [ -104.94668, 39.78105 ], [ -104.94668, 39.77654 ] ] ] } },
{ "type": "Feature", "properties": { "predicted": 0.042 }, "geometry": { "type": "Polygon", "coordinates": [ [ [ -104.94084, 39.77654 ], [ -104.935, 39.77653 ], [ -104.935, 39.78104 ], [ -104.94084, 39.78104 ], [ -104.94084, 39.77654 ] ] ] } },
{ "type": "Feature", "properties": { "predicted": 0.051 }, "geometry": { "type": "Polygon", "coordinates": [ [ [ -104.935, 39.77653 ], [ -104.92917, 39.77653 ], [ -104.92916, 39.78104 ], [ -104.935, 39.78104 ], [ -104.935, 39.77653 ] ] ] } },
{ "type": "Feature", "properties": { "predicted": 0.064 }, "geometry": { "type": "Polygon", "coordinates": [ [ [ -104.92917, 39.77653 ], [ -104.92333, 39.77653 ], [ -104.92332, 39.78103 ], [ -104.92916, 39.78104 ], [ -104.92917, 39.77653 ] ] ] } },
{ "type": "Feature", "properties": { "predicted": 0.08 }, "geometry": { "type": "Polygon", "coordinates": [ [ [ -104.92333, 39.77653 ], [ -104.91749, 39.77652 ], [ -104.91748, 39.78103 ], [ -104.92332, 39.78103 ], [ -104.92333, 39.77653 ] ] ] } },
{ "type": "Feature", "properties": { "predicted": 0.097 }, "geometry": { "type": "Polygon", "coordinates": [ [ [ -104.91749, 39.77652 ], [ -104.91165, 39.77652 ], [ -104.91164, 39.78102 ], [ -104.91748, 39.78103 ], [ -104.91749, 39.77652 ] ] ] } },
{ "type": "Feature", "properties": { "predicted": 0.18 }, "geometry": { "type": "Polygon", "coordinates": [ [ [ -104.91165, 39.77652 ], [ -104.90581, 39.77651 ], [ -104.90581, 39.78102 ], [ -104.91164, 39.78102 ], [ -104.91165, 39.77652 ] ] ] } },
{ "type": "Feature", "properties": { "predicted": 0.254 }, "geometry": { "type": "Polygon", "coordinates": [ [ [ -104.90581, 39.77651 ], [ -104.89997, 39.77651 ], [ -104.89997, 39.78101 ], [ -104.90581, 39.78102 ], [ -104.90581, 39.77651 ] ] ] } },
{ "type": "Feature", "properties": { "predicted": 0.214 }, "geometry": { "type": "Polygon", "coordinates": [ [ [ -104.89997, 39.77651 ], [ -104.89413, 39.7765 ], [ -104.89413, 39.78101 ], [ -104.89997, 39.78101 ], [ -104.89997, 39.77651 ] ] ] } },
{ "type": "Feature", "properties": { "predicted": 0.117 }, "geometry": { "type": "Polygon", "coordinates": [ [ [ -104.89413, 39.7765 ], [ -104.8883, 39.7765 ], [ -104.88829, 39.781 ], [ -104.89413, 39.78101 ], [ -104.89413, 39.7765 ] ] ] } },
{ "type": "Feature", "properties": { "predicted": 0.086 }, "geometry": { "type": "Polygon", "coordinates": [ [ [ -104.8883, 39.7765 ], [ -104.88246, 39.77649 ], [ -104.88245, 39.781 ], [ -104.88829, 39.781 ], [ -104.8883, 39.7765 ] ] ] } },
{ "type": "Feature", "properties": { "predicted": 0.062 }, "geometry": { "type": "Polygon", "coordinates": [ [ [ -104.88246, 39.77649 ], [ -104.87662, 39.77649 ], [ -104.87661, 39.78099 ], [ -104.88245, 39.781 ], [ -104.88246, 39.77649 ] ] ] } },
{ "type": "Feature", "properties": { "predicted": 0.049 }, "geometry": { "type": "Polygon", "coordinates": [ [ [ -104.87662, 39.77649 ], [ -104.87078, 39.77648 ], [ -104.87077, 39.78099 ], [ -104.87661, 39.78099 ], [ -104.87662, 39.77649 ] ] ] } },
{ "type": "Feature", "properties": { "predicted": 0.048 }, "geometry": { "type": "Polygon", "coordinates": [ [ [ -104.87078, 39.77648 ], [ -104.86494, 39.77647 ], [ -104.86493, 39.78098 ], [ -104.87077, 39.78099 ], [ -104.87078, 39.77648 ] ] ] } },
{ "type": "Feature", "properties": { "predicted": 0.039 }, "geometry": { "type": "Polygon", "coordinates": [ [ [ -104.86494, 39.77647 ], [ -104.8591, 39.77647 ], [ -104.85909, 39.78097 ], [ -104.86493, 39.78098 ], [ -104.86494, 39.77647 ] ] ] } },
{ "type": "Feature", "properties": { "predicted": 0.036 }, "geometry": { "type": "Polygon", "coordinates": [ [ [ -104.8591, 39.77647 ], [ -104.85326, 39.77646 ], [ -104.85325, 39.78097 ], [ -104.85909, 39.78097 ], [ -104.8591, 39.77647 ] ] ] } },
{ "type": "Feature", "properties": { "predicted": 0.025 }, "geometry": { "type": "Polygon", "coordinates": [ [ [ -104.85326, 39.77646 ], [ -104.84743, 39.77645 ], [ -104.84742, 39.78096 ], [ -104.85325, 39.78097 ], [ -104.85326, 39.77646 ] ] ] } },
{ "type": "Feature", "properties": { "predicted": 0.018 }, "geometry": { "type": "Polygon", "coordinates": [ [ [ -104.84743, 39.77645 ], [ -104.84159, 39.77644 ], [ -104.84158, 39.78095 ], [ -104.84742, 39.78096 ], [ -104.84743, 39.77645 ] ] ] } },
{ "type": "Feature", "properties": { "predicted": 0.013 }, "geometry": { "type": "Polygon", "coordinates": [ [ [ -104.84159, 39.77644 ], [ -104.83575, 39.77644 ], [ -104.83574, 39.78094 ], [ -104.84158, 39.78095 ], [ -104.84159, 39.77644 ] ] ] } },
{ "type": "Feature", "properties": { "predicted": 0.01 }, "geometry": { "type": "Polygon", "coordinates": [ [ [ -104.83575, 39.77644 ], [ -104.82991, 39.77643 ], [ -104.8299, 39.78093 ], [ -104.83574, 39.78094 ], [ -104.83575, 39.77644 ] ] ] } },
{ "type": "Feature", "properties": { "predicted": 0.007 }, "geometry": { "type": "Polygon", "coordinates": [ [ [ -104.82991, 39.77643 ], [ -104.82407, 39.77642 ], [ -104.82406, 39.78092 ], [ -104.8299, 39.78093 ], [ -104.82991, 39.77643 ] ] ] } },
{ "type": "Feature", "properties": { "predicted": 0.004 }, "geometry": { "type": "Polygon", "coordinates": [ [ [ -104.82407, 39.77642 ], [ -104.81823, 39.77641 ], [ -104.81822, 39.78092 ], [ -104.82406, 39.78092 ], [ -104.82407, 39.77642 ] ] ] } },
{ "type": "Feature", "properties": { "predicted": 0.003 }, "geometry": { "type": "Polygon", "coordinates": [ [ [ -104.81823, 39.77641 ], [ -104.81239, 39.7764 ], [ -104.81238, 39.78091 ], [ -104.81822, 39.78092 ], [ -104.81823, 39.77641 ] ] ] } },
{ "type": "Feature", "properties": { "predicted": 0.002 }, "geometry": { "type": "Polygon", "coordinates": [ [ [ -104.81239, 39.7764 ], [ -104.80656, 39.77639 ], [ -104.80654, 39.7809 ], [ -104.81238, 39.78091 ], [ -104.81239, 39.7764 ] ] ] } },
{ "type": "Feature", "properties": { "predicted": 0.002 }, "geometry": { "type": "Polygon", "coordinates": [ [ [ -104.80656, 39.77639 ], [ -104.80072, 39.77638 ], [ -104.8007, 39.78089 ], [ -104.80654, 39.7809 ], [ -104.80656, 39.77639 ] ] ] } },
{ "type": "Feature", "properties": { "predicted": 0.001 }, "geometry": { "type": "Polygon", "coordinates": [ [ [ -104.80072, 39.77638 ], [ -104.79488, 39.77637 ], [ -104.79487, 39.78088 ], [ -104.8007, 39.78089 ], [ -104.80072, 39.77638 ] ] ] } },
{ "type": "Feature", "properties": { "predicted": 0.001 }, "geometry": { "type": "Polygon", "coordinates": [ [ [ -104.79488, 39.77637 ], [ -104.78904, 39.77636 ], [ -104.78903, 39.78087 ], [ -104.79487, 39.78088 ], [ -104.79488, 39.77637 ] ] ] } },
{ "type": "Feature", "properties": { "predicted": 0.0 }, "geometry": { "type": "Polygon", "coordinates": [ [ [ -104.78904, 39.77636 ], [ -104.7832, 39.77635 ], [ -104.78319, 39.78086 ], [ -104.78903, 39.78087 ], [ -104.78904, 39.77636 ] ] ] } },
{ "type": "Feature", "properties": { "predicted": 0.0 }, "geometry": { "type": "Polygon", "coordinates": [ [ [ -104.7832, 39.77635 ], [ -104.77736, 39.77634 ], [ -104.77735, 39.78084 ], [ -104.78319, 39.78086 ], [ -104.7832, 39.77635 ] ] ] } },
{ "type": "Feature", "properties": { "predicted": 0.0 }, "geometry": { "type": "Polygon", "coordinates": [ [ [ -104.77736, 39.77634 ], [ -104.77152, 39.77633 ], [ -104.77151, 39.78083 ], [ -104.77735, 39.78084 ], [ -104.77736, 39.77634 ] ] ] } },
{ "type": "Feature", "properties": { "predicted": 0.0 }, "geometry": { "type": "Polygon", "coordinates": [ [ [ -104.77152, 39.77633 ], [ -104.76569, 39.77632 ], [ -104.76567, 39.78082 ], [ -104.77151, 39.78083 ], [ -104.77152, 39.77633 ] ] ] } },
{ "type": "Feature", "properties": { "predicted": 0.0 }, "geometry": { "type": "Polygon", "coordinates": [ [ [ -104.76569, 39.77632 ], [ -104.75985, 39.7763 ], [ -104.75983, 39.78081 ], [ -104.76567, 39.78082 ], [ -104.76569, 39.77632 ] ] ] } },
{ "type": "Feature", "properties": { "predicted": 0.0 }, "geometry": { "type": "Polygon", "coordinates": [ [ [ -104.75985, 39.7763 ], [ -104.75401, 39.77629 ], [ -104.75399, 39.7808 ], [ -104.75983, 39.78081 ], [ -104.75985, 39.7763 ] ] ] } },
{ "type": "Feature", "properties": { "predicted": 0.0 }, "geometry": { "type": "Polygon", "coordinates": [ [ [ -104.75401, 39.77629 ], [ -104.74817, 39.77628 ], [ -104.74815, 39.78078 ], [ -104.75399, 39.7808 ], [ -104.75401, 39.77629 ] ] ] } },
{ "type": "Feature", "properties": { "predicted": 0.0 }, "geometry": { "type": "Polygon", "coordinates": [ [ [ -104.74817, 39.77628 ], [ -104.74233, 39.77627 ], [ -104.74232, 39.78077 ], [ -104.74815, 39.78078 ], [ -104.74817, 39.77628 ] ] ] } },
{ "type": "Feature", "properties": { "predicted": 0.0 }, "geometry": { "type": "Polygon", "coordinates": [ [ [ -104.74233, 39.77627 ], [ -104.73649, 39.77625 ], [ -104.73648, 39.78076 ], [ -104.74232, 39.78077 ], [ -104.74233, 39.77627 ] ] ] } },
{ "type": "Feature", "properties": { "predicted": 0.0 }, "geometry": { "type": "Polygon", "coordinates": [ [ [ -104.73649, 39.77625 ], [ -104.73066, 39.77624 ], [ -104.73064, 39.78075 ], [ -104.73648, 39.78076 ], [ -104.73649, 39.77625 ] ] ] } },
{ "type": "Feature", "properties": { "predicted": 0.054 }, "geometry": { "type": "Polygon", "coordinates": [ [ [ -105.06346, 39.78104 ], [ -105.05762, 39.78104 ], [ -105.05762, 39.78555 ], [ -105.06346, 39.78555 ], [ -105.06346, 39.78104 ] ] ] } },
{ "type": "Feature", "properties": { "predicted": 0.07 }, "geometry": { "type": "Polygon", "coordinates": [ [ [ -105.05762, 39.78104 ], [ -105.05178, 39.78105 ], [ -105.05178, 39.78555 ], [ -105.05762, 39.78555 ], [ -105.05762, 39.78104 ] ] ] } },
{ "type": "Feature", "properties": { "predicted": 0.077 }, "geometry": { "type": "Polygon", "coordinates": [ [ [ -105.05178, 39.78105 ], [ -105.04594, 39.78105 ], [ -105.04594, 39.78555 ], [ -105.05178, 39.78555 ], [ -105.05178, 39.78105 ] ] ] } },
{ "type": "Feature", "properties": { "predicted": 0.067 }, "geometry": { "type": "Polygon", "coordinates": [ [ [ -105.04594, 39.78105 ], [ -105.0401, 39.78105 ], [ -105.0401, 39.78556 ], [ -105.04594, 39.78555 ], [ -105.04594, 39.78105 ] ] ] } },
{ "type": "Feature", "properties": { "predicted": 0.048 }, "geometry": { "type": "Polygon", "coordinates": [ [ [ -105.0401, 39.78105 ], [ -105.03426, 39.78105 ], [ -105.03426, 39.78556 ], [ -105.0401, 39.78556 ], [ -105.0401, 39.78105 ] ] ] } },
{ "type": "Feature", "properties": { "predicted": 0.056 }, "geometry": { "type": "Polygon", "coordinates": [ [ [ -105.03426, 39.78105 ], [ -105.02842, 39.78105 ], [ -105.02843, 39.78556 ], [ -105.03426, 39.78556 ], [ -105.03426, 39.78105 ] ] ] } },
{ "type": "Feature", "properties": { "predicted": 0.057 }, "geometry": { "type": "Polygon", "coordinates": [ [ [ -105.02842, 39.78105 ], [ -105.02258, 39.78106 ], [ -105.02259, 39.78556 ], [ -105.02843, 39.78556 ], [ -105.02842, 39.78105 ] ] ] } },
{ "type": "Feature", "properties": { "predicted": 0.074 }, "geometry": { "type": "Polygon", "coordinates": [ [ [ -105.02258, 39.78106 ], [ -105.01675, 39.78106 ], [ -105.01675, 39.78556 ], [ -105.02259, 39.78556 ], [ -105.02258, 39.78106 ] ] ] } },
{ "type": "Feature", "properties": { "predicted": 0.085 }, "geometry": { "type": "Polygon", "coordinates": [ [ [ -105.01675, 39.78106 ], [ -105.01091, 39.78106 ], [ -105.01091, 39.78556 ], [ -105.01675, 39.78556 ], [ -105.01675, 39.78106 ] ] ] } },
{ "type": "Feature", "properties": { "predicted": 0.089 }, "geometry": { "type": "Polygon", "coordinates": [ [ [ -105.01091, 39.78106 ], [ -105.00507, 39.78106 ], [ -105.00507, 39.78556 ], [ -105.01091, 39.78556 ], [ -105.01091, 39.78106 ] ] ] } },
{ "type": "Feature", "properties": { "predicted": 0.07 }, "geometry": { "type": "Polygon", "coordinates": [ [ [ -105.00507, 39.78106 ], [ -104.99923, 39.78106 ], [ -104.99923, 39.78556 ], [ -105.00507, 39.78556 ], [ -105.00507, 39.78106 ] ] ] } },
{ "type": "Feature", "properties": { "predicted": 0.084 }, "geometry": { "type": "Polygon", "coordinates": [ [ [ -104.99923, 39.78106 ], [ -104.99339, 39.78106 ], [ -104.99339, 39.78556 ], [ -104.99923, 39.78556 ], [ -104.99923, 39.78106 ] ] ] } },
{ "type": "Feature", "properties": { "predicted": 0.17 }, "geometry": { "type": "Polygon", "coordinates": [ [ [ -104.99339, 39.78106 ], [ -104.98755, 39.78106 ], [ -104.98755, 39.78556 ], [ -104.99339, 39.78556 ], [ -104.99339, 39.78106 ] ] ] } },
{ "type": "Feature", "properties": { "predicted": 0.268 }, "geometry": { "type": "Polygon", "coordinates": [ [ [ -104.98755, 39.78106 ], [ -104.98171, 39.78106 ], [ -104.98171, 39.78556 ], [ -104.98755, 39.78556 ], [ -104.98755, 39.78106 ] ] ] } },
{ "type": "Feature", "properties": { "predicted": 0.309 }, "geometry": { "type": "Polygon", "coordinates": [ [ [ -104.98171, 39.78106 ], [ -104.97587, 39.78106 ], [ -104.97587, 39.78556 ], [ -104.98171, 39.78556 ], [ -104.98171, 39.78106 ] ] ] } },
{ "type": "Feature", "properties": { "predicted": 0.379 }, "geometry": { "type": "Polygon", "coordinates": [ [ [ -104.97587, 39.78106 ], [ -104.97003, 39.78105 ], [ -104.97003, 39.78556 ], [ -104.97587, 39.78556 ], [ -104.97587, 39.78106 ] ] ] } },
{ "type": "Feature", "properties": { "predicted": 0.285 }, "geometry": { "type": "Polygon", "coordinates": [ [ [ -104.97003, 39.78105 ], [ -104.96419, 39.78105 ], [ -104.96419, 39.78556 ], [ -104.97003, 39.78556 ], [ -104.97003, 39.78105 ] ] ] } },
{ "type": "Feature", "properties": { "predicted": 0.217 }, "geometry": { "type": "Polygon", "coordinates": [ [ [ -104.96419, 39.78105 ], [ -104.95836, 39.78105 ], [ -104.95835, 39.78556 ], [ -104.96419, 39.78556 ], [ -104.96419, 39.78105 ] ] ] } },
{ "type": "Feature", "properties": { "predicted": 0.179 }, "geometry": { "type": "Polygon", "coordinates": [ [ [ -104.95836, 39.78105 ], [ -104.95252, 39.78105 ], [ -104.95251, 39.78555 ], [ -104.95835, 39.78556 ], [ -104.95836, 39.78105 ] ] ] } },
{ "type": "Feature", "properties": { "predicted": 0.142 }, "geometry": { "type": "Polygon", "coordinates": [ [ [ -104.95252, 39.78105 ], [ -104.94668, 39.78105 ], [ -104.94667, 39.78555 ], [ -104.95251, 39.78555 ], [ -104.95252, 39.78105 ] ] ] } },
{ "type": "Feature", "properties": { "predicted": 0.079 }, "geometry": { "type": "Polygon", "coordinates": [ [ [ -104.94668, 39.78105 ], [ -104.94084, 39.78104 ], [ -104.94083, 39.78555 ], [ -104.94667, 39.78555 ], [ -104.94668, 39.78105 ] ] ] } },
{ "type": "Feature", "properties": { "predicted": 0.051 }, "geometry": { "type": "Polygon", "coordinates": [ [ [ -104.94084, 39.78104 ], [ -104.935, 39.78104 ], [ -104.935, 39.78554 ], [ -104.94083, 39.78555 ], [ -104.94084, 39.78104 ] ] ] } },
{ "type": "Feature", "properties": { "predicted": 0.05 }, "geometry": { "type": "Polygon", "coordinates": [ [ [ -104.935, 39.78104 ], [ -104.92916, 39.78104 ], [ -104.92916, 39.78554 ], [ -104.935, 39.78554 ], [ -104.935, 39.78104 ] ] ] } },
{ "type": "Feature", "properties": { "predicted": 0.075 }, "geometry": { "type": "Polygon", "coordinates": [ [ [ -104.92916, 39.78104 ], [ -104.92332, 39.78103 ], [ -104.92332, 39.78554 ], [ -104.92916, 39.78554 ], [ -104.92916, 39.78104 ] ] ] } },
{ "type": "Feature", "properties": { "predicted": 0.12 }, "geometry": { "type": "Polygon", "coordinates": [ [ [ -104.92332, 39.78103 ], [ -104.91748, 39.78103 ], [ -104.91748, 39.78553 ], [ -104.92332, 39.78554 ], [ -104.92332, 39.78103 ] ] ] } },
{ "type": "Feature", "properties": { "predicted": 0.205 }, "geometry": { "type": "Polygon", "coordinates": [ [ [ -104.91748, 39.78103 ], [ -104.91164, 39.78102 ], [ -104.91164, 39.78553 ], [ -104.91748, 39.78553 ], [ -104.91748, 39.78103 ] ] ] } },
{ "type": "Feature", "properties": { "predicted": 0.224 }, "geometry": { "type": "Polygon", "coordinates": [ [ [ -104.91164, 39.78102 ], [ -104.90581, 39.78102 ], [ -104.9058, 39.78552 ], [ -104.91164, 39.78553 ], [ -104.91164, 39.78102 ] ] ] } },
{ "type": "Feature", "properties": { "predicted": 0.376 }, "geometry": { "type": "Polygon", "coordinates": [ [ [ -104.90581, 39.78102 ], [ -104.89997, 39.78101 ], [ -104.89996, 39.78552 ], [ -104.9058, 39.78552 ], [ -104.90581, 39.78102 ] ] ] } },
{ "type": "Feature", "properties": { "predicted": 0.236 }, "geometry": { "type": "Polygon", "coordinates": [ [ [ -104.89997, 39.78101 ], [ -104.89413, 39.78101 ], [ -104.89412, 39.78551 ], [ -104.89996, 39.78552 ], [ -104.89997, 39.78101 ] ] ] } },
{ "type": "Feature", "properties": { "predicted": 0.113 }, "geometry": { "type": "Polygon", "coordinates": [ [ [ -104.89413, 39.78101 ], [ -104.88829, 39.781 ], [ -104.88828, 39.78551 ], [ -104.89412, 39.78551 ], [ -104.89413, 39.78101 ] ] ] } },
{ "type": "Feature", "properties": { "predicted": 0.086 }, "geometry": { "type": "Polygon", "coordinates": [ [ [ -104.88829, 39.781 ], [ -104.88245, 39.781 ], [ -104.88244, 39.7855 ], [ -104.88828, 39.78551 ], [ -104.88829, 39.781 ] ] ] } },
{ "type": "Feature", "properties": { "predicted": 0.06 }, "geometry": { "type": "Polygon", "coordinates": [ [ [ -104.88245, 39.781 ], [ -104.87661, 39.78099 ], [ -104.8766, 39.7855 ], [ -104.88244, 39.7855 ], [ -104.88245, 39.781 ] ] ] } },
{ "type": "Feature", "properties": { "predicted": 0.04 }, "geometry": { "type": "Polygon", "coordinates": [ [ [ -104.87661, 39.78099 ], [ -104.87077, 39.78099 ], [ -104.87076, 39.78549 ], [ -104.8766, 39.7855 ], [ -104.87661, 39.78099 ] ] ] } },
{ "type": "Feature", "properties": { "predicted": 0.034 }, "geometry": { "type": "Polygon", "coordinates": [ [ [ -104.87077, 39.78099 ], [ -104.86493, 39.78098 ], [ -104.86492, 39.78548 ], [ -104.87076, 39.78549 ], [ -104.87077, 39.78099 ] ] ] } },
{ "type": "Feature", "properties": { "predicted": 0.028 }, "geometry": { "type": "Polygon", "coordinates": [ [ [ -104.86493, 39.78098 ], [ -104.85909, 39.78097 ], [ -104.85908, 39.78548 ], [ -104.86492, 39.78548 ], [ -104.86493, 39.78098 ] ] ] } },
{ "type": "Feature", "properties": { "predicted": 0.024 }, "geometry": { "type": "Polygon", "coordinates": [ [ [ -104.85909, 39.78097 ], [ -104.85325, 39.78097 ], [ -104.85325, 39.78547 ], [ -104.85908, 39.78548 ], [ -104.85909, 39.78097 ] ] ] } },
{ "type": "Feature", "properties": { "predicted": 0.019 }, "geometry": { "type": "Polygon", "coordinates": [ [ [ -104.85325, 39.78097 ], [ -104.84742, 39.78096 ], [ -104.84741, 39.78546 ], [ -104.85325, 39.78547 ], [ -104.85325, 39.78097 ] ] ] } },
{ "type": "Feature", "properties": { "predicted": 0.016 }, "geometry": { "type": "Polygon", "coordinates": [ [ [ -104.84742, 39.78096 ], [ -104.84158, 39.78095 ], [ -104.84157, 39.78545 ], [ -104.84741, 39.78546 ], [ -104.84742, 39.78096 ] ] ] } },
{ "type": "Feature", "properties": { "predicted": 0.013 }, "geometry": { "type": "Polygon", "coordinates": [ [ [ -104.84158, 39.78095 ], [ -104.83574, 39.78094 ], [ -104.83573, 39.78545 ], [ -104.84157, 39.78545 ], [ -104.84158, 39.78095 ] ] ] } },
{ "type": "Feature", "properties": { "predicted": 0.008 }, "geometry": { "type": "Polygon", "coordinates": [ [ [ -104.83574, 39.78094 ], [ -104.8299, 39.78093 ], [ -104.82989, 39.78544 ], [ -104.83573, 39.78545 ], [ -104.83574, 39.78094 ] ] ] } },
{ "type": "Feature", "properties": { "predicted": 0.006 }, "geometry": { "type": "Polygon", "coordinates": [ [ [ -104.8299, 39.78093 ], [ -104.82406, 39.78092 ], [ -104.82405, 39.78543 ], [ -104.82989, 39.78544 ], [ -104.8299, 39.78093 ] ] ] } },
{ "type": "Feature", "properties": { "predicted": 0.005 }, "geometry": { "type": "Polygon", "coordinates": [ [ [ -104.82406, 39.78092 ], [ -104.81822, 39.78092 ], [ -104.81821, 39.78542 ], [ -104.82405, 39.78543 ], [ -104.82406, 39.78092 ] ] ] } },
{ "type": "Feature", "properties": { "predicted": 0.003 }, "geometry": { "type": "Polygon", "coordinates": [ [ [ -104.81822, 39.78092 ], [ -104.81238, 39.78091 ], [ -104.81237, 39.78541 ], [ -104.81821, 39.78542 ], [ -104.81822, 39.78092 ] ] ] } },
{ "type": "Feature", "properties": { "predicted": 0.002 }, "geometry": { "type": "Polygon", "coordinates": [ [ [ -104.81238, 39.78091 ], [ -104.80654, 39.7809 ], [ -104.80653, 39.7854 ], [ -104.81237, 39.78541 ], [ -104.81238, 39.78091 ] ] ] } },
{ "type": "Feature", "properties": { "predicted": 0.001 }, "geometry": { "type": "Polygon", "coordinates": [ [ [ -104.80654, 39.7809 ], [ -104.8007, 39.78089 ], [ -104.80069, 39.78539 ], [ -104.80653, 39.7854 ], [ -104.80654, 39.7809 ] ] ] } },
{ "type": "Feature", "properties": { "predicted": 0.001 }, "geometry": { "type": "Polygon", "coordinates": [ [ [ -104.8007, 39.78089 ], [ -104.79487, 39.78088 ], [ -104.79485, 39.78538 ], [ -104.80069, 39.78539 ], [ -104.8007, 39.78089 ] ] ] } },
{ "type": "Feature", "properties": { "predicted": 0.001 }, "geometry": { "type": "Polygon", "coordinates": [ [ [ -104.79487, 39.78088 ], [ -104.78903, 39.78087 ], [ -104.78901, 39.78537 ], [ -104.79485, 39.78538 ], [ -104.79487, 39.78088 ] ] ] } },
{ "type": "Feature", "properties": { "predicted": 0.001 }, "geometry": { "type": "Polygon", "coordinates": [ [ [ -104.78903, 39.78087 ], [ -104.78319, 39.78086 ], [ -104.78317, 39.78536 ], [ -104.78901, 39.78537 ], [ -104.78903, 39.78087 ] ] ] } },
{ "type": "Feature", "properties": { "predicted": 0.0 }, "geometry": { "type": "Polygon", "coordinates": [ [ [ -104.78319, 39.78086 ], [ -104.77735, 39.78084 ], [ -104.77733, 39.78535 ], [ -104.78317, 39.78536 ], [ -104.78319, 39.78086 ] ] ] } },
{ "type": "Feature", "properties": { "predicted": 0.0 }, "geometry": { "type": "Polygon", "coordinates": [ [ [ -104.77735, 39.78084 ], [ -104.77151, 39.78083 ], [ -104.77149, 39.78534 ], [ -104.77733, 39.78535 ], [ -104.77735, 39.78084 ] ] ] } },
{ "type": "Feature", "properties": { "predicted": 0.0 }, "geometry": { "type": "Polygon", "coordinates": [ [ [ -104.77151, 39.78083 ], [ -104.76567, 39.78082 ], [ -104.76566, 39.78533 ], [ -104.77149, 39.78534 ], [ -104.77151, 39.78083 ] ] ] } },
{ "type": "Feature", "properties": { "predicted": 0.0 }, "geometry": { "type": "Polygon", "coordinates": [ [ [ -104.76567, 39.78082 ], [ -104.75983, 39.78081 ], [ -104.75982, 39.78531 ], [ -104.76566, 39.78533 ], [ -104.76567, 39.78082 ] ] ] } },
{ "type": "Feature", "properties": { "predicted": 0.0 }, "geometry": { "type": "Polygon", "coordinates": [ [ [ -104.75983, 39.78081 ], [ -104.75399, 39.7808 ], [ -104.75398, 39.7853 ], [ -104.75982, 39.78531 ], [ -104.75983, 39.78081 ] ] ] } },
{ "type": "Feature", "properties": { "predicted": 0.0 }, "geometry": { "type": "Polygon", "coordinates": [ [ [ -104.75399, 39.7808 ], [ -104.74815, 39.78078 ], [ -104.74814, 39.78529 ], [ -104.75398, 39.7853 ], [ -104.75399, 39.7808 ] ] ] } },
{ "type": "Feature", "properties": { "predicted": 0.0 }, "geometry": { "type": "Polygon", "coordinates": [ [ [ -104.74815, 39.78078 ], [ -104.74232, 39.78077 ], [ -104.7423, 39.78528 ], [ -104.74814, 39.78529 ], [ -104.74815, 39.78078 ] ] ] } },
{ "type": "Feature", "properties": { "predicted": 0.0 }, "geometry": { "type": "Polygon", "coordinates": [ [ [ -104.74232, 39.78077 ], [ -104.73648, 39.78076 ], [ -104.73646, 39.78526 ], [ -104.7423, 39.78528 ], [ -104.74232, 39.78077 ] ] ] } },
{ "type": "Feature", "properties": { "predicted": 0.0 }, "geometry": { "type": "Polygon", "coordinates": [ [ [ -104.73648, 39.78076 ], [ -104.73064, 39.78075 ], [ -104.73062, 39.78525 ], [ -104.73646, 39.78526 ], [ -104.73648, 39.78076 ] ] ] } },
{ "type": "Feature", "properties": { "predicted": 0.101 }, "geometry": { "type": "Polygon", "coordinates": [ [ [ -105.0693, 39.78554 ], [ -105.06346, 39.78555 ], [ -105.06347, 39.79005 ], [ -105.0693, 39.79005 ], [ -105.0693, 39.78554 ] ] ] } },
{ "type": "Feature", "properties": { "predicted": 0.181 }, "geometry": { "type": "Polygon", "coordinates": [ [ [ -105.06346, 39.78555 ], [ -105.05762, 39.78555 ], [ -105.05763, 39.79005 ], [ -105.06347, 39.79005 ], [ -105.06346, 39.78555 ] ] ] } },
{ "type": "Feature", "properties": { "predicted": 0.137 }, "geometry": { "type": "Polygon", "coordinates": [ [ [ -105.05762, 39.78555 ], [ -105.05178, 39.78555 ], [ -105.05179, 39.79006 ], [ -105.05763, 39.79005 ], [ -105.05762, 39.78555 ] ] ] } },
{ "type": "Feature", "properties": { "predicted": 0.1 }, "geometry": { "type": "Polygon", "coordinates": [ [ [ -105.05178, 39.78555 ], [ -105.04594, 39.78555 ], [ -105.04595, 39.79006 ], [ -105.05179, 39.79006 ], [ -105.05178, 39.78555 ] ] ] } },
{ "type": "Feature", "properties": { "predicted": 0.045 }, "geometry": { "type": "Polygon", "coordinates": [ [ [ -105.04594, 39.78555 ], [ -105.0401, 39.78556 ], [ -105.04011, 39.79006 ], [ -105.04595, 39.79006 ], [ -105.04594, 39.78555 ] ] ] } },
{ "type": "Feature", "properties": { "predicted": 0.034 }, "geometry": { "type": "Polygon", "coordinates": [ [ [ -105.0401, 39.78556 ], [ -105.03426, 39.78556 ], [ -105.03427, 39.79006 ], [ -105.04011, 39.79006 ], [ -105.0401, 39.78556 ] ] ] } },
{ "type": "Feature", "properties": { "predicted": 0.04 }, "geometry": { "type": "Polygon", "coordinates": [ [ [ -105.03426, 39.78556 ], [ -105.02843, 39.78556 ], [ -105.02843, 39.79006 ], [ -105.03427, 39.79006 ], [ -105.03426, 39.78556 ] ] ] } },
{ "type": "Feature", "properties": { "predicted": 0.038 }, "geometry": { "type": "Polygon", "coordinates": [ [ [ -105.02843, 39.78556 ], [ -105.02259, 39.78556 ], [ -105.02259, 39.79007 ], [ -105.02843, 39.79006 ], [ -105.02843, 39.78556 ] ] ] } },
{ "type": "Feature", "properties": { "predicted": 0.045 }, "geometry": { "type": "Polygon", "coordinates": [ [ [ -105.02259, 39.78556 ], [ -105.01675, 39.78556 ], [ -105.01675, 39.79007 ], [ -105.02259, 39.79007 ], [ -105.02259, 39.78556 ] ] ] } },
{ "type": "Feature", "properties": { "predicted": 0.072 }, "geometry": { "type": "Polygon", "coordinates": [ [ [ -105.01675, 39.78556 ], [ -105.01091, 39.78556 ], [ -105.01091, 39.79007 ], [ -105.01675, 39.79007 ], [ -105.01675, 39.78556 ] ] ] } },
{ "type": "Feature", "properties": { "predicted": 0.074 }, "geometry": { "type": "Polygon", "coordinates": [ [ [ -105.01091, 39.78556 ], [ -105.00507, 39.78556 ], [ -105.00507, 39.79007 ], [ -105.01091, 39.79007 ], [ -105.01091, 39.78556 ] ] ] } },
{ "type": "Feature", "properties": { "predicted": 0.073 }, "geometry": { "type": "Polygon", "coordinates": [ [ [ -105.00507, 39.78556 ], [ -104.99923, 39.78556 ], [ -104.99923, 39.79007 ], [ -105.00507, 39.79007 ], [ -105.00507, 39.78556 ] ] ] } },
{ "type": "Feature", "properties": { "predicted": 0.074 }, "geometry": { "type": "Polygon", "coordinates": [ [ [ -104.99923, 39.78556 ], [ -104.99339, 39.78556 ], [ -104.99339, 39.79007 ], [ -104.99923, 39.79007 ], [ -104.99923, 39.78556 ] ] ] } },
{ "type": "Feature", "properties": { "predicted": 0.121 }, "geometry": { "type": "Polygon", "coordinates": [ [ [ -104.99339, 39.78556 ], [ -104.98755, 39.78556 ], [ -104.98755, 39.79007 ], [ -104.99339, 39.79007 ], [ -104.99339, 39.78556 ] ] ] } },
{ "type": "Feature", "properties": { "predicted": 0.287 }, "geometry": { "type": "Polygon", "coordinates": [ [ [ -104.98755, 39.78556 ], [ -104.98171, 39.78556 ], [ -104.98171, 39.79007 ], [ -104.98755, 39.79007 ], [ -104.98755, 39.78556 ] ] ] } },
{ "type": "Feature", "properties": { "predicted": 0.354 }, "geometry": { "type": "Polygon", "coordinates": [ [ [ -104.98171, 39.78556 ], [ -104.97587, 39.78556 ], [ -104.97587, 39.79007 ], [ -104.98171, 39.79007 ], [ -104.98171, 39.78556 ] ] ] } },
{ "type": "Feature", "properties": { "predicted": 0.472 }, "geometry": { "type": "Polygon", "coordinates": [ [ [ -104.97587, 39.78556 ], [ -104.97003, 39.78556 ], [ -104.97003, 39.79006 ], [ -104.97587, 39.79007 ], [ -104.97587, 39.78556 ] ] ] } },
{ "type": "Feature", "properties": { "predicted": 0.448 }, "geometry": { "type": "Polygon", "coordinates": [ [ [ -104.97003, 39.78556 ], [ -104.96419, 39.78556 ], [ -104.96419, 39.79006 ], [ -104.97003, 39.79006 ], [ -104.97003, 39.78556 ] ] ] } },
{ "type": "Feature", "properties": { "predicted": 0.313 }, "geometry": { "type": "Polygon", "coordinates": [ [ [ -104.96419, 39.78556 ], [ -104.95835, 39.78556 ], [ -104.95835, 39.79006 ], [ -104.96419, 39.79006 ], [ -104.96419, 39.78556 ] ] ] } },
{ "type": "Feature", "properties": { "predicted": 0.228 }, "geometry": { "type": "Polygon", "coordinates": [ [ [ -104.95835, 39.78556 ], [ -104.95251, 39.78555 ], [ -104.95251, 39.79006 ], [ -104.95835, 39.79006 ], [ -104.95835, 39.78556 ] ] ] } },
{ "type": "Feature", "properties": { "predicted": 0.175 }, "geometry": { "type": "Polygon", "coordinates": [ [ [ -104.95251, 39.78555 ], [ -104.94667, 39.78555 ], [ -104.94667, 39.79006 ], [ -104.95251, 39.79006 ], [ -104.95251, 39.78555 ] ] ] } },
{ "type": "Feature", "properties": { "predicted": 0.118 }, "geometry": { "type": "Polygon", "coordinates": [ [ [ -104.94667, 39.78555 ], [ -104.94083, 39.78555 ], [ -104.94083, 39.79005 ], [ -104.94667, 39.79006 ], [ -104.94667, 39.78555 ] ] ] } },
{ "type": "Feature", "properties": { "predicted": 0.06 }, "geometry": { "type": "Polygon", "coordinates": [ [ [ -104.94083, 39.78555 ], [ -104.935, 39.78554 ], [ -104.93499, 39.79005 ], [ -104.94083, 39.79005 ], [ -104.94083, 39.78555 ] ] ] } },
{ "type": "Feature", "properties": { "predicted": 0.064 }, "geometry": { "type": "Polygon", "coordinates": [ [ [ -104.935, 39.78554 ], [ -104.92916, 39.78554 ], [ -104.92915, 39.79005 ], [ -104.93499, 39.79005 ], [ -104.935, 39.78554 ] ] ] } },
{ "type": "Feature", "properties": { "predicted": 0.122 }, "geometry": { "type": "Polygon", "coordinates": [ [ [ -104.92916, 39.78554 ], [ -104.92332, 39.78554 ], [ -104.92331, 39.79004 ], [ -104.92915, 39.79005 ], [ -104.92916, 39.78554 ] ] ] } },
{ "type": "Feature", "properties": { "predicted": 0.351 }, "geometry": { "type": "Polygon", "coordinates": [ [ [ -104.9058, 39.78552 ], [ -104.89996, 39.78552 ], [ -104.89995, 39.79003 ], [ -104.90579, 39.79003 ], [ -104.9058, 39.78552 ] ] ] } },
{ "type": "Feature", "properties": { "predicted": 0.217 }, "geometry": { "type": "Polygon", "coordinates": [ [ [ -104.89996, 39.78552 ], [ -104.89412, 39.78551 ], [ -104.89411, 39.79002 ], [ -104.89995, 39.79003 ], [ -104.89996, 39.78552 ] ] ] } },
{ "type": "Feature", "properties": { "predicted": 0.139 }, "geometry": { "type": "Polygon", "coordinates": [ [ [ -104.89412, 39.78551 ], [ -104.88828, 39.78551 ], [ -104.88827, 39.79001 ], [ -104.89411, 39.79002 ], [ -104.89412, 39.78551 ] ] ] } },
{ "type": "Feature", "properties": { "predicted": 0.087 }, "geometry": { "type": "Polygon", "coordinates": [ [ [ -104.88828, 39.78551 ], [ -104.88244, 39.7855 ], [ -104.88243, 39.79001 ], [ -104.88827, 39.79001 ], [ -104.88828, 39.78551 ] ] ] } },
{ "type": "Feature", "properties": { "predicted": 0.056 }, "geometry": { "type": "Polygon", "coordinates": [ [ [ -104.88244, 39.7855 ], [ -104.8766, 39.7855 ], [ -104.87659, 39.79 ], [ -104.88243, 39.79001 ], [ -104.88244, 39.7855 ] ] ] } },
{ "type": "Feature", "properties": { "predicted": 0.035 }, "geometry": { "type": "Polygon", "coordinates": [ [ [ -104.8766, 39.7855 ], [ -104.87076, 39.78549 ], [ -104.87075, 39.79 ], [ -104.87659, 39.79 ], [ -104.8766, 39.7855 ] ] ] } },
{ "type": "Feature", "properties": { "predicted": 0.026 }, "geometry": { "type": "Polygon", "coordinates": [ [ [ -104.87076, 39.78549 ], [ -104.86492, 39.78548 ], [ -104.86491, 39.78999 ], [ -104.87075, 39.79 ], [ -104.87076, 39.78549 ] ] ] } },
{ "type": "Feature", "properties": { "predicted": 0.019 }, "geometry": { "type": "Polygon", "coordinates": [ [ [ -104.86492, 39.78548 ], [ -104.85908, 39.78548 ], [ -104.85908, 39.78998 ], [ -104.86491, 39.78999 ], [ -104.86492, 39.78548 ] ] ] } },
{ "type": "Feature", "properties": { "predicted": 0.018 }, "geometry": { "type": "Polygon", "coordinates": [ [ [ -104.85908, 39.78548 ], [ -104.85325, 39.78547 ], [ -104.85324, 39.78998 ], [ -104.85908, 39.78998 ], [ -104.85908, 39.78548 ] ] ] } },
{ "type": "Feature", "properties": { "predicted": 0.016 }, "geometry": { "type": "Polygon", "coordinates": [ [ [ -104.85325, 39.78547 ], [ -104.84741, 39.78546 ], [ -104.8474, 39.78997 ], [ -104.85324, 39.78998 ], [ -104.85325, 39.78547 ] ] ] } },
{ "type": "Feature", "properties": { "predicted": 0.012 }, "geometry": { "type": "Polygon", "coordinates": [ [ [ -104.84741, 39.78546 ], [ -104.84157, 39.78545 ], [ -104.84156, 39.78996 ], [ -104.8474, 39.78997 ], [ -104.84741, 39.78546 ] ] ] } },
{ "type": "Feature", "properties": { "predicted": 0.01 }, "geometry": { "type": "Polygon", "coordinates": [ [ [ -104.84157, 39.78545 ], [ -104.83573, 39.78545 ], [ -104.83572, 39.78995 ], [ -104.84156, 39.78996 ], [ -104.84157, 39.78545 ] ] ] } },
{ "type": "Feature", "properties": { "predicted": 0.008 }, "geometry": { "type": "Polygon", "coordinates": [ [ [ -104.83573, 39.78545 ], [ -104.82989, 39.78544 ], [ -104.82988, 39.78994 ], [ -104.83572, 39.78995 ], [ -104.83573, 39.78545 ] ] ] } },
{ "type": "Feature", "properties": { "predicted": 0.006 }, "geometry": { "type": "Polygon", "coordinates": [ [ [ -104.82989, 39.78544 ], [ -104.82405, 39.78543 ], [ -104.82404, 39.78993 ], [ -104.82988, 39.78994 ], [ -104.82989, 39.78544 ] ] ] } },
{ "type": "Feature", "properties": { "predicted": 0.004 }, "geometry": { "type": "Polygon", "coordinates": [ [ [ -104.82405, 39.78543 ], [ -104.81821, 39.78542 ], [ -104.8182, 39.78993 ], [ -104.82404, 39.78993 ], [ -104.82405, 39.78543 ] ] ] } },
{ "type": "Feature", "properties": { "predicted": 0.003 }, "geometry": { "type": "Polygon", "coordinates": [ [ [ -104.81821, 39.78542 ], [ -104.81237, 39.78541 ], [ -104.81236, 39.78992 ], [ -104.8182, 39.78993 ], [ -104.81821, 39.78542 ] ] ] } },
{ "type": "Feature", "properties": { "predicted": 0.002 }, "geometry": { "type": "Polygon", "coordinates": [ [ [ -104.81237, 39.78541 ], [ -104.80653, 39.7854 ], [ -104.80652, 39.78991 ], [ -104.81236, 39.78992 ], [ -104.81237, 39.78541 ] ] ] } },
{ "type": "Feature", "properties": { "predicted": 0.001 }, "geometry": { "type": "Polygon", "coordinates": [ [ [ -104.80653, 39.7854 ], [ -104.80069, 39.78539 ], [ -104.80068, 39.7899 ], [ -104.80652, 39.78991 ], [ -104.80653, 39.7854 ] ] ] } },
{ "type": "Feature", "properties": { "predicted": 0.001 }, "geometry": { "type": "Polygon", "coordinates": [ [ [ -104.80069, 39.78539 ], [ -104.79485, 39.78538 ], [ -104.79484, 39.78989 ], [ -104.80068, 39.7899 ], [ -104.80069, 39.78539 ] ] ] } },
{ "type": "Feature", "properties": { "predicted": 0.001 }, "geometry": { "type": "Polygon", "coordinates": [ [ [ -104.79485, 39.78538 ], [ -104.78901, 39.78537 ], [ -104.789, 39.78988 ], [ -104.79484, 39.78989 ], [ -104.79485, 39.78538 ] ] ] } },
{ "type": "Feature", "properties": { "predicted": 0.0 }, "geometry": { "type": "Polygon", "coordinates": [ [ [ -104.78901, 39.78537 ], [ -104.78317, 39.78536 ], [ -104.78316, 39.78987 ], [ -104.789, 39.78988 ], [ -104.78901, 39.78537 ] ] ] } },
{ "type": "Feature", "properties": { "predicted": 0.0 }, "geometry": { "type": "Polygon", "coordinates": [ [ [ -104.78317, 39.78536 ], [ -104.77733, 39.78535 ], [ -104.77732, 39.78985 ], [ -104.78316, 39.78987 ], [ -104.78317, 39.78536 ] ] ] } },
{ "type": "Feature", "properties": { "predicted": 0.0 }, "geometry": { "type": "Polygon", "coordinates": [ [ [ -104.77733, 39.78535 ], [ -104.77149, 39.78534 ], [ -104.77148, 39.78984 ], [ -104.77732, 39.78985 ], [ -104.77733, 39.78535 ] ] ] } },
{ "type": "Feature", "properties": { "predicted": 0.0 }, "geometry": { "type": "Polygon", "coordinates": [ [ [ -104.77149, 39.78534 ], [ -104.76566, 39.78533 ], [ -104.76564, 39.78983 ], [ -104.77148, 39.78984 ], [ -104.77149, 39.78534 ] ] ] } },
{ "type": "Feature", "properties": { "predicted": 0.0 }, "geometry": { "type": "Polygon", "coordinates": [ [ [ -104.76566, 39.78533 ], [ -104.75982, 39.78531 ], [ -104.7598, 39.78982 ], [ -104.76564, 39.78983 ], [ -104.76566, 39.78533 ] ] ] } },
{ "type": "Feature", "properties": { "predicted": 0.0 }, "geometry": { "type": "Polygon", "coordinates": [ [ [ -104.75982, 39.78531 ], [ -104.75398, 39.7853 ], [ -104.75396, 39.78981 ], [ -104.7598, 39.78982 ], [ -104.75982, 39.78531 ] ] ] } },
{ "type": "Feature", "properties": { "predicted": 0.0 }, "geometry": { "type": "Polygon", "coordinates": [ [ [ -104.75398, 39.7853 ], [ -104.74814, 39.78529 ], [ -104.74812, 39.78979 ], [ -104.75396, 39.78981 ], [ -104.75398, 39.7853 ] ] ] } },
{ "type": "Feature", "properties": { "predicted": 0.0 }, "geometry": { "type": "Polygon", "coordinates": [ [ [ -104.74814, 39.78529 ], [ -104.7423, 39.78528 ], [ -104.74228, 39.78978 ], [ -104.74812, 39.78979 ], [ -104.74814, 39.78529 ] ] ] } },
{ "type": "Feature", "properties": { "predicted": 0.0 }, "geometry": { "type": "Polygon", "coordinates": [ [ [ -104.7423, 39.78528 ], [ -104.73646, 39.78526 ], [ -104.73644, 39.78977 ], [ -104.74228, 39.78978 ], [ -104.7423, 39.78528 ] ] ] } },
{ "type": "Feature", "properties": { "predicted": 0.0 }, "geometry": { "type": "Polygon", "coordinates": [ [ [ -104.73646, 39.78526 ], [ -104.73062, 39.78525 ], [ -104.7306, 39.78976 ], [ -104.73644, 39.78977 ], [ -104.73646, 39.78526 ] ] ] } },
{ "type": "Feature", "properties": { "predicted": 0.055 }, "geometry": { "type": "Polygon", "coordinates": [ [ [ -105.0693, 39.79005 ], [ -105.06347, 39.79005 ], [ -105.06347, 39.79456 ], [ -105.06931, 39.79455 ], [ -105.0693, 39.79005 ] ] ] } },
{ "type": "Feature", "properties": { "predicted": 0.106 }, "geometry": { "type": "Polygon", "coordinates": [ [ [ -105.06347, 39.79005 ], [ -105.05763, 39.79005 ], [ -105.05763, 39.79456 ], [ -105.06347, 39.79456 ], [ -105.06347, 39.79005 ] ] ] } },
{ "type": "Feature", "properties": { "predicted": 0.125 }, "geometry": { "type": "Polygon", "coordinates": [ [ [ -105.05763, 39.79005 ], [ -105.05179, 39.79006 ], [ -105.05179, 39.79456 ], [ -105.05763, 39.79456 ], [ -105.05763, 39.79005 ] ] ] } },
{ "type": "Feature", "properties": { "predicted": 0.153 }, "geometry": { "type": "Polygon", "coordinates": [ [ [ -105.05179, 39.79006 ], [ -105.04595, 39.79006 ], [ -105.04595, 39.79456 ], [ -105.05179, 39.79456 ], [ -105.05179, 39.79006 ] ] ] } },
{ "type": "Feature", "properties": { "predicted": 0.149 }, "geometry": { "type": "Polygon", "coordinates": [ [ [ -105.04595, 39.79006 ], [ -105.04011, 39.79006 ], [ -105.04011, 39.79457 ], [ -105.04595, 39.79456 ], [ -105.04595, 39.79006 ] ] ] } },
{ "type": "Feature", "properties": { "predicted": 0.096 }, "geometry": { "type": "Polygon", "coordinates": [ [ [ -105.04011, 39.79006 ], [ -105.03427, 39.79006 ], [ -105.03427, 39.79457 ], [ -105.04011, 39.79457 ], [ -105.04011, 39.79006 ] ] ] } },
{ "type": "Feature", "properties": { "predicted": 0.078 }, "geometry": { "type": "Polygon", "coordinates": [ [ [ -105.03427, 39.79006 ], [ -105.02843, 39.79006 ], [ -105.02843, 39.79457 ], [ -105.03427, 39.79457 ], [ -105.03427, 39.79006 ] ] ] } },
{ "type": "Feature", "properties": { "predicted": 0.068 }, "geometry": { "type": "Polygon", "coordinates": [ [ [ -105.02843, 39.79006 ], [ -105.02259, 39.79007 ], [ -105.02259, 39.79457 ], [ -105.02843, 39.79457 ], [ -105.02843, 39.79006 ] ] ] } },
{ "type": "Feature", "properties": { "predicted": 0.039 }, "geometry": { "type": "Polygon", "coordinates": [ [ [ -105.02259, 39.79007 ], [ -105.01675, 39.79007 ], [ -105.01675, 39.79457 ], [ -105.02259, 39.79457 ], [ -105.02259, 39.79007 ] ] ] } },
{ "type": "Feature", "properties": { "predicted": 0.052 }, "geometry": { "type": "Polygon", "coordinates": [ [ [ -105.01675, 39.79007 ], [ -105.01091, 39.79007 ], [ -105.01091, 39.79457 ], [ -105.01675, 39.79457 ], [ -105.01675, 39.79007 ] ] ] } },
{ "type": "Feature", "properties": { "predicted": 0.061 }, "geometry": { "type": "Polygon", "coordinates": [ [ [ -105.01091, 39.79007 ], [ -105.00507, 39.79007 ], [ -105.00507, 39.79457 ], [ -105.01091, 39.79457 ], [ -105.01091, 39.79007 ] ] ] } },
{ "type": "Feature", "properties": { "predicted": 0.067 }, "geometry": { "type": "Polygon", "coordinates": [ [ [ -105.00507, 39.79007 ], [ -104.99923, 39.79007 ], [ -104.99923, 39.79457 ], [ -105.00507, 39.79457 ], [ -105.00507, 39.79007 ] ] ] } },
{ "type": "Feature", "properties": { "predicted": 0.073 }, "geometry": { "type": "Polygon", "coordinates": [ [ [ -104.99923, 39.79007 ], [ -104.99339, 39.79007 ], [ -104.99339, 39.79457 ], [ -104.99923, 39.79457 ], [ -104.99923, 39.79007 ] ] ] } },
{ "type": "Feature", "properties": { "predicted": 0.119 }, "geometry": { "type": "Polygon", "coordinates": [ [ [ -104.99339, 39.79007 ], [ -104.98755, 39.79007 ], [ -104.98755, 39.79457 ], [ -104.99339, 39.79457 ], [ -104.99339, 39.79007 ] ] ] } },
{ "type": "Feature", "properties": { "predicted": 0.209 }, "geometry": { "type": "Polygon", "coordinates": [ [ [ -104.98755, 39.79007 ], [ -104.98171, 39.79007 ], [ -104.98171, 39.79457 ], [ -104.98755, 39.79457 ], [ -104.98755, 39.79007 ] ] ] } },
{ "type": "Feature", "properties": { "predicted": 0.42 }, "geometry": { "type": "Polygon", "coordinates": [ [ [ -104.98171, 39.79007 ], [ -104.97587, 39.79007 ], [ -104.97587, 39.79457 ], [ -104.98171, 39.79457 ], [ -104.98171, 39.79007 ] ] ] } },
{ "type": "Feature", "properties": { "predicted": 0.503 }, "geometry": { "type": "Polygon", "coordinates": [ [ [ -104.97587, 39.79007 ], [ -104.97003, 39.79006 ], [ -104.97003, 39.79457 ], [ -104.97587, 39.79457 ], [ -104.97587, 39.79007 ] ] ] } },
{ "type": "Feature", "properties": { "predicted": 0.614 }, "geometry": { "type": "Polygon", "coordinates": [ [ [ -104.97003, 39.79006 ], [ -104.96419, 39.79006 ], [ -104.96419, 39.79457 ], [ -104.97003, 39.79457 ], [ -104.97003, 39.79006 ] ] ] } },
{ "type": "Feature", "properties": { "predicted": 0.401 }, "geometry": { "type": "Polygon", "coordinates": [ [ [ -104.96419, 39.79006 ], [ -104.95835, 39.79006 ], [ -104.95835, 39.79457 ], [ -104.96419, 39.79457 ], [ -104.96419, 39.79006 ] ] ] } },
{ "type": "Feature", "properties": { "predicted": 0.322 }, "geometry": { "type": "Polygon", "coordinates": [ [ [ -104.95835, 39.79006 ], [ -104.95251, 39.79006 ], [ -104.95251, 39.79456 ], [ -104.95835, 39.79457 ], [ -104.95835, 39.79006 ] ] ] } },
{ "type": "Feature", "properties": { "predicted": 0.217 }, "geometry": { "type": "Polygon", "coordinates": [ [ [ -104.95251, 39.79006 ], [ -104.94667, 39.79006 ], [ -104.94667, 39.79456 ], [ -104.95251, 39.79456 ], [ -104.95251, 39.79006 ] ] ] } },
{ "type": "Feature", "properties": { "predicted": 0.148 }, "geometry": { "type": "Polygon", "coordinates": [ [ [ -104.94667, 39.79006 ], [ -104.94083, 39.79005 ], [ -104.94083, 39.79456 ], [ -104.94667, 39.79456 ], [ -104.94667, 39.79006 ] ] ] } },
{ "type": "Feature", "properties": { "predicted": 0.097 }, "geometry": { "type": "Polygon", "coordinates": [ [ [ -104.94083, 39.79005 ], [ -104.93499, 39.79005 ], [ -104.93499, 39.79456 ], [ -104.94083, 39.79456 ], [ -104.94083, 39.79005 ] ] ] } },
{ "type": "Feature", "properties": { "predicted": 0.114 }, "geometry": { "type": "Polygon", "coordinates": [ [ [ -104.93499, 39.79005 ], [ -104.92915, 39.79005 ], [ -104.92915, 39.79455 ], [ -104.93499, 39.79456 ], [ -104.93499, 39.79005 ] ] ] } },
{ "type": "Feature", "properties": { "predicted": 0.155 }, "geometry": { "type": "Polygon", "coordinates": [ [ [ -104.92915, 39.79005 ], [ -104.92331, 39.79004 ], [ -104.92331, 39.79455 ], [ -104.92915, 39.79455 ], [ -104.92915, 39.79005 ] ] ] } },
{ "type": "Feature", "properties": { "predicted": 0.189 }, "geometry": { "type": "Polygon", "coordinates": [ [ [ -104.90579, 39.79003 ], [ -104.89995, 39.79003 ], [ -104.89995, 39.79453 ], [ -104.90579, 39.79453 ], [ -104.90579, 39.79003 ] ] ] } },
{ "type": "Feature", "properties": { "predicted": 0.18 }, "geometry": { "type": "Polygon", "coordinates": [ [ [ -104.89995, 39.79003 ], [ -104.89411, 39.79002 ], [ -104.89411, 39.79452 ], [ -104.89995, 39.79453 ], [ -104.89995, 39.79003 ] ] ] } },
{ "type": "Feature", "properties": { "predicted": 0.149 }, "geometry": { "type": "Polygon", "coordinates": [ [ [ -104.89411, 39.79002 ], [ -104.88827, 39.79001 ], [ -104.88827, 39.79452 ], [ -104.89411, 39.79452 ], [ -104.89411, 39.79002 ] ] ] } },
{ "type": "Feature", "properties": { "predicted": 0.088 }, "geometry": { "type": "Polygon", "coordinates": [ [ [ -104.88827, 39.79001 ], [ -104.88243, 39.79001 ], [ -104.88243, 39.79451 ], [ -104.88827, 39.79452 ], [ -104.88827, 39.79001 ] ] ] } },
{ "type": "Feature", "properties": { "predicted": 0.065 }, "geometry": { "type": "Polygon", "coordinates": [ [ [ -104.88243, 39.79001 ], [ -104.87659, 39.79 ], [ -104.87659, 39.79451 ], [ -104.88243, 39.79451 ], [ -104.88243, 39.79001 ] ] ] } },
{ "type": "Feature", "properties": { "predicted": 0.037 }, "geometry": { "type": "Polygon", "coordinates": [ [ [ -104.87659, 39.79 ], [ -104.87075, 39.79 ], [ -104.87075, 39.7945 ], [ -104.87659, 39.79451 ], [ -104.87659, 39.79 ] ] ] } },
{ "type": "Feature", "properties": { "predicted": 0.023 }, "geometry": { "type": "Polygon", "coordinates": [ [ [ -104.87075, 39.79 ], [ -104.86491, 39.78999 ], [ -104.86491, 39.79449 ], [ -104.87075, 39.7945 ], [ -104.87075, 39.79 ] ] ] } },
{ "type": "Feature", "properties": { "predicted": 0.018 }, "geometry": { "type": "Polygon", "coordinates": [ [ [ -104.86491, 39.78999 ], [ -104.85908, 39.78998 ], [ -104.85907, 39.79449 ], [ -104.86491, 39.79449 ], [ -104.86491, 39.78999 ] ] ] } },
{ "type": "Feature", "properties": { "predicted": 0.017 }, "geometry": { "type": "Polygon", "coordinates": [ [ [ -104.85908, 39.78998 ], [ -104.85324, 39.78998 ], [ -104.85323, 39.79448 ], [ -104.85907, 39.79449 ], [ -104.85908, 39.78998 ] ] ] } },
{ "type": "Feature", "properties": { "predicted": 0.015 }, "geometry": { "type": "Polygon", "coordinates": [ [ [ -104.85324, 39.78998 ], [ -104.8474, 39.78997 ], [ -104.84739, 39.79447 ], [ -104.85323, 39.79448 ], [ -104.85324, 39.78998 ] ] ] } },
{ "type": "Feature", "properties": { "predicted": 0.01 }, "geometry": { "type": "Polygon", "coordinates": [ [ [ -104.8474, 39.78997 ], [ -104.84156, 39.78996 ], [ -104.84155, 39.79447 ], [ -104.84739, 39.79447 ], [ -104.8474, 39.78997 ] ] ] } },
{ "type": "Feature", "properties": { "predicted": 0.008 }, "geometry": { "type": "Polygon", "coordinates": [ [ [ -104.84156, 39.78996 ], [ -104.83572, 39.78995 ], [ -104.83571, 39.79446 ], [ -104.84155, 39.79447 ], [ -104.84156, 39.78996 ] ] ] } },
{ "type": "Feature", "properties": { "predicted": 0.007 }, "geometry": { "type": "Polygon", "coordinates": [ [ [ -104.83572, 39.78995 ], [ -104.82988, 39.78994 ], [ -104.82987, 39.79445 ], [ -104.83571, 39.79446 ], [ -104.83572, 39.78995 ] ] ] } },
{ "type": "Feature", "properties": { "predicted": 0.005 }, "geometry": { "type": "Polygon", "coordinates": [ [ [ -104.82988, 39.78994 ], [ -104.82404, 39.78993 ], [ -104.82403, 39.79444 ], [ -104.82987, 39.79445 ], [ -104.82988, 39.78994 ] ] ] } },
{ "type": "Feature", "properties": { "predicted": 0.004 }, "geometry": { "type": "Polygon", "coordinates": [ [ [ -104.82404, 39.78993 ], [ -104.8182, 39.78993 ], [ -104.81819, 39.79443 ], [ -104.82403, 39.79444 ], [ -104.82404, 39.78993 ] ] ] } },
{ "type": "Feature", "properties": { "predicted": 0.003 }, "geometry": { "type": "Polygon", "coordinates": [ [ [ -104.8182, 39.78993 ], [ -104.81236, 39.78992 ], [ -104.81235, 39.79442 ], [ -104.81819, 39.79443 ], [ -104.8182, 39.78993 ] ] ] } },
{ "type": "Feature", "properties": { "predicted": 0.002 }, "geometry": { "type": "Polygon", "coordinates": [ [ [ -104.81236, 39.78992 ], [ -104.80652, 39.78991 ], [ -104.80651, 39.79441 ], [ -104.81235, 39.79442 ], [ -104.81236, 39.78992 ] ] ] } },
{ "type": "Feature", "properties": { "predicted": 0.002 }, "geometry": { "type": "Polygon", "coordinates": [ [ [ -104.80652, 39.78991 ], [ -104.80068, 39.7899 ], [ -104.80067, 39.7944 ], [ -104.80651, 39.79441 ], [ -104.80652, 39.78991 ] ] ] } },
{ "type": "Feature", "properties": { "predicted": 0.001 }, "geometry": { "type": "Polygon", "coordinates": [ [ [ -104.80068, 39.7899 ], [ -104.79484, 39.78989 ], [ -104.79483, 39.79439 ], [ -104.80067, 39.7944 ], [ -104.80068, 39.7899 ] ] ] } },
{ "type": "Feature", "properties": { "predicted": 0.001 }, "geometry": { "type": "Polygon", "coordinates": [ [ [ -104.79484, 39.78989 ], [ -104.789, 39.78988 ], [ -104.78899, 39.79438 ], [ -104.79483, 39.79439 ], [ -104.79484, 39.78989 ] ] ] } },
{ "type": "Feature", "properties": { "predicted": 0.0 }, "geometry": { "type": "Polygon", "coordinates": [ [ [ -104.789, 39.78988 ], [ -104.78316, 39.78987 ], [ -104.78315, 39.79437 ], [ -104.78899, 39.79438 ], [ -104.789, 39.78988 ] ] ] } },
{ "type": "Feature", "properties": { "predicted": 0.0 }, "geometry": { "type": "Polygon", "coordinates": [ [ [ -104.78316, 39.78987 ], [ -104.77732, 39.78985 ], [ -104.77731, 39.79436 ], [ -104.78315, 39.79437 ], [ -104.78316, 39.78987 ] ] ] } },
{ "type": "Feature", "properties": { "predicted": 0.0 }, "geometry": { "type": "Polygon", "coordinates": [ [ [ -104.77732, 39.78985 ], [ -104.77148, 39.78984 ], [ -104.77147, 39.79435 ], [ -104.77731, 39.79436 ], [ -104.77732, 39.78985 ] ] ] } },
{ "type": "Feature", "properties": { "predicted": 0.0 }, "geometry": { "type": "Polygon", "coordinates": [ [ [ -104.77148, 39.78984 ], [ -104.76564, 39.78983 ], [ -104.76563, 39.79434 ], [ -104.77147, 39.79435 ], [ -104.77148, 39.78984 ] ] ] } },
{ "type": "Feature", "properties": { "predicted": 0.0 }, "geometry": { "type": "Polygon", "coordinates": [ [ [ -104.76564, 39.78983 ], [ -104.7598, 39.78982 ], [ -104.75979, 39.79432 ], [ -104.76563, 39.79434 ], [ -104.76564, 39.78983 ] ] ] } },
{ "type": "Feature", "properties": { "predicted": 0.0 }, "geometry": { "type": "Polygon", "coordinates": [ [ [ -104.7598, 39.78982 ], [ -104.75396, 39.78981 ], [ -104.75394, 39.79431 ], [ -104.75979, 39.79432 ], [ -104.7598, 39.78982 ] ] ] } },
{ "type": "Feature", "properties": { "predicted": 0.0 }, "geometry": { "type": "Polygon", "coordinates": [ [ [ -104.75396, 39.78981 ], [ -104.74812, 39.78979 ], [ -104.7481, 39.7943 ], [ -104.75394, 39.79431 ], [ -104.75396, 39.78981 ] ] ] } },
{ "type": "Feature", "properties": { "predicted": 0.0 }, "geometry": { "type": "Polygon", "coordinates": [ [ [ -104.74812, 39.78979 ], [ -104.74228, 39.78978 ], [ -104.74226, 39.79429 ], [ -104.7481, 39.7943 ], [ -104.74812, 39.78979 ] ] ] } },
{ "type": "Feature", "properties": { "predicted": 0.0 }, "geometry": { "type": "Polygon", "coordinates": [ [ [ -104.74228, 39.78978 ], [ -104.73644, 39.78977 ], [ -104.73642, 39.79427 ], [ -104.74226, 39.79429 ], [ -104.74228, 39.78978 ] ] ] } },
{ "type": "Feature", "properties": { "predicted": 0.0 }, "geometry": { "type": "Polygon", "coordinates": [ [ [ -104.73644, 39.78977 ], [ -104.7306, 39.78976 ], [ -104.73058, 39.79426 ], [ -104.73642, 39.79427 ], [ -104.73644, 39.78977 ] ] ] } },
{ "type": "Feature", "properties": { "predicted": 0.516 }, "geometry": { "type": "Polygon", "coordinates": [ [ [ -104.97587, 39.79457 ], [ -104.97003, 39.79457 ], [ -104.97003, 39.79907 ], [ -104.97587, 39.79908 ], [ -104.97587, 39.79457 ] ] ] } },
{ "type": "Feature", "properties": { "predicted": 0.489 }, "geometry": { "type": "Polygon", "coordinates": [ [ [ -104.97003, 39.79457 ], [ -104.96419, 39.79457 ], [ -104.96419, 39.79907 ], [ -104.97003, 39.79907 ], [ -104.97003, 39.79457 ] ] ] } },
{ "type": "Feature", "properties": { "predicted": 0.349 }, "geometry": { "type": "Polygon", "coordinates": [ [ [ -104.95835, 39.79457 ], [ -104.95251, 39.79456 ], [ -104.9525, 39.79907 ], [ -104.95834, 39.79907 ], [ -104.95835, 39.79457 ] ] ] } },
{ "type": "Feature", "properties": { "predicted": 0.269 }, "geometry": { "type": "Polygon", "coordinates": [ [ [ -104.95251, 39.79456 ], [ -104.94667, 39.79456 ], [ -104.94666, 39.79907 ], [ -104.9525, 39.79907 ], [ -104.95251, 39.79456 ] ] ] } },
{ "type": "Feature", "properties": { "predicted": 0.165 }, "geometry": { "type": "Polygon", "coordinates": [ [ [ -104.94667, 39.79456 ], [ -104.94083, 39.79456 ], [ -104.94082, 39.79906 ], [ -104.94666, 39.79907 ], [ -104.94667, 39.79456 ] ] ] } },
{ "type": "Feature", "properties": { "predicted": 0.136 }, "geometry": { "type": "Polygon", "coordinates": [ [ [ -104.94083, 39.79456 ], [ -104.93499, 39.79456 ], [ -104.93498, 39.79906 ], [ -104.94082, 39.79906 ], [ -104.94083, 39.79456 ] ] ] } },
{ "type": "Feature", "properties": { "predicted": 0.156 }, "geometry": { "type": "Polygon", "coordinates": [ [ [ -104.90579, 39.79453 ], [ -104.89995, 39.79453 ], [ -104.89994, 39.79904 ], [ -104.90578, 39.79904 ], [ -104.90579, 39.79453 ] ] ] } },
{ "type": "Feature", "properties": { "predicted": 0.145 }, "geometry": { "type": "Polygon", "coordinates": [ [ [ -104.89995, 39.79453 ], [ -104.89411, 39.79452 ], [ -104.8941, 39.79903 ], [ -104.89994, 39.79904 ], [ -104.89995, 39.79453 ] ] ] } },
{ "type": "Feature", "properties": { "predicted": 0.107 }, "geometry": { "type": "Polygon", "coordinates": [ [ [ -104.89411, 39.79452 ], [ -104.88827, 39.79452 ], [ -104.88826, 39.79902 ], [ -104.8941, 39.79903 ], [ -104.89411, 39.79452 ] ] ] } },
{ "type": "Feature", "properties": { "predicted": 0.086 }, "geometry": { "type": "Polygon", "coordinates": [ [ [ -104.88827, 39.79452 ], [ -104.88243, 39.79451 ], [ -104.88242, 39.79902 ], [ -104.88826, 39.79902 ], [ -104.88827, 39.79452 ] ] ] } },
{ "type": "Feature", "properties": { "predicted": 0.059 }, "geometry": { "type": "Polygon", "coordinates": [ [ [ -104.88243, 39.79451 ], [ -104.87659, 39.79451 ], [ -104.87658, 39.79901 ], [ -104.88242, 39.79902 ], [ -104.88243, 39.79451 ] ] ] } },
{ "type": "Feature", "properties": { "predicted": 0.036 }, "geometry": { "type": "Polygon", "coordinates": [ [ [ -104.87659, 39.79451 ], [ -104.87075, 39.7945 ], [ -104.87074, 39.79901 ], [ -104.87658, 39.79901 ], [ -104.87659, 39.79451 ] ] ] } },
{ "type": "Feature", "properties": { "predicted": 0.022 }, "geometry": { "type": "Polygon", "coordinates": [ [ [ -104.87075, 39.7945 ], [ -104.86491, 39.79449 ], [ -104.8649, 39.799 ], [ -104.87074, 39.79901 ], [ -104.87075, 39.7945 ] ] ] } },
{ "type": "Feature", "properties": { "predicted": 0.014 }, "geometry": { "type": "Polygon", "coordinates": [ [ [ -104.86491, 39.79449 ], [ -104.85907, 39.79449 ], [ -104.85906, 39.79899 ], [ -104.8649, 39.799 ], [ -104.86491, 39.79449 ] ] ] } },
{ "type": "Feature", "properties": { "predicted": 0.012 }, "geometry": { "type": "Polygon", "coordinates": [ [ [ -104.85907, 39.79449 ], [ -104.85323, 39.79448 ], [ -104.85322, 39.79899 ], [ -104.85906, 39.79899 ], [ -104.85907, 39.79449 ] ] ] } },
{ "type": "Feature", "properties": { "predicted": 0.01 }, "geometry": { "type": "Polygon", "coordinates": [ [ [ -104.85323, 39.79448 ], [ -104.84739, 39.79447 ], [ -104.84738, 39.79898 ], [ -104.85322, 39.79899 ], [ -104.85323, 39.79448 ] ] ] } },
{ "type": "Feature", "properties": { "predicted": 0.009 }, "geometry": { "type": "Polygon", "coordinates": [ [ [ -104.84739, 39.79447 ], [ -104.84155, 39.79447 ], [ -104.84154, 39.79897 ], [ -104.84738, 39.79898 ], [ -104.84739, 39.79447 ] ] ] } },
{ "type": "Feature", "properties": { "predicted": 0.007 }, "geometry": { "type": "Polygon", "coordinates": [ [ [ -104.84155, 39.79447 ], [ -104.83571, 39.79446 ], [ -104.83569, 39.79896 ], [ -104.84154, 39.79897 ], [ -104.84155, 39.79447 ] ] ] } },
{ "type": "Feature", "properties": { "predicted": 0.006 }, "geometry": { "type": "Polygon", "coordinates": [ [ [ -104.83571, 39.79446 ], [ -104.82987, 39.79445 ], [ -104.82985, 39.79895 ], [ -104.83569, 39.79896 ], [ -104.83571, 39.79446 ] ] ] } },
{ "type": "Feature", "properties": { "predicted": 0.004 }, "geometry": { "type": "Polygon", "coordinates": [ [ [ -104.82987, 39.79445 ], [ -104.82403, 39.79444 ], [ -104.82401, 39.79894 ], [ -104.82985, 39.79895 ], [ -104.82987, 39.79445 ] ] ] } },
{ "type": "Feature", "properties": { "predicted": 0.003 }, "geometry": { "type": "Polygon", "coordinates": [ [ [ -104.82403, 39.79444 ], [ -104.81819, 39.79443 ], [ -104.81817, 39.79894 ], [ -104.82401, 39.79894 ], [ -104.82403, 39.79444 ] ] ] } },
{ "type": "Feature", "properties": { "predicted": 0.002 }, "geometry": { "type": "Polygon", "coordinates": [ [ [ -104.81819, 39.79443 ], [ -104.81235, 39.79442 ], [ -104.81233, 39.79893 ], [ -104.81817, 39.79894 ], [ -104.81819, 39.79443 ] ] ] } },
{ "type": "Feature", "properties": { "predicted": 0.002 }, "geometry": { "type": "Polygon", "coordinates": [ [ [ -104.81235, 39.79442 ], [ -104.80651, 39.79441 ], [ -104.80649, 39.79892 ], [ -104.81233, 39.79893 ], [ -104.81235, 39.79442 ] ] ] } },
{ "type": "Feature", "properties": { "predicted": 0.001 }, "geometry": { "type": "Polygon", "coordinates": [ [ [ -104.80651, 39.79441 ], [ -104.80067, 39.7944 ], [ -104.80065, 39.79891 ], [ -104.80649, 39.79892 ], [ -104.80651, 39.79441 ] ] ] } },
{ "type": "Feature", "properties": { "predicted": 0.001 }, "geometry": { "type": "Polygon", "coordinates": [ [ [ -104.80067, 39.7944 ], [ -104.79483, 39.79439 ], [ -104.79481, 39.7989 ], [ -104.80065, 39.79891 ], [ -104.80067, 39.7944 ] ] ] } },
{ "type": "Feature", "properties": { "predicted": 0.001 }, "geometry": { "type": "Polygon", "coordinates": [ [ [ -104.79483, 39.79439 ], [ -104.78899, 39.79438 ], [ -104.78897, 39.79889 ], [ -104.79481, 39.7989 ], [ -104.79483, 39.79439 ] ] ] } },
{ "type": "Feature", "properties": { "predicted": 0.0 }, "geometry": { "type": "Polygon", "coordinates": [ [ [ -104.78899, 39.79438 ], [ -104.78315, 39.79437 ], [ -104.78313, 39.79888 ], [ -104.78897, 39.79889 ], [ -104.78899, 39.79438 ] ] ] } },
{ "type": "Feature", "properties": { "predicted": 0.0 }, "geometry": { "type": "Polygon", "coordinates": [ [ [ -104.78315, 39.79437 ], [ -104.77731, 39.79436 ], [ -104.77729, 39.79886 ], [ -104.78313, 39.79888 ], [ -104.78315, 39.79437 ] ] ] } },
{ "type": "Feature", "properties": { "predicted": 0.0 }, "geometry": { "type": "Polygon", "coordinates": [ [ [ -104.77731, 39.79436 ], [ -104.77147, 39.79435 ], [ -104.77145, 39.79885 ], [ -104.77729, 39.79886 ], [ -104.77731, 39.79436 ] ] ] } },
{ "type": "Feature", "properties": { "predicted": 0.0 }, "geometry": { "type": "Polygon", "coordinates": [ [ [ -104.77147, 39.79435 ], [ -104.76563, 39.79434 ], [ -104.76561, 39.79884 ], [ -104.77145, 39.79885 ], [ -104.77147, 39.79435 ] ] ] } },
{ "type": "Feature", "properties": { "predicted": 0.0 }, "geometry": { "type": "Polygon", "coordinates": [ [ [ -104.76563, 39.79434 ], [ -104.75979, 39.79432 ], [ -104.75977, 39.79883 ], [ -104.76561, 39.79884 ], [ -104.76563, 39.79434 ] ] ] } },
{ "type": "Feature", "properties": { "predicted": 0.0 }, "geometry": { "type": "Polygon", "coordinates": [ [ [ -104.75979, 39.79432 ], [ -104.75394, 39.79431 ], [ -104.75393, 39.79882 ], [ -104.75977, 39.79883 ], [ -104.75979, 39.79432 ] ] ] } },
{ "type": "Feature", "properties": { "predicted": 0.0 }, "geometry": { "type": "Polygon", "coordinates": [ [ [ -104.75394, 39.79431 ], [ -104.7481, 39.7943 ], [ -104.74809, 39.7988 ], [ -104.75393, 39.79882 ], [ -104.75394, 39.79431 ] ] ] } },
{ "type": "Feature", "properties": { "predicted": 0.0 }, "geometry": { "type": "Polygon", "coordinates": [ [ [ -104.7481, 39.7943 ], [ -104.74226, 39.79429 ], [ -104.74225, 39.79879 ], [ -104.74809, 39.7988 ], [ -104.7481, 39.7943 ] ] ] } },
{ "type": "Feature", "properties": { "predicted": 0.0 }, "geometry": { "type": "Polygon", "coordinates": [ [ [ -104.74226, 39.79429 ], [ -104.73642, 39.79427 ], [ -104.73641, 39.79878 ], [ -104.74225, 39.79879 ], [ -104.74226, 39.79429 ] ] ] } },
{ "type": "Feature", "properties": { "predicted": 0.0 }, "geometry": { "type": "Polygon", "coordinates": [ [ [ -104.73642, 39.79427 ], [ -104.73058, 39.79426 ], [ -104.73057, 39.79877 ], [ -104.73641, 39.79878 ], [ -104.73642, 39.79427 ] ] ] } },
{ "type": "Feature", "properties": { "predicted": 0.128 }, "geometry": { "type": "Polygon", "coordinates": [ [ [ -104.90578, 39.79904 ], [ -104.89994, 39.79904 ], [ -104.89993, 39.80354 ], [ -104.90577, 39.80355 ], [ -104.90578, 39.79904 ] ] ] } },
{ "type": "Feature", "properties": { "predicted": 0.107 }, "geometry": { "type": "Polygon", "coordinates": [ [ [ -104.89994, 39.79904 ], [ -104.8941, 39.79903 ], [ -104.89409, 39.80354 ], [ -104.89993, 39.80354 ], [ -104.89994, 39.79904 ] ] ] } },
{ "type": "Feature", "properties": { "predicted": 0.065 }, "geometry": { "type": "Polygon", "coordinates": [ [ [ -104.88826, 39.79902 ], [ -104.88242, 39.79902 ], [ -104.88241, 39.80352 ], [ -104.88825, 39.80353 ], [ -104.88826, 39.79902 ] ] ] } },
{ "type": "Feature", "properties": { "predicted": 0.053 }, "geometry": { "type": "Polygon", "coordinates": [ [ [ -104.88242, 39.79902 ], [ -104.87658, 39.79901 ], [ -104.87657, 39.80352 ], [ -104.88241, 39.80352 ], [ -104.88242, 39.79902 ] ] ] } },
{ "type": "Feature", "properties": { "predicted": 0.037 }, "geometry": { "type": "Polygon", "coordinates": [ [ [ -104.87658, 39.79901 ], [ -104.87074, 39.79901 ], [ -104.87073, 39.80351 ], [ -104.87657, 39.80352 ], [ -104.87658, 39.79901 ] ] ] } },
{ "type": "Feature", "properties": { "predicted": 0.023 }, "geometry": { "type": "Polygon", "coordinates": [ [ [ -104.87074, 39.79901 ], [ -104.8649, 39.799 ], [ -104.86489, 39.8035 ], [ -104.87073, 39.80351 ], [ -104.87074, 39.79901 ] ] ] } },
{ "type": "Feature", "properties": { "predicted": 0.001 }, "geometry": { "type": "Polygon", "coordinates": [ [ [ -104.79481, 39.7989 ], [ -104.78897, 39.79889 ], [ -104.78896, 39.80339 ], [ -104.7948, 39.8034 ], [ -104.79481, 39.7989 ] ] ] } },
{ "type": "Feature", "properties": { "predicted": 0.001 }, "geometry": { "type": "Polygon", "coordinates": [ [ [ -104.78897, 39.79889 ], [ -104.78313, 39.79888 ], [ -104.78312, 39.80338 ], [ -104.78896, 39.80339 ], [ -104.78897, 39.79889 ] ] ] } },
{ "type": "Feature", "properties": { "predicted": 0.0 }, "geometry": { "type": "Polygon", "coordinates": [ [ [ -104.78313, 39.79888 ], [ -104.77729, 39.79886 ], [ -104.77728, 39.80337 ], [ -104.78312, 39.80338 ], [ -104.78313, 39.79888 ] ] ] } },
{ "type": "Feature", "properties": { "predicted": 0.0 }, "geometry": { "type": "Polygon", "coordinates": [ [ [ -104.77729, 39.79886 ], [ -104.77145, 39.79885 ], [ -104.77144, 39.80336 ], [ -104.77728, 39.80337 ], [ -104.77729, 39.79886 ] ] ] } },
{ "type": "Feature", "properties": { "predicted": 0.0 }, "geometry": { "type": "Polygon", "coordinates": [ [ [ -104.77145, 39.79885 ], [ -104.76561, 39.79884 ], [ -104.76559, 39.80335 ], [ -104.77144, 39.80336 ], [ -104.77145, 39.79885 ] ] ] } },
{ "type": "Feature", "properties": { "predicted": 0.0 }, "geometry": { "type": "Polygon", "coordinates": [ [ [ -104.76561, 39.79884 ], [ -104.75977, 39.79883 ], [ -104.75975, 39.80333 ], [ -104.76559, 39.80335 ], [ -104.76561, 39.79884 ] ] ] } },
{ "type": "Feature", "properties": { "predicted": 0.055 }, "geometry": { "type": "Polygon", "coordinates": [ [ [ -104.88825, 39.80353 ], [ -104.88241, 39.80352 ], [ -104.8824, 39.80803 ], [ -104.88824, 39.80803 ], [ -104.88825, 39.80353 ] ] ] } },
{ "type": "Feature", "properties": { "predicted": 0.043 }, "geometry": { "type": "Polygon", "coordinates": [ [ [ -104.88241, 39.80352 ], [ -104.87657, 39.80352 ], [ -104.87656, 39.80802 ], [ -104.8824, 39.80803 ], [ -104.88241, 39.80352 ] ] ] } },
{ "type": "Feature", "properties": { "predicted": 0.044 }, "geometry": { "type": "Polygon", "coordinates": [ [ [ -104.87657, 39.80352 ], [ -104.87073, 39.80351 ], [ -104.87072, 39.80802 ], [ -104.87656, 39.80802 ], [ -104.87657, 39.80352 ] ] ] } },
{ "type": "Feature", "properties": { "predicted": 0.023 }, "geometry": { "type": "Polygon", "coordinates": [ [ [ -104.87073, 39.80351 ], [ -104.86489, 39.8035 ], [ -104.86488, 39.80801 ], [ -104.87072, 39.80802 ], [ -104.87073, 39.80351 ] ] ] } },
{ "type": "Feature", "properties": { "predicted": 0.001 }, "geometry": { "type": "Polygon", "coordinates": [ [ [ -104.7948, 39.8034 ], [ -104.78896, 39.80339 ], [ -104.78894, 39.8079 ], [ -104.79479, 39.80791 ], [ -104.7948, 39.8034 ] ] ] } },
{ "type": "Feature", "properties": { "predicted": 0.0 }, "geometry": { "type": "Polygon", "coordinates": [ [ [ -104.78896, 39.80339 ], [ -104.78312, 39.80338 ], [ -104.7831, 39.80789 ], [ -104.78894, 39.8079 ], [ -104.78896, 39.80339 ] ] ] } },
{ "type": "Feature", "properties": { "predicted": 0.0 }, "geometry": { "type": "Polygon", "coordinates": [ [ [ -104.78312, 39.80338 ], [ -104.77728, 39.80337 ], [ -104.77726, 39.80787 ], [ -104.7831, 39.80789 ], [ -104.78312, 39.80338 ] ] ] } },
{ "type": "Feature", "properties": { "predicted": 0.0 }, "geometry": { "type": "Polygon", "coordinates": [ [ [ -104.77728, 39.80337 ], [ -104.77144, 39.80336 ], [ -104.77142, 39.80786 ], [ -104.77726, 39.80787 ], [ -104.77728, 39.80337 ] ] ] } },
{ "type": "Feature", "properties": { "predicted": 0.0 }, "geometry": { "type": "Polygon", "coordinates": [ [ [ -104.77144, 39.80336 ], [ -104.76559, 39.80335 ], [ -104.76558, 39.80785 ], [ -104.77142, 39.80786 ], [ -104.77144, 39.80336 ] ] ] } },
{ "type": "Feature", "properties": { "predicted": 0.0 }, "geometry": { "type": "Polygon", "coordinates": [ [ [ -104.76559, 39.80335 ], [ -104.75975, 39.80333 ], [ -104.75974, 39.80784 ], [ -104.76558, 39.80785 ], [ -104.76559, 39.80335 ] ] ] } },
{ "type": "Feature", "properties": { "predicted": 0.056 }, "geometry": { "type": "Polygon", "coordinates": [ [ [ -104.88824, 39.80803 ], [ -104.8824, 39.80803 ], [ -104.8824, 39.81253 ], [ -104.88824, 39.81254 ], [ -104.88824, 39.80803 ] ] ] } },
{ "type": "Feature", "properties": { "predicted": 0.037 }, "geometry": { "type": "Polygon", "coordinates": [ [ [ -104.8824, 39.80803 ], [ -104.87656, 39.80802 ], [ -104.87655, 39.81253 ], [ -104.8824, 39.81253 ], [ -104.8824, 39.80803 ] ] ] } },
{ "type": "Feature", "properties": { "predicted": 0.065 }, "geometry": { "type": "Polygon", "coordinates": [ [ [ -104.87656, 39.80802 ], [ -104.87072, 39.80802 ], [ -104.87071, 39.81252 ], [ -104.87655, 39.81253 ], [ -104.87656, 39.80802 ] ] ] } },
{ "type": "Feature", "properties": { "predicted": 0.021 }, "geometry": { "type": "Polygon", "coordinates": [ [ [ -104.87072, 39.80802 ], [ -104.86488, 39.80801 ], [ -104.86487, 39.81251 ], [ -104.87071, 39.81252 ], [ -104.87072, 39.80802 ] ] ] } },
{ "type": "Feature", "properties": { "predicted": 0.0 }, "geometry": { "type": "Polygon", "coordinates": [ [ [ -104.79479, 39.80791 ], [ -104.78894, 39.8079 ], [ -104.78893, 39.8124 ], [ -104.79477, 39.81241 ], [ -104.79479, 39.80791 ] ] ] } },
{ "type": "Feature", "properties": { "predicted": 0.0 }, "geometry": { "type": "Polygon", "coordinates": [ [ [ -104.78894, 39.8079 ], [ -104.7831, 39.80789 ], [ -104.78309, 39.81239 ], [ -104.78893, 39.8124 ], [ -104.78894, 39.8079 ] ] ] } },
{ "type": "Feature", "properties": { "predicted": 0.0 }, "geometry": { "type": "Polygon", "coordinates": [ [ [ -104.7831, 39.80789 ], [ -104.77726, 39.80787 ], [ -104.77725, 39.81238 ], [ -104.78309, 39.81239 ], [ -104.7831, 39.80789 ] ] ] } },
{ "type": "Feature", "properties": { "predicted": 0.0 }, "geometry": { "type": "Polygon", "coordinates": [ [ [ -104.77726, 39.80787 ], [ -104.77142, 39.80786 ], [ -104.77141, 39.81237 ], [ -104.77725, 39.81238 ], [ -104.77726, 39.80787 ] ] ] } },
{ "type": "Feature", "properties": { "predicted": 0.0 }, "geometry": { "type": "Polygon", "coordinates": [ [ [ -104.77142, 39.80786 ], [ -104.76558, 39.80785 ], [ -104.76556, 39.81236 ], [ -104.77141, 39.81237 ], [ -104.77142, 39.80786 ] ] ] } },
{ "type": "Feature", "properties": { "predicted": 0.0 }, "geometry": { "type": "Polygon", "coordinates": [ [ [ -104.76558, 39.80785 ], [ -104.75974, 39.80784 ], [ -104.75972, 39.81234 ], [ -104.76556, 39.81236 ], [ -104.76558, 39.80785 ] ] ] } },
{ "type": "Feature", "properties": { "predicted": 0.035 }, "geometry": { "type": "Polygon", "coordinates": [ [ [ -104.88824, 39.81254 ], [ -104.8824, 39.81253 ], [ -104.88239, 39.81704 ], [ -104.88823, 39.81704 ], [ -104.88824, 39.81254 ] ] ] } },
{ "type": "Feature", "properties": { "predicted": 0.03 }, "geometry": { "type": "Polygon", "coordinates": [ [ [ -104.8824, 39.81253 ], [ -104.87655, 39.81253 ], [ -104.87655, 39.81703 ], [ -104.88239, 39.81704 ], [ -104.8824, 39.81253 ] ] ] } },
{ "type": "Feature", "properties": { "predicted": 0.024 }, "geometry": { "type": "Polygon", "coordinates": [ [ [ -104.87655, 39.81253 ], [ -104.87071, 39.81252 ], [ -104.8707, 39.81703 ], [ -104.87655, 39.81703 ], [ -104.87655, 39.81253 ] ] ] } },
{ "type": "Feature", "properties": { "predicted": 0.019 }, "geometry": { "type": "Polygon", "coordinates": [ [ [ -104.87071, 39.81252 ], [ -104.86487, 39.81251 ], [ -104.86486, 39.81702 ], [ -104.8707, 39.81703 ], [ -104.87071, 39.81252 ] ] ] } },
{ "type": "Feature", "properties": { "predicted": 0.0 }, "geometry": { "type": "Polygon", "coordinates": [ [ [ -104.79477, 39.81241 ], [ -104.78893, 39.8124 ], [ -104.78892, 39.81691 ], [ -104.79476, 39.81692 ], [ -104.79477, 39.81241 ] ] ] } },
{ "type": "Feature", "properties": { "predicted": 0.0 }, "geometry": { "type": "Polygon", "coordinates": [ [ [ -104.78893, 39.8124 ], [ -104.78309, 39.81239 ], [ -104.78307, 39.8169 ], [ -104.78892, 39.81691 ], [ -104.78893, 39.8124 ] ] ] } },
{ "type": "Feature", "properties": { "predicted": 0.0 }, "geometry": { "type": "Polygon", "coordinates": [ [ [ -104.78309, 39.81239 ], [ -104.77725, 39.81238 ], [ -104.77723, 39.81688 ], [ -104.78307, 39.8169 ], [ -104.78309, 39.81239 ] ] ] } },
{ "type": "Feature", "properties": { "predicted": 0.0 }, "geometry": { "type": "Polygon", "coordinates": [ [ [ -104.77725, 39.81238 ], [ -104.77141, 39.81237 ], [ -104.77139, 39.81687 ], [ -104.77723, 39.81688 ], [ -104.77725, 39.81238 ] ] ] } },
{ "type": "Feature", "properties": { "predicted": 0.0 }, "geometry": { "type": "Polygon", "coordinates": [ [ [ -104.77141, 39.81237 ], [ -104.76556, 39.81236 ], [ -104.76555, 39.81686 ], [ -104.77139, 39.81687 ], [ -104.77141, 39.81237 ] ] ] } },
{ "type": "Feature", "properties": { "predicted": 0.0 }, "geometry": { "type": "Polygon", "coordinates": [ [ [ -104.76556, 39.81236 ], [ -104.75972, 39.81234 ], [ -104.75971, 39.81685 ], [ -104.76555, 39.81686 ], [ -104.76556, 39.81236 ] ] ] } },
{ "type": "Feature", "properties": { "predicted": 0.0 }, "geometry": { "type": "Polygon", "coordinates": [ [ [ -104.66626, 39.81211 ], [ -104.66042, 39.8121 ], [ -104.66039, 39.8166 ], [ -104.66624, 39.81662 ], [ -104.66626, 39.81211 ] ] ] } },
{ "type": "Feature", "properties": { "predicted": 0.0 }, "geometry": { "type": "Polygon", "coordinates": [ [ [ -104.66042, 39.8121 ], [ -104.65457, 39.81208 ], [ -104.65455, 39.81658 ], [ -104.66039, 39.8166 ], [ -104.66042, 39.8121 ] ] ] } },
{ "type": "Feature", "properties": { "predicted": 0.0 }, "geometry": { "type": "Polygon", "coordinates": [ [ [ -104.79476, 39.81692 ], [ -104.78892, 39.81691 ], [ -104.7889, 39.82141 ], [ -104.79474, 39.82142 ], [ -104.79476, 39.81692 ] ] ] } },
{ "type": "Feature", "properties": { "predicted": 0.0 }, "geometry": { "type": "Polygon", "coordinates": [ [ [ -104.78892, 39.81691 ], [ -104.78307, 39.8169 ], [ -104.78306, 39.8214 ], [ -104.7889, 39.82141 ], [ -104.78892, 39.81691 ] ] ] } },
{ "type": "Feature", "properties": { "predicted": 0.0 }, "geometry": { "type": "Polygon", "coordinates": [ [ [ -104.78307, 39.8169 ], [ -104.77723, 39.81688 ], [ -104.77722, 39.82139 ], [ -104.78306, 39.8214 ], [ -104.78307, 39.8169 ] ] ] } },
{ "type": "Feature", "properties": { "predicted": 0.0 }, "geometry": { "type": "Polygon", "coordinates": [ [ [ -104.77723, 39.81688 ], [ -104.77139, 39.81687 ], [ -104.77138, 39.82138 ], [ -104.77722, 39.82139 ], [ -104.77723, 39.81688 ] ] ] } },
{ "type": "Feature", "properties": { "predicted": 0.0 }, "geometry": { "type": "Polygon", "coordinates": [ [ [ -104.77139, 39.81687 ], [ -104.76555, 39.81686 ], [ -104.76553, 39.82137 ], [ -104.77138, 39.82138 ], [ -104.77139, 39.81687 ] ] ] } },
{ "type": "Feature", "properties": { "predicted": 0.0 }, "geometry": { "type": "Polygon", "coordinates": [ [ [ -104.76555, 39.81686 ], [ -104.75971, 39.81685 ], [ -104.75969, 39.82135 ], [ -104.76553, 39.82137 ], [ -104.76555, 39.81686 ] ] ] } },
{ "type": "Feature", "properties": { "predicted": 0.0 }, "geometry": { "type": "Polygon", "coordinates": [ [ [ -104.66624, 39.81662 ], [ -104.66039, 39.8166 ], [ -104.66037, 39.82111 ], [ -104.66621, 39.82112 ], [ -104.66624, 39.81662 ] ] ] } },
{ "type": "Feature", "properties": { "predicted": 0.0 }, "geometry": { "type": "Polygon", "coordinates": [ [ [ -104.66039, 39.8166 ], [ -104.65455, 39.81658 ], [ -104.65453, 39.82109 ], [ -104.66037, 39.82111 ], [ -104.66039, 39.8166 ] ] ] } },
{ "type": "Feature", "properties": { "predicted": 0.0 }, "geometry": { "type": "Polygon", "coordinates": [ [ [ -104.79474, 39.82142 ], [ -104.7889, 39.82141 ], [ -104.78889, 39.82592 ], [ -104.79473, 39.82593 ], [ -104.79474, 39.82142 ] ] ] } },
{ "type": "Feature", "properties": { "predicted": 0.0 }, "geometry": { "type": "Polygon", "coordinates": [ [ [ -104.7889, 39.82141 ], [ -104.78306, 39.8214 ], [ -104.78305, 39.82591 ], [ -104.78889, 39.82592 ], [ -104.7889, 39.82141 ] ] ] } },
{ "type": "Feature", "properties": { "predicted": 0.0 }, "geometry": { "type": "Polygon", "coordinates": [ [ [ -104.78306, 39.8214 ], [ -104.77722, 39.82139 ], [ -104.7772, 39.82589 ], [ -104.78305, 39.82591 ], [ -104.78306, 39.8214 ] ] ] } },
{ "type": "Feature", "properties": { "predicted": 0.0 }, "geometry": { "type": "Polygon", "coordinates": [ [ [ -104.77722, 39.82139 ], [ -104.77138, 39.82138 ], [ -104.77136, 39.82588 ], [ -104.7772, 39.82589 ], [ -104.77722, 39.82139 ] ] ] } },
{ "type": "Feature", "properties": { "predicted": 0.0 }, "geometry": { "type": "Polygon", "coordinates": [ [ [ -104.77138, 39.82138 ], [ -104.76553, 39.82137 ], [ -104.76552, 39.82587 ], [ -104.77136, 39.82588 ], [ -104.77138, 39.82138 ] ] ] } },
{ "type": "Feature", "properties": { "predicted": 0.0 }, "geometry": { "type": "Polygon", "coordinates": [ [ [ -104.76553, 39.82137 ], [ -104.75969, 39.82135 ], [ -104.75968, 39.82586 ], [ -104.76552, 39.82587 ], [ -104.76553, 39.82137 ] ] ] } },
{ "type": "Feature", "properties": { "predicted": 0.0 }, "geometry": { "type": "Polygon", "coordinates": [ [ [ -104.75969, 39.82135 ], [ -104.75385, 39.82134 ], [ -104.75383, 39.82585 ], [ -104.75968, 39.82586 ], [ -104.75969, 39.82135 ] ] ] } },
{ "type": "Feature", "properties": { "predicted": 0.0 }, "geometry": { "type": "Polygon", "coordinates": [ [ [ -104.75385, 39.82134 ], [ -104.74801, 39.82133 ], [ -104.74799, 39.82583 ], [ -104.75383, 39.82585 ], [ -104.75385, 39.82134 ] ] ] } },
{ "type": "Feature", "properties": { "predicted": 0.0 }, "geometry": { "type": "Polygon", "coordinates": [ [ [ -104.74801, 39.82133 ], [ -104.74216, 39.82132 ], [ -104.74215, 39.82582 ], [ -104.74799, 39.82583 ], [ -104.74801, 39.82133 ] ] ] } },
{ "type": "Feature", "properties": { "predicted": 0.0 }, "geometry": { "type": "Polygon", "coordinates": [ [ [ -104.74216, 39.82132 ], [ -104.73632, 39.8213 ], [ -104.7363, 39.82581 ], [ -104.74215, 39.82582 ], [ -104.74216, 39.82132 ] ] ] } },
{ "type": "Feature", "properties": { "predicted": 0.0 }, "geometry": { "type": "Polygon", "coordinates": [ [ [ -104.73632, 39.8213 ], [ -104.73048, 39.82129 ], [ -104.73046, 39.8258 ], [ -104.7363, 39.82581 ], [ -104.73632, 39.8213 ] ] ] } },
{ "type": "Feature", "properties": { "predicted": 0.0 }, "geometry": { "type": "Polygon", "coordinates": [ [ [ -104.73048, 39.82129 ], [ -104.72464, 39.82128 ], [ -104.72462, 39.82578 ], [ -104.73046, 39.8258 ], [ -104.73048, 39.82129 ] ] ] } },
{ "type": "Feature", "properties": { "predicted": 0.0 }, "geometry": { "type": "Polygon", "coordinates": [ [ [ -104.72464, 39.82128 ], [ -104.71879, 39.82126 ], [ -104.71878, 39.82577 ], [ -104.72462, 39.82578 ], [ -104.72464, 39.82128 ] ] ] } },
{ "type": "Feature", "properties": { "predicted": 0.0 }, "geometry": { "type": "Polygon", "coordinates": [ [ [ -104.71879, 39.82126 ], [ -104.71295, 39.82125 ], [ -104.71293, 39.82575 ], [ -104.71878, 39.82577 ], [ -104.71879, 39.82126 ] ] ] } },
{ "type": "Feature", "properties": { "predicted": 0.0 }, "geometry": { "type": "Polygon", "coordinates": [ [ [ -104.71295, 39.82125 ], [ -104.70711, 39.82123 ], [ -104.70709, 39.82574 ], [ -104.71293, 39.82575 ], [ -104.71295, 39.82125 ] ] ] } },
{ "type": "Feature", "properties": { "predicted": 0.0 }, "geometry": { "type": "Polygon", "coordinates": [ [ [ -104.70711, 39.82123 ], [ -104.70127, 39.82122 ], [ -104.70125, 39.82572 ], [ -104.70709, 39.82574 ], [ -104.70711, 39.82123 ] ] ] } },
{ "type": "Feature", "properties": { "predicted": 0.0 }, "geometry": { "type": "Polygon", "coordinates": [ [ [ -104.70127, 39.82122 ], [ -104.69543, 39.8212 ], [ -104.69541, 39.82571 ], [ -104.70125, 39.82572 ], [ -104.70127, 39.82122 ] ] ] } },
{ "type": "Feature", "properties": { "predicted": 0.0 }, "geometry": { "type": "Polygon", "coordinates": [ [ [ -104.69543, 39.8212 ], [ -104.68958, 39.82119 ], [ -104.68956, 39.82569 ], [ -104.69541, 39.82571 ], [ -104.69543, 39.8212 ] ] ] } },
{ "type": "Feature", "properties": { "predicted": 0.0 }, "geometry": { "type": "Polygon", "coordinates": [ [ [ -104.68958, 39.82119 ], [ -104.68374, 39.82117 ], [ -104.68372, 39.82568 ], [ -104.68956, 39.82569 ], [ -104.68958, 39.82119 ] ] ] } },
{ "type": "Feature", "properties": { "predicted": 0.0 }, "geometry": { "type": "Polygon", "coordinates": [ [ [ -104.68374, 39.82117 ], [ -104.6779, 39.82116 ], [ -104.67788, 39.82566 ], [ -104.68372, 39.82568 ], [ -104.68374, 39.82117 ] ] ] } },
{ "type": "Feature", "properties": { "predicted": 0.0 }, "geometry": { "type": "Polygon", "coordinates": [ [ [ -104.6779, 39.82116 ], [ -104.67206, 39.82114 ], [ -104.67204, 39.82565 ], [ -104.67788, 39.82566 ], [ -104.6779, 39.82116 ] ] ] } },
{ "type": "Feature", "properties": { "predicted": 0.0 }, "geometry": { "type": "Polygon", "coordinates": [ [ [ -104.67206, 39.82114 ], [ -104.66621, 39.82112 ], [ -104.66619, 39.82563 ], [ -104.67204, 39.82565 ], [ -104.67206, 39.82114 ] ] ] } },
{ "type": "Feature", "properties": { "predicted": 0.0 }, "geometry": { "type": "Polygon", "coordinates": [ [ [ -104.66621, 39.82112 ], [ -104.66037, 39.82111 ], [ -104.66035, 39.82561 ], [ -104.66619, 39.82563 ], [ -104.66621, 39.82112 ] ] ] } },
{ "type": "Feature", "properties": { "predicted": 0.0 }, "geometry": { "type": "Polygon", "coordinates": [ [ [ -104.66037, 39.82111 ], [ -104.65453, 39.82109 ], [ -104.65451, 39.82559 ], [ -104.66035, 39.82561 ], [ -104.66037, 39.82111 ] ] ] } },
{ "type": "Feature", "properties": { "predicted": 0.0 }, "geometry": { "type": "Polygon", "coordinates": [ [ [ -104.65453, 39.82109 ], [ -104.64869, 39.82107 ], [ -104.64866, 39.82558 ], [ -104.65451, 39.82559 ], [ -104.65453, 39.82109 ] ] ] } },
{ "type": "Feature", "properties": { "predicted": 0.0 }, "geometry": { "type": "Polygon", "coordinates": [ [ [ -104.64869, 39.82107 ], [ -104.64285, 39.82105 ], [ -104.64282, 39.82556 ], [ -104.64866, 39.82558 ], [ -104.64869, 39.82107 ] ] ] } },
{ "type": "Feature", "properties": { "predicted": 0.0 }, "geometry": { "type": "Polygon", "coordinates": [ [ [ -104.64285, 39.82105 ], [ -104.637, 39.82104 ], [ -104.63698, 39.82554 ], [ -104.64282, 39.82556 ], [ -104.64285, 39.82105 ] ] ] } },
{ "type": "Feature", "properties": { "predicted": 0.0 }, "geometry": { "type": "Polygon", "coordinates": [ [ [ -104.637, 39.82104 ], [ -104.63116, 39.82102 ], [ -104.63114, 39.82552 ], [ -104.63698, 39.82554 ], [ -104.637, 39.82104 ] ] ] } },
{ "type": "Feature", "properties": { "predicted": 0.0 }, "geometry": { "type": "Polygon", "coordinates": [ [ [ -104.63116, 39.82102 ], [ -104.62532, 39.821 ], [ -104.62529, 39.8255 ], [ -104.63114, 39.82552 ], [ -104.63116, 39.82102 ] ] ] } },
{ "type": "Feature", "properties": { "predicted": 0.0 }, "geometry": { "type": "Polygon", "coordinates": [ [ [ -104.62532, 39.821 ], [ -104.61948, 39.82098 ], [ -104.61945, 39.82548 ], [ -104.62529, 39.8255 ], [ -104.62532, 39.821 ] ] ] } },
{ "type": "Feature", "properties": { "predicted": 0.0 }, "geometry": { "type": "Polygon", "coordinates": [ [ [ -104.79473, 39.82593 ], [ -104.78889, 39.82592 ], [ -104.78887, 39.83042 ], [ -104.79472, 39.83043 ], [ -104.79473, 39.82593 ] ] ] } },
{ "type": "Feature", "properties": { "predicted": 0.0 }, "geometry": { "type": "Polygon", "coordinates": [ [ [ -104.78889, 39.82592 ], [ -104.78305, 39.82591 ], [ -104.78303, 39.83041 ], [ -104.78887, 39.83042 ], [ -104.78889, 39.82592 ] ] ] } },
{ "type": "Feature", "properties": { "predicted": 0.0 }, "geometry": { "type": "Polygon", "coordinates": [ [ [ -104.78305, 39.82591 ], [ -104.7772, 39.82589 ], [ -104.77719, 39.8304 ], [ -104.78303, 39.83041 ], [ -104.78305, 39.82591 ] ] ] } },
{ "type": "Feature", "properties": { "predicted": 0.0 }, "geometry": { "type": "Polygon", "coordinates": [ [ [ -104.7772, 39.82589 ], [ -104.77136, 39.82588 ], [ -104.77135, 39.83039 ], [ -104.77719, 39.8304 ], [ -104.7772, 39.82589 ] ] ] } },
{ "type": "Feature", "properties": { "predicted": 0.0 }, "geometry": { "type": "Polygon", "coordinates": [ [ [ -104.77136, 39.82588 ], [ -104.76552, 39.82587 ], [ -104.7655, 39.83038 ], [ -104.77135, 39.83039 ], [ -104.77136, 39.82588 ] ] ] } },
{ "type": "Feature", "properties": { "predicted": 0.0 }, "geometry": { "type": "Polygon", "coordinates": [ [ [ -104.76552, 39.82587 ], [ -104.75968, 39.82586 ], [ -104.75966, 39.83036 ], [ -104.7655, 39.83038 ], [ -104.76552, 39.82587 ] ] ] } },
{ "type": "Feature", "properties": { "predicted": 0.0 }, "geometry": { "type": "Polygon", "coordinates": [ [ [ -104.75968, 39.82586 ], [ -104.75383, 39.82585 ], [ -104.75382, 39.83035 ], [ -104.75966, 39.83036 ], [ -104.75968, 39.82586 ] ] ] } },
{ "type": "Feature", "properties": { "predicted": 0.0 }, "geometry": { "type": "Polygon", "coordinates": [ [ [ -104.75383, 39.82585 ], [ -104.74799, 39.82583 ], [ -104.74797, 39.83034 ], [ -104.75382, 39.83035 ], [ -104.75383, 39.82585 ] ] ] } },
{ "type": "Feature", "properties": { "predicted": 0.0 }, "geometry": { "type": "Polygon", "coordinates": [ [ [ -104.74799, 39.82583 ], [ -104.74215, 39.82582 ], [ -104.74213, 39.83033 ], [ -104.74797, 39.83034 ], [ -104.74799, 39.82583 ] ] ] } },
{ "type": "Feature", "properties": { "predicted": 0.0 }, "geometry": { "type": "Polygon", "coordinates": [ [ [ -104.74215, 39.82582 ], [ -104.7363, 39.82581 ], [ -104.73629, 39.83031 ], [ -104.74213, 39.83033 ], [ -104.74215, 39.82582 ] ] ] } },
{ "type": "Feature", "properties": { "predicted": 0.0 }, "geometry": { "type": "Polygon", "coordinates": [ [ [ -104.7363, 39.82581 ], [ -104.73046, 39.8258 ], [ -104.73044, 39.8303 ], [ -104.73629, 39.83031 ], [ -104.7363, 39.82581 ] ] ] } },
{ "type": "Feature", "properties": { "predicted": 0.0 }, "geometry": { "type": "Polygon", "coordinates": [ [ [ -104.73046, 39.8258 ], [ -104.72462, 39.82578 ], [ -104.7246, 39.83029 ], [ -104.73044, 39.8303 ], [ -104.73046, 39.8258 ] ] ] } },
{ "type": "Feature", "properties": { "predicted": 0.0 }, "geometry": { "type": "Polygon", "coordinates": [ [ [ -104.72462, 39.82578 ], [ -104.71878, 39.82577 ], [ -104.71876, 39.83027 ], [ -104.7246, 39.83029 ], [ -104.72462, 39.82578 ] ] ] } },
{ "type": "Feature", "properties": { "predicted": 0.0 }, "geometry": { "type": "Polygon", "coordinates": [ [ [ -104.71878, 39.82577 ], [ -104.71293, 39.82575 ], [ -104.71292, 39.83026 ], [ -104.71876, 39.83027 ], [ -104.71878, 39.82577 ] ] ] } },
{ "type": "Feature", "properties": { "predicted": 0.0 }, "geometry": { "type": "Polygon", "coordinates": [ [ [ -104.71293, 39.82575 ], [ -104.70709, 39.82574 ], [ -104.70707, 39.83024 ], [ -104.71292, 39.83026 ], [ -104.71293, 39.82575 ] ] ] } },
{ "type": "Feature", "properties": { "predicted": 0.0 }, "geometry": { "type": "Polygon", "coordinates": [ [ [ -104.70709, 39.82574 ], [ -104.70125, 39.82572 ], [ -104.70123, 39.83023 ], [ -104.70707, 39.83024 ], [ -104.70709, 39.82574 ] ] ] } },
{ "type": "Feature", "properties": { "predicted": 0.0 }, "geometry": { "type": "Polygon", "coordinates": [ [ [ -104.70125, 39.82572 ], [ -104.69541, 39.82571 ], [ -104.69539, 39.83021 ], [ -104.70123, 39.83023 ], [ -104.70125, 39.82572 ] ] ] } },
{ "type": "Feature", "properties": { "predicted": 0.0 }, "geometry": { "type": "Polygon", "coordinates": [ [ [ -104.69541, 39.82571 ], [ -104.68956, 39.82569 ], [ -104.68954, 39.8302 ], [ -104.69539, 39.83021 ], [ -104.69541, 39.82571 ] ] ] } },
{ "type": "Feature", "properties": { "predicted": 0.0 }, "geometry": { "type": "Polygon", "coordinates": [ [ [ -104.68956, 39.82569 ], [ -104.68372, 39.82568 ], [ -104.6837, 39.83018 ], [ -104.68954, 39.8302 ], [ -104.68956, 39.82569 ] ] ] } },
{ "type": "Feature", "properties": { "predicted": 0.0 }, "geometry": { "type": "Polygon", "coordinates": [ [ [ -104.68372, 39.82568 ], [ -104.67788, 39.82566 ], [ -104.67786, 39.83017 ], [ -104.6837, 39.83018 ], [ -104.68372, 39.82568 ] ] ] } },
{ "type": "Feature", "properties": { "predicted": 0.0 }, "geometry": { "type": "Polygon", "coordinates": [ [ [ -104.67788, 39.82566 ], [ -104.67204, 39.82565 ], [ -104.67201, 39.83015 ], [ -104.67786, 39.83017 ], [ -104.67788, 39.82566 ] ] ] } },
{ "type": "Feature", "properties": { "predicted": 0.0 }, "geometry": { "type": "Polygon", "coordinates": [ [ [ -104.67204, 39.82565 ], [ -104.66619, 39.82563 ], [ -104.66617, 39.83013 ], [ -104.67201, 39.83015 ], [ -104.67204, 39.82565 ] ] ] } },
{ "type": "Feature", "properties": { "predicted": 0.0 }, "geometry": { "type": "Polygon", "coordinates": [ [ [ -104.66619, 39.82563 ], [ -104.66035, 39.82561 ], [ -104.66033, 39.83012 ], [ -104.66617, 39.83013 ], [ -104.66619, 39.82563 ] ] ] } },
{ "type": "Feature", "properties": { "predicted": 0.0 }, "geometry": { "type": "Polygon", "coordinates": [ [ [ -104.66035, 39.82561 ], [ -104.65451, 39.82559 ], [ -104.65448, 39.8301 ], [ -104.66033, 39.83012 ], [ -104.66035, 39.82561 ] ] ] } },
{ "type": "Feature", "properties": { "predicted": 0.0 }, "geometry": { "type": "Polygon", "coordinates": [ [ [ -104.65451, 39.82559 ], [ -104.64866, 39.82558 ], [ -104.64864, 39.83008 ], [ -104.65448, 39.8301 ], [ -104.65451, 39.82559 ] ] ] } },
{ "type": "Feature", "properties": { "predicted": 0.0 }, "geometry": { "type": "Polygon", "coordinates": [ [ [ -104.64866, 39.82558 ], [ -104.64282, 39.82556 ], [ -104.6428, 39.83006 ], [ -104.64864, 39.83008 ], [ -104.64866, 39.82558 ] ] ] } },
{ "type": "Feature", "properties": { "predicted": 0.0 }, "geometry": { "type": "Polygon", "coordinates": [ [ [ -104.64282, 39.82556 ], [ -104.63698, 39.82554 ], [ -104.63696, 39.83005 ], [ -104.6428, 39.83006 ], [ -104.64282, 39.82556 ] ] ] } },
{ "type": "Feature", "properties": { "predicted": 0.0 }, "geometry": { "type": "Polygon", "coordinates": [ [ [ -104.63698, 39.82554 ], [ -104.63114, 39.82552 ], [ -104.63111, 39.83003 ], [ -104.63696, 39.83005 ], [ -104.63698, 39.82554 ] ] ] } },
{ "type": "Feature", "properties": { "predicted": 0.0 }, "geometry": { "type": "Polygon", "coordinates": [ [ [ -104.63114, 39.82552 ], [ -104.62529, 39.8255 ], [ -104.62527, 39.83001 ], [ -104.63111, 39.83003 ], [ -104.63114, 39.82552 ] ] ] } },
{ "type": "Feature", "properties": { "predicted": 0.0 }, "geometry": { "type": "Polygon", "coordinates": [ [ [ -104.62529, 39.8255 ], [ -104.61945, 39.82548 ], [ -104.61943, 39.82999 ], [ -104.62527, 39.83001 ], [ -104.62529, 39.8255 ] ] ] } },
{ "type": "Feature", "properties": { "predicted": 0.0 }, "geometry": { "type": "Polygon", "coordinates": [ [ [ -104.79472, 39.83043 ], [ -104.78887, 39.83042 ], [ -104.78886, 39.83493 ], [ -104.7947, 39.83494 ], [ -104.79472, 39.83043 ] ] ] } },
{ "type": "Feature", "properties": { "predicted": 0.0 }, "geometry": { "type": "Polygon", "coordinates": [ [ [ -104.78887, 39.83042 ], [ -104.78303, 39.83041 ], [ -104.78302, 39.83492 ], [ -104.78886, 39.83493 ], [ -104.78887, 39.83042 ] ] ] } },
{ "type": "Feature", "properties": { "predicted": 0.0 }, "geometry": { "type": "Polygon", "coordinates": [ [ [ -104.78303, 39.83041 ], [ -104.77719, 39.8304 ], [ -104.77717, 39.8349 ], [ -104.78302, 39.83492 ], [ -104.78303, 39.83041 ] ] ] } },
{ "type": "Feature", "properties": { "predicted": 0.0 }, "geometry": { "type": "Polygon", "coordinates": [ [ [ -104.77719, 39.8304 ], [ -104.77135, 39.83039 ], [ -104.77133, 39.83489 ], [ -104.77717, 39.8349 ], [ -104.77719, 39.8304 ] ] ] } },
{ "type": "Feature", "properties": { "predicted": 0.0 }, "geometry": { "type": "Polygon", "coordinates": [ [ [ -104.77135, 39.83039 ], [ -104.7655, 39.83038 ], [ -104.76549, 39.83488 ], [ -104.77133, 39.83489 ], [ -104.77135, 39.83039 ] ] ] } },
{ "type": "Feature", "properties": { "predicted": 0.0 }, "geometry": { "type": "Polygon", "coordinates": [ [ [ -104.7655, 39.83038 ], [ -104.75966, 39.83036 ], [ -104.75964, 39.83487 ], [ -104.76549, 39.83488 ], [ -104.7655, 39.83038 ] ] ] } },
{ "type": "Feature", "properties": { "predicted": 0.0 }, "geometry": { "type": "Polygon", "coordinates": [ [ [ -104.75966, 39.83036 ], [ -104.75382, 39.83035 ], [ -104.7538, 39.83486 ], [ -104.75964, 39.83487 ], [ -104.75966, 39.83036 ] ] ] } },
{ "type": "Feature", "properties": { "predicted": 0.0 }, "geometry": { "type": "Polygon", "coordinates": [ [ [ -104.75382, 39.83035 ], [ -104.74797, 39.83034 ], [ -104.74796, 39.83484 ], [ -104.7538, 39.83486 ], [ -104.75382, 39.83035 ] ] ] } },
{ "type": "Feature", "properties": { "predicted": 0.0 }, "geometry": { "type": "Polygon", "coordinates": [ [ [ -104.74797, 39.83034 ], [ -104.74213, 39.83033 ], [ -104.74211, 39.83483 ], [ -104.74796, 39.83484 ], [ -104.74797, 39.83034 ] ] ] } },
{ "type": "Feature", "properties": { "predicted": 0.0 }, "geometry": { "type": "Polygon", "coordinates": [ [ [ -104.74213, 39.83033 ], [ -104.73629, 39.83031 ], [ -104.73627, 39.83482 ], [ -104.74211, 39.83483 ], [ -104.74213, 39.83033 ] ] ] } },
{ "type": "Feature", "properties": { "predicted": 0.0 }, "geometry": { "type": "Polygon", "coordinates": [ [ [ -104.73629, 39.83031 ], [ -104.73044, 39.8303 ], [ -104.73043, 39.83481 ], [ -104.73627, 39.83482 ], [ -104.73629, 39.83031 ] ] ] } },
{ "type": "Feature", "properties": { "predicted": 0.0 }, "geometry": { "type": "Polygon", "coordinates": [ [ [ -104.73044, 39.8303 ], [ -104.7246, 39.83029 ], [ -104.72458, 39.83479 ], [ -104.73043, 39.83481 ], [ -104.73044, 39.8303 ] ] ] } },
{ "type": "Feature", "properties": { "predicted": 0.0 }, "geometry": { "type": "Polygon", "coordinates": [ [ [ -104.7246, 39.83029 ], [ -104.71876, 39.83027 ], [ -104.71874, 39.83478 ], [ -104.72458, 39.83479 ], [ -104.7246, 39.83029 ] ] ] } },
{ "type": "Feature", "properties": { "predicted": 0.0 }, "geometry": { "type": "Polygon", "coordinates": [ [ [ -104.71876, 39.83027 ], [ -104.71292, 39.83026 ], [ -104.7129, 39.83476 ], [ -104.71874, 39.83478 ], [ -104.71876, 39.83027 ] ] ] } },
{ "type": "Feature", "properties": { "predicted": 0.0 }, "geometry": { "type": "Polygon", "coordinates": [ [ [ -104.71292, 39.83026 ], [ -104.70707, 39.83024 ], [ -104.70705, 39.83475 ], [ -104.7129, 39.83476 ], [ -104.71292, 39.83026 ] ] ] } },
{ "type": "Feature", "properties": { "predicted": 0.0 }, "geometry": { "type": "Polygon", "coordinates": [ [ [ -104.70707, 39.83024 ], [ -104.70123, 39.83023 ], [ -104.70121, 39.83473 ], [ -104.70705, 39.83475 ], [ -104.70707, 39.83024 ] ] ] } },
{ "type": "Feature", "properties": { "predicted": 0.0 }, "geometry": { "type": "Polygon", "coordinates": [ [ [ -104.70123, 39.83023 ], [ -104.69539, 39.83021 ], [ -104.69537, 39.83472 ], [ -104.70121, 39.83473 ], [ -104.70123, 39.83023 ] ] ] } },
{ "type": "Feature", "properties": { "predicted": 0.0 }, "geometry": { "type": "Polygon", "coordinates": [ [ [ -104.69539, 39.83021 ], [ -104.68954, 39.8302 ], [ -104.68952, 39.8347 ], [ -104.69537, 39.83472 ], [ -104.69539, 39.83021 ] ] ] } },
{ "type": "Feature", "properties": { "predicted": 0.0 }, "geometry": { "type": "Polygon", "coordinates": [ [ [ -104.68954, 39.8302 ], [ -104.6837, 39.83018 ], [ -104.68368, 39.83469 ], [ -104.68952, 39.8347 ], [ -104.68954, 39.8302 ] ] ] } },
{ "type": "Feature", "properties": { "predicted": 0.0 }, "geometry": { "type": "Polygon", "coordinates": [ [ [ -104.6837, 39.83018 ], [ -104.67786, 39.83017 ], [ -104.67784, 39.83467 ], [ -104.68368, 39.83469 ], [ -104.6837, 39.83018 ] ] ] } },
{ "type": "Feature", "properties": { "predicted": 0.0 }, "geometry": { "type": "Polygon", "coordinates": [ [ [ -104.67786, 39.83017 ], [ -104.67201, 39.83015 ], [ -104.67199, 39.83465 ], [ -104.67784, 39.83467 ], [ -104.67786, 39.83017 ] ] ] } },
{ "type": "Feature", "properties": { "predicted": 0.0 }, "geometry": { "type": "Polygon", "coordinates": [ [ [ -104.67201, 39.83015 ], [ -104.66617, 39.83013 ], [ -104.66615, 39.83464 ], [ -104.67199, 39.83465 ], [ -104.67201, 39.83015 ] ] ] } },
{ "type": "Feature", "properties": { "predicted": 0.0 }, "geometry": { "type": "Polygon", "coordinates": [ [ [ -104.66617, 39.83013 ], [ -104.66033, 39.83012 ], [ -104.66031, 39.83462 ], [ -104.66615, 39.83464 ], [ -104.66617, 39.83013 ] ] ] } },
{ "type": "Feature", "properties": { "predicted": 0.0 }, "geometry": { "type": "Polygon", "coordinates": [ [ [ -104.66033, 39.83012 ], [ -104.65448, 39.8301 ], [ -104.65446, 39.8346 ], [ -104.66031, 39.83462 ], [ -104.66033, 39.83012 ] ] ] } },
{ "type": "Feature", "properties": { "predicted": 0.0 }, "geometry": { "type": "Polygon", "coordinates": [ [ [ -104.65448, 39.8301 ], [ -104.64864, 39.83008 ], [ -104.64862, 39.83459 ], [ -104.65446, 39.8346 ], [ -104.65448, 39.8301 ] ] ] } },
{ "type": "Feature", "properties": { "predicted": 0.0 }, "geometry": { "type": "Polygon", "coordinates": [ [ [ -104.64864, 39.83008 ], [ -104.6428, 39.83006 ], [ -104.64278, 39.83457 ], [ -104.64862, 39.83459 ], [ -104.64864, 39.83008 ] ] ] } },
{ "type": "Feature", "properties": { "predicted": 0.0 }, "geometry": { "type": "Polygon", "coordinates": [ [ [ -104.6428, 39.83006 ], [ -104.63696, 39.83005 ], [ -104.63693, 39.83455 ], [ -104.64278, 39.83457 ], [ -104.6428, 39.83006 ] ] ] } },
{ "type": "Feature", "properties": { "predicted": 0.0 }, "geometry": { "type": "Polygon", "coordinates": [ [ [ -104.63696, 39.83005 ], [ -104.63111, 39.83003 ], [ -104.63109, 39.83453 ], [ -104.63693, 39.83455 ], [ -104.63696, 39.83005 ] ] ] } },
{ "type": "Feature", "properties": { "predicted": 0.0 }, "geometry": { "type": "Polygon", "coordinates": [ [ [ -104.63111, 39.83003 ], [ -104.62527, 39.83001 ], [ -104.62525, 39.83451 ], [ -104.63109, 39.83453 ], [ -104.63111, 39.83003 ] ] ] } },
{ "type": "Feature", "properties": { "predicted": 0.0 }, "geometry": { "type": "Polygon", "coordinates": [ [ [ -104.62527, 39.83001 ], [ -104.61943, 39.82999 ], [ -104.6194, 39.83449 ], [ -104.62525, 39.83451 ], [ -104.62527, 39.83001 ] ] ] } },
{ "type": "Feature", "properties": { "predicted": 0.0 }, "geometry": { "type": "Polygon", "coordinates": [ [ [ -104.7947, 39.83494 ], [ -104.78886, 39.83493 ], [ -104.78885, 39.83943 ], [ -104.79469, 39.83944 ], [ -104.7947, 39.83494 ] ] ] } },
{ "type": "Feature", "properties": { "predicted": 0.0 }, "geometry": { "type": "Polygon", "coordinates": [ [ [ -104.78886, 39.83493 ], [ -104.78302, 39.83492 ], [ -104.783, 39.83942 ], [ -104.78885, 39.83943 ], [ -104.78886, 39.83493 ] ] ] } },
{ "type": "Feature", "properties": { "predicted": 0.0 }, "geometry": { "type": "Polygon", "coordinates": [ [ [ -104.78302, 39.83492 ], [ -104.77717, 39.8349 ], [ -104.77716, 39.83941 ], [ -104.783, 39.83942 ], [ -104.78302, 39.83492 ] ] ] } },
{ "type": "Feature", "properties": { "predicted": 0.0 }, "geometry": { "type": "Polygon", "coordinates": [ [ [ -104.77717, 39.8349 ], [ -104.77133, 39.83489 ], [ -104.77132, 39.8394 ], [ -104.77716, 39.83941 ], [ -104.77717, 39.8349 ] ] ] } },
{ "type": "Feature", "properties": { "predicted": 0.0 }, "geometry": { "type": "Polygon", "coordinates": [ [ [ -104.77133, 39.83489 ], [ -104.76549, 39.83488 ], [ -104.76547, 39.83939 ], [ -104.77132, 39.8394 ], [ -104.77133, 39.83489 ] ] ] } },
{ "type": "Feature", "properties": { "predicted": 0.0 }, "geometry": { "type": "Polygon", "coordinates": [ [ [ -104.76549, 39.83488 ], [ -104.75964, 39.83487 ], [ -104.75963, 39.83937 ], [ -104.76547, 39.83939 ], [ -104.76549, 39.83488 ] ] ] } },
{ "type": "Feature", "properties": { "predicted": 0.0 }, "geometry": { "type": "Polygon", "coordinates": [ [ [ -104.75964, 39.83487 ], [ -104.7538, 39.83486 ], [ -104.75378, 39.83936 ], [ -104.75963, 39.83937 ], [ -104.75964, 39.83487 ] ] ] } },
{ "type": "Feature", "properties": { "predicted": 0.0 }, "geometry": { "type": "Polygon", "coordinates": [ [ [ -104.7538, 39.83486 ], [ -104.74796, 39.83484 ], [ -104.74794, 39.83935 ], [ -104.75378, 39.83936 ], [ -104.7538, 39.83486 ] ] ] } },
{ "type": "Feature", "properties": { "predicted": 0.0 }, "geometry": { "type": "Polygon", "coordinates": [ [ [ -104.74796, 39.83484 ], [ -104.74211, 39.83483 ], [ -104.7421, 39.83934 ], [ -104.74794, 39.83935 ], [ -104.74796, 39.83484 ] ] ] } },
{ "type": "Feature", "properties": { "predicted": 0.0 }, "geometry": { "type": "Polygon", "coordinates": [ [ [ -104.74211, 39.83483 ], [ -104.73627, 39.83482 ], [ -104.73625, 39.83932 ], [ -104.7421, 39.83934 ], [ -104.74211, 39.83483 ] ] ] } },
{ "type": "Feature", "properties": { "predicted": 0.0 }, "geometry": { "type": "Polygon", "coordinates": [ [ [ -104.73627, 39.83482 ], [ -104.73043, 39.83481 ], [ -104.73041, 39.83931 ], [ -104.73625, 39.83932 ], [ -104.73627, 39.83482 ] ] ] } },
{ "type": "Feature", "properties": { "predicted": 0.0 }, "geometry": { "type": "Polygon", "coordinates": [ [ [ -104.73043, 39.83481 ], [ -104.72458, 39.83479 ], [ -104.72457, 39.8393 ], [ -104.73041, 39.83931 ], [ -104.73043, 39.83481 ] ] ] } },
{ "type": "Feature", "properties": { "predicted": 0.0 }, "geometry": { "type": "Polygon", "coordinates": [ [ [ -104.72458, 39.83479 ], [ -104.71874, 39.83478 ], [ -104.71872, 39.83928 ], [ -104.72457, 39.8393 ], [ -104.72458, 39.83479 ] ] ] } },
{ "type": "Feature", "properties": { "predicted": 0.0 }, "geometry": { "type": "Polygon", "coordinates": [ [ [ -104.71874, 39.83478 ], [ -104.7129, 39.83476 ], [ -104.71288, 39.83927 ], [ -104.71872, 39.83928 ], [ -104.71874, 39.83478 ] ] ] } },
{ "type": "Feature", "properties": { "predicted": 0.0 }, "geometry": { "type": "Polygon", "coordinates": [ [ [ -104.7129, 39.83476 ], [ -104.70705, 39.83475 ], [ -104.70703, 39.83925 ], [ -104.71288, 39.83927 ], [ -104.7129, 39.83476 ] ] ] } },
{ "type": "Feature", "properties": { "predicted": 0.0 }, "geometry": { "type": "Polygon", "coordinates": [ [ [ -104.70705, 39.83475 ], [ -104.70121, 39.83473 ], [ -104.70119, 39.83924 ], [ -104.70703, 39.83925 ], [ -104.70705, 39.83475 ] ] ] } },
{ "type": "Feature", "properties": { "predicted": 0.0 }, "geometry": { "type": "Polygon", "coordinates": [ [ [ -104.70121, 39.83473 ], [ -104.69537, 39.83472 ], [ -104.69535, 39.83922 ], [ -104.70119, 39.83924 ], [ -104.70121, 39.83473 ] ] ] } },
{ "type": "Feature", "properties": { "predicted": 0.0 }, "geometry": { "type": "Polygon", "coordinates": [ [ [ -104.69537, 39.83472 ], [ -104.68952, 39.8347 ], [ -104.6895, 39.83921 ], [ -104.69535, 39.83922 ], [ -104.69537, 39.83472 ] ] ] } },
{ "type": "Feature", "properties": { "predicted": 0.0 }, "geometry": { "type": "Polygon", "coordinates": [ [ [ -104.68952, 39.8347 ], [ -104.68368, 39.83469 ], [ -104.68366, 39.83919 ], [ -104.6895, 39.83921 ], [ -104.68952, 39.8347 ] ] ] } },
{ "type": "Feature", "properties": { "predicted": 0.0 }, "geometry": { "type": "Polygon", "coordinates": [ [ [ -104.68368, 39.83469 ], [ -104.67784, 39.83467 ], [ -104.67781, 39.83918 ], [ -104.68366, 39.83919 ], [ -104.68368, 39.83469 ] ] ] } },
{ "type": "Feature", "properties": { "predicted": 0.0 }, "geometry": { "type": "Polygon", "coordinates": [ [ [ -104.67784, 39.83467 ], [ -104.67199, 39.83465 ], [ -104.67197, 39.83916 ], [ -104.67781, 39.83918 ], [ -104.67784, 39.83467 ] ] ] } },
{ "type": "Feature", "properties": { "predicted": 0.0 }, "geometry": { "type": "Polygon", "coordinates": [ [ [ -104.67199, 39.83465 ], [ -104.66615, 39.83464 ], [ -104.66613, 39.83914 ], [ -104.67197, 39.83916 ], [ -104.67199, 39.83465 ] ] ] } },
{ "type": "Feature", "properties": { "predicted": 0.0 }, "geometry": { "type": "Polygon", "coordinates": [ [ [ -104.66615, 39.83464 ], [ -104.66031, 39.83462 ], [ -104.66028, 39.83913 ], [ -104.66613, 39.83914 ], [ -104.66615, 39.83464 ] ] ] } },
{ "type": "Feature", "properties": { "predicted": 0.0 }, "geometry": { "type": "Polygon", "coordinates": [ [ [ -104.66031, 39.83462 ], [ -104.65446, 39.8346 ], [ -104.65444, 39.83911 ], [ -104.66028, 39.83913 ], [ -104.66031, 39.83462 ] ] ] } },
{ "type": "Feature", "properties": { "predicted": 0.0 }, "geometry": { "type": "Polygon", "coordinates": [ [ [ -104.65446, 39.8346 ], [ -104.64862, 39.83459 ], [ -104.6486, 39.83909 ], [ -104.65444, 39.83911 ], [ -104.65446, 39.8346 ] ] ] } },
{ "type": "Feature", "properties": { "predicted": 0.0 }, "geometry": { "type": "Polygon", "coordinates": [ [ [ -104.64862, 39.83459 ], [ -104.64278, 39.83457 ], [ -104.64275, 39.83907 ], [ -104.6486, 39.83909 ], [ -104.64862, 39.83459 ] ] ] } },
{ "type": "Feature", "properties": { "predicted": 0.0 }, "geometry": { "type": "Polygon", "coordinates": [ [ [ -104.64278, 39.83457 ], [ -104.63693, 39.83455 ], [ -104.63691, 39.83906 ], [ -104.64275, 39.83907 ], [ -104.64278, 39.83457 ] ] ] } },
{ "type": "Feature", "properties": { "predicted": 0.0 }, "geometry": { "type": "Polygon", "coordinates": [ [ [ -104.63693, 39.83455 ], [ -104.63109, 39.83453 ], [ -104.63106, 39.83904 ], [ -104.63691, 39.83906 ], [ -104.63693, 39.83455 ] ] ] } },
{ "type": "Feature", "properties": { "predicted": 0.0 }, "geometry": { "type": "Polygon", "coordinates": [ [ [ -104.63109, 39.83453 ], [ -104.62525, 39.83451 ], [ -104.62522, 39.83902 ], [ -104.63106, 39.83904 ], [ -104.63109, 39.83453 ] ] ] } },
{ "type": "Feature", "properties": { "predicted": 0.0 }, "geometry": { "type": "Polygon", "coordinates": [ [ [ -104.62525, 39.83451 ], [ -104.6194, 39.83449 ], [ -104.61938, 39.839 ], [ -104.62522, 39.83902 ], [ -104.62525, 39.83451 ] ] ] } },
{ "type": "Feature", "properties": { "predicted": 0.0 }, "geometry": { "type": "Polygon", "coordinates": [ [ [ -104.79469, 39.83944 ], [ -104.78885, 39.83943 ], [ -104.78883, 39.84394 ], [ -104.79468, 39.84395 ], [ -104.79469, 39.83944 ] ] ] } },
{ "type": "Feature", "properties": { "predicted": 0.0 }, "geometry": { "type": "Polygon", "coordinates": [ [ [ -104.78885, 39.83943 ], [ -104.783, 39.83942 ], [ -104.78299, 39.84393 ], [ -104.78883, 39.84394 ], [ -104.78885, 39.83943 ] ] ] } },
{ "type": "Feature", "properties": { "predicted": 0.0 }, "geometry": { "type": "Polygon", "coordinates": [ [ [ -104.783, 39.83942 ], [ -104.77716, 39.83941 ], [ -104.77715, 39.84391 ], [ -104.78299, 39.84393 ], [ -104.783, 39.83942 ] ] ] } },
{ "type": "Feature", "properties": { "predicted": 0.0 }, "geometry": { "type": "Polygon", "coordinates": [ [ [ -104.77716, 39.83941 ], [ -104.77132, 39.8394 ], [ -104.7713, 39.8439 ], [ -104.77715, 39.84391 ], [ -104.77716, 39.83941 ] ] ] } },
{ "type": "Feature", "properties": { "predicted": 0.0 }, "geometry": { "type": "Polygon", "coordinates": [ [ [ -104.77132, 39.8394 ], [ -104.76547, 39.83939 ], [ -104.76546, 39.84389 ], [ -104.7713, 39.8439 ], [ -104.77132, 39.8394 ] ] ] } },
{ "type": "Feature", "properties": { "predicted": 0.0 }, "geometry": { "type": "Polygon", "coordinates": [ [ [ -104.76547, 39.83939 ], [ -104.75963, 39.83937 ], [ -104.75961, 39.84388 ], [ -104.76546, 39.84389 ], [ -104.76547, 39.83939 ] ] ] } },
{ "type": "Feature", "properties": { "predicted": 0.0 }, "geometry": { "type": "Polygon", "coordinates": [ [ [ -104.75963, 39.83937 ], [ -104.75378, 39.83936 ], [ -104.75377, 39.84387 ], [ -104.75961, 39.84388 ], [ -104.75963, 39.83937 ] ] ] } },
{ "type": "Feature", "properties": { "predicted": 0.0 }, "geometry": { "type": "Polygon", "coordinates": [ [ [ -104.75378, 39.83936 ], [ -104.74794, 39.83935 ], [ -104.74792, 39.84385 ], [ -104.75377, 39.84387 ], [ -104.75378, 39.83936 ] ] ] } },
{ "type": "Feature", "properties": { "predicted": 0.0 }, "geometry": { "type": "Polygon", "coordinates": [ [ [ -104.74794, 39.83935 ], [ -104.7421, 39.83934 ], [ -104.74208, 39.84384 ], [ -104.74792, 39.84385 ], [ -104.74794, 39.83935 ] ] ] } },
{ "type": "Feature", "properties": { "predicted": 0.0 }, "geometry": { "type": "Polygon", "coordinates": [ [ [ -104.7421, 39.83934 ], [ -104.73625, 39.83932 ], [ -104.73624, 39.84383 ], [ -104.74208, 39.84384 ], [ -104.7421, 39.83934 ] ] ] } },
{ "type": "Feature", "properties": { "predicted": 0.0 }, "geometry": { "type": "Polygon", "coordinates": [ [ [ -104.73625, 39.83932 ], [ -104.73041, 39.83931 ], [ -104.73039, 39.84382 ], [ -104.73624, 39.84383 ], [ -104.73625, 39.83932 ] ] ] } },
{ "type": "Feature", "properties": { "predicted": 0.0 }, "geometry": { "type": "Polygon", "coordinates": [ [ [ -104.73041, 39.83931 ], [ -104.72457, 39.8393 ], [ -104.72455, 39.8438 ], [ -104.73039, 39.84382 ], [ -104.73041, 39.83931 ] ] ] } },
{ "type": "Feature", "properties": { "predicted": 0.0 }, "geometry": { "type": "Polygon", "coordinates": [ [ [ -104.72457, 39.8393 ], [ -104.71872, 39.83928 ], [ -104.7187, 39.84379 ], [ -104.72455, 39.8438 ], [ -104.72457, 39.8393 ] ] ] } },
{ "type": "Feature", "properties": { "predicted": 0.0 }, "geometry": { "type": "Polygon", "coordinates": [ [ [ -104.71872, 39.83928 ], [ -104.71288, 39.83927 ], [ -104.71286, 39.84377 ], [ -104.7187, 39.84379 ], [ -104.71872, 39.83928 ] ] ] } },
{ "type": "Feature", "properties": { "predicted": 0.0 }, "geometry": { "type": "Polygon", "coordinates": [ [ [ -104.71288, 39.83927 ], [ -104.70703, 39.83925 ], [ -104.70701, 39.84376 ], [ -104.71286, 39.84377 ], [ -104.71288, 39.83927 ] ] ] } },
{ "type": "Feature", "properties": { "predicted": 0.0 }, "geometry": { "type": "Polygon", "coordinates": [ [ [ -104.70703, 39.83925 ], [ -104.70119, 39.83924 ], [ -104.70117, 39.84374 ], [ -104.70701, 39.84376 ], [ -104.70703, 39.83925 ] ] ] } },
{ "type": "Feature", "properties": { "predicted": 0.0 }, "geometry": { "type": "Polygon", "coordinates": [ [ [ -104.70119, 39.83924 ], [ -104.69535, 39.83922 ], [ -104.69533, 39.84373 ], [ -104.70117, 39.84374 ], [ -104.70119, 39.83924 ] ] ] } },
{ "type": "Feature", "properties": { "predicted": 0.0 }, "geometry": { "type": "Polygon", "coordinates": [ [ [ -104.69535, 39.83922 ], [ -104.6895, 39.83921 ], [ -104.68948, 39.84371 ], [ -104.69533, 39.84373 ], [ -104.69535, 39.83922 ] ] ] } },
{ "type": "Feature", "properties": { "predicted": 0.0 }, "geometry": { "type": "Polygon", "coordinates": [ [ [ -104.6895, 39.83921 ], [ -104.68366, 39.83919 ], [ -104.68364, 39.8437 ], [ -104.68948, 39.84371 ], [ -104.6895, 39.83921 ] ] ] } },
{ "type": "Feature", "properties": { "predicted": 0.0 }, "geometry": { "type": "Polygon", "coordinates": [ [ [ -104.68366, 39.83919 ], [ -104.67781, 39.83918 ], [ -104.67779, 39.84368 ], [ -104.68364, 39.8437 ], [ -104.68366, 39.83919 ] ] ] } },
{ "type": "Feature", "properties": { "predicted": 0.0 }, "geometry": { "type": "Polygon", "coordinates": [ [ [ -104.67781, 39.83918 ], [ -104.67197, 39.83916 ], [ -104.67195, 39.84366 ], [ -104.67779, 39.84368 ], [ -104.67781, 39.83918 ] ] ] } },
{ "type": "Feature", "properties": { "predicted": 0.0 }, "geometry": { "type": "Polygon", "coordinates": [ [ [ -104.67197, 39.83916 ], [ -104.66613, 39.83914 ], [ -104.66611, 39.84365 ], [ -104.67195, 39.84366 ], [ -104.67197, 39.83916 ] ] ] } },
{ "type": "Feature", "properties": { "predicted": 0.0 }, "geometry": { "type": "Polygon", "coordinates": [ [ [ -104.66613, 39.83914 ], [ -104.66028, 39.83913 ], [ -104.66026, 39.84363 ], [ -104.66611, 39.84365 ], [ -104.66613, 39.83914 ] ] ] } },
{ "type": "Feature", "properties": { "predicted": 0.0 }, "geometry": { "type": "Polygon", "coordinates": [ [ [ -104.66028, 39.83913 ], [ -104.65444, 39.83911 ], [ -104.65442, 39.84361 ], [ -104.66026, 39.84363 ], [ -104.66028, 39.83913 ] ] ] } },
{ "type": "Feature", "properties": { "predicted": 0.0 }, "geometry": { "type": "Polygon", "coordinates": [ [ [ -104.65444, 39.83911 ], [ -104.6486, 39.83909 ], [ -104.64857, 39.8436 ], [ -104.65442, 39.84361 ], [ -104.65444, 39.83911 ] ] ] } },
{ "type": "Feature", "properties": { "predicted": 0.0 }, "geometry": { "type": "Polygon", "coordinates": [ [ [ -104.6486, 39.83909 ], [ -104.64275, 39.83907 ], [ -104.64273, 39.84358 ], [ -104.64857, 39.8436 ], [ -104.6486, 39.83909 ] ] ] } },
{ "type": "Feature", "properties": { "predicted": 0.0 }, "geometry": { "type": "Polygon", "coordinates": [ [ [ -104.64275, 39.83907 ], [ -104.63691, 39.83906 ], [ -104.63688, 39.84356 ], [ -104.64273, 39.84358 ], [ -104.64275, 39.83907 ] ] ] } },
{ "type": "Feature", "properties": { "predicted": 0.0 }, "geometry": { "type": "Polygon", "coordinates": [ [ [ -104.63691, 39.83906 ], [ -104.63106, 39.83904 ], [ -104.63104, 39.84354 ], [ -104.63688, 39.84356 ], [ -104.63691, 39.83906 ] ] ] } },
{ "type": "Feature", "properties": { "predicted": 0.0 }, "geometry": { "type": "Polygon", "coordinates": [ [ [ -104.63106, 39.83904 ], [ -104.62522, 39.83902 ], [ -104.6252, 39.84352 ], [ -104.63104, 39.84354 ], [ -104.63106, 39.83904 ] ] ] } },
{ "type": "Feature", "properties": { "predicted": 0.0 }, "geometry": { "type": "Polygon", "coordinates": [ [ [ -104.62522, 39.83902 ], [ -104.61938, 39.839 ], [ -104.61935, 39.8435 ], [ -104.6252, 39.84352 ], [ -104.62522, 39.83902 ] ] ] } },
{ "type": "Feature", "properties": { "predicted": 0.0 }, "geometry": { "type": "Polygon", "coordinates": [ [ [ -104.76546, 39.84389 ], [ -104.75961, 39.84388 ], [ -104.7596, 39.84838 ], [ -104.76544, 39.8484 ], [ -104.76546, 39.84389 ] ] ] } },
{ "type": "Feature", "properties": { "predicted": 0.0 }, "geometry": { "type": "Polygon", "coordinates": [ [ [ -104.75961, 39.84388 ], [ -104.75377, 39.84387 ], [ -104.75375, 39.84837 ], [ -104.7596, 39.84838 ], [ -104.75961, 39.84388 ] ] ] } },
{ "type": "Feature", "properties": { "predicted": 0.0 }, "geometry": { "type": "Polygon", "coordinates": [ [ [ -104.75377, 39.84387 ], [ -104.74792, 39.84385 ], [ -104.74791, 39.84836 ], [ -104.75375, 39.84837 ], [ -104.75377, 39.84387 ] ] ] } },
{ "type": "Feature", "properties": { "predicted": 0.0 }, "geometry": { "type": "Polygon", "coordinates": [ [ [ -104.74792, 39.84385 ], [ -104.74208, 39.84384 ], [ -104.74206, 39.84835 ], [ -104.74791, 39.84836 ], [ -104.74792, 39.84385 ] ] ] } },
{ "type": "Feature", "properties": { "predicted": 0.0 }, "geometry": { "type": "Polygon", "coordinates": [ [ [ -104.74208, 39.84384 ], [ -104.73624, 39.84383 ], [ -104.73622, 39.84833 ], [ -104.74206, 39.84835 ], [ -104.74208, 39.84384 ] ] ] } },
{ "type": "Feature", "properties": { "predicted": 0.0 }, "geometry": { "type": "Polygon", "coordinates": [ [ [ -104.73624, 39.84383 ], [ -104.73039, 39.84382 ], [ -104.73037, 39.84832 ], [ -104.73622, 39.84833 ], [ -104.73624, 39.84383 ] ] ] } },
{ "type": "Feature", "properties": { "predicted": 0.0 }, "geometry": { "type": "Polygon", "coordinates": [ [ [ -104.73039, 39.84382 ], [ -104.72455, 39.8438 ], [ -104.72453, 39.84831 ], [ -104.73037, 39.84832 ], [ -104.73039, 39.84382 ] ] ] } },
{ "type": "Feature", "properties": { "predicted": 0.0 }, "geometry": { "type": "Polygon", "coordinates": [ [ [ -104.72455, 39.8438 ], [ -104.7187, 39.84379 ], [ -104.71868, 39.84829 ], [ -104.72453, 39.84831 ], [ -104.72455, 39.8438 ] ] ] } },
{ "type": "Feature", "properties": { "predicted": 0.0 }, "geometry": { "type": "Polygon", "coordinates": [ [ [ -104.7187, 39.84379 ], [ -104.71286, 39.84377 ], [ -104.71284, 39.84828 ], [ -104.71868, 39.84829 ], [ -104.7187, 39.84379 ] ] ] } },
{ "type": "Feature", "properties": { "predicted": 0.0 }, "geometry": { "type": "Polygon", "coordinates": [ [ [ -104.71286, 39.84377 ], [ -104.70701, 39.84376 ], [ -104.707, 39.84826 ], [ -104.71284, 39.84828 ], [ -104.71286, 39.84377 ] ] ] } },
{ "type": "Feature", "properties": { "predicted": 0.0 }, "geometry": { "type": "Polygon", "coordinates": [ [ [ -104.70701, 39.84376 ], [ -104.70117, 39.84374 ], [ -104.70115, 39.84825 ], [ -104.707, 39.84826 ], [ -104.70701, 39.84376 ] ] ] } },
{ "type": "Feature", "properties": { "predicted": 0.0 }, "geometry": { "type": "Polygon", "coordinates": [ [ [ -104.70117, 39.84374 ], [ -104.69533, 39.84373 ], [ -104.69531, 39.84823 ], [ -104.70115, 39.84825 ], [ -104.70117, 39.84374 ] ] ] } },
{ "type": "Feature", "properties": { "predicted": 0.0 }, "geometry": { "type": "Polygon", "coordinates": [ [ [ -104.69533, 39.84373 ], [ -104.68948, 39.84371 ], [ -104.68946, 39.84822 ], [ -104.69531, 39.84823 ], [ -104.69533, 39.84373 ] ] ] } },
{ "type": "Feature", "properties": { "predicted": 0.0 }, "geometry": { "type": "Polygon", "coordinates": [ [ [ -104.68948, 39.84371 ], [ -104.68364, 39.8437 ], [ -104.68362, 39.8482 ], [ -104.68946, 39.84822 ], [ -104.68948, 39.84371 ] ] ] } },
{ "type": "Feature", "properties": { "predicted": 0.0 }, "geometry": { "type": "Polygon", "coordinates": [ [ [ -104.68364, 39.8437 ], [ -104.67779, 39.84368 ], [ -104.67777, 39.84819 ], [ -104.68362, 39.8482 ], [ -104.68364, 39.8437 ] ] ] } },
{ "type": "Feature", "properties": { "predicted": 0.0 }, "geometry": { "type": "Polygon", "coordinates": [ [ [ -104.67779, 39.84368 ], [ -104.67195, 39.84366 ], [ -104.67193, 39.84817 ], [ -104.67777, 39.84819 ], [ -104.67779, 39.84368 ] ] ] } },
{ "type": "Feature", "properties": { "predicted": 0.0 }, "geometry": { "type": "Polygon", "coordinates": [ [ [ -104.67195, 39.84366 ], [ -104.66611, 39.84365 ], [ -104.66608, 39.84815 ], [ -104.67193, 39.84817 ], [ -104.67195, 39.84366 ] ] ] } },
{ "type": "Feature", "properties": { "predicted": 0.0 }, "geometry": { "type": "Polygon", "coordinates": [ [ [ -104.66611, 39.84365 ], [ -104.66026, 39.84363 ], [ -104.66024, 39.84814 ], [ -104.66608, 39.84815 ], [ -104.66611, 39.84365 ] ] ] } },
{ "type": "Feature", "properties": { "predicted": 0.0 }, "geometry": { "type": "Polygon", "coordinates": [ [ [ -104.66026, 39.84363 ], [ -104.65442, 39.84361 ], [ -104.65439, 39.84812 ], [ -104.66024, 39.84814 ], [ -104.66026, 39.84363 ] ] ] } },
{ "type": "Feature", "properties": { "predicted": 0.0 }, "geometry": { "type": "Polygon", "coordinates": [ [ [ -104.65442, 39.84361 ], [ -104.64857, 39.8436 ], [ -104.64855, 39.8481 ], [ -104.65439, 39.84812 ], [ -104.65442, 39.84361 ] ] ] } },
{ "type": "Feature", "properties": { "predicted": 0.0 }, "geometry": { "type": "Polygon", "coordinates": [ [ [ -104.64857, 39.8436 ], [ -104.64273, 39.84358 ], [ -104.64271, 39.84808 ], [ -104.64855, 39.8481 ], [ -104.64857, 39.8436 ] ] ] } },
{ "type": "Feature", "properties": { "predicted": 0.0 }, "geometry": { "type": "Polygon", "coordinates": [ [ [ -104.64273, 39.84358 ], [ -104.63688, 39.84356 ], [ -104.63686, 39.84807 ], [ -104.64271, 39.84808 ], [ -104.64273, 39.84358 ] ] ] } },
{ "type": "Feature", "properties": { "predicted": 0.0 }, "geometry": { "type": "Polygon", "coordinates": [ [ [ -104.63688, 39.84356 ], [ -104.63104, 39.84354 ], [ -104.63102, 39.84805 ], [ -104.63686, 39.84807 ], [ -104.63688, 39.84356 ] ] ] } },
{ "type": "Feature", "properties": { "predicted": 0.0 }, "geometry": { "type": "Polygon", "coordinates": [ [ [ -104.63104, 39.84354 ], [ -104.6252, 39.84352 ], [ -104.62517, 39.84803 ], [ -104.63102, 39.84805 ], [ -104.63104, 39.84354 ] ] ] } },
{ "type": "Feature", "properties": { "predicted": 0.0 }, "geometry": { "type": "Polygon", "coordinates": [ [ [ -104.6252, 39.84352 ], [ -104.61935, 39.8435 ], [ -104.61933, 39.84801 ], [ -104.62517, 39.84803 ], [ -104.6252, 39.84352 ] ] ] } },
{ "type": "Feature", "properties": { "predicted": 0.0 }, "geometry": { "type": "Polygon", "coordinates": [ [ [ -104.73622, 39.84833 ], [ -104.73037, 39.84832 ], [ -104.73036, 39.85283 ], [ -104.7362, 39.85284 ], [ -104.73622, 39.84833 ] ] ] } },
{ "type": "Feature", "properties": { "predicted": 0.0 }, "geometry": { "type": "Polygon", "coordinates": [ [ [ -104.73037, 39.84832 ], [ -104.72453, 39.84831 ], [ -104.72451, 39.85281 ], [ -104.73036, 39.85283 ], [ -104.73037, 39.84832 ] ] ] } },
{ "type": "Feature", "properties": { "predicted": 0.0 }, "geometry": { "type": "Polygon", "coordinates": [ [ [ -104.72453, 39.84831 ], [ -104.71868, 39.84829 ], [ -104.71867, 39.8528 ], [ -104.72451, 39.85281 ], [ -104.72453, 39.84831 ] ] ] } },
{ "type": "Feature", "properties": { "predicted": 0.0 }, "geometry": { "type": "Polygon", "coordinates": [ [ [ -104.71868, 39.84829 ], [ -104.71284, 39.84828 ], [ -104.71282, 39.85278 ], [ -104.71867, 39.8528 ], [ -104.71868, 39.84829 ] ] ] } },
{ "type": "Feature", "properties": { "predicted": 0.0 }, "geometry": { "type": "Polygon", "coordinates": [ [ [ -104.71284, 39.84828 ], [ -104.707, 39.84826 ], [ -104.70698, 39.85277 ], [ -104.71282, 39.85278 ], [ -104.71284, 39.84828 ] ] ] } },
{ "type": "Feature", "properties": { "predicted": 0.0 }, "geometry": { "type": "Polygon", "coordinates": [ [ [ -104.707, 39.84826 ], [ -104.70115, 39.84825 ], [ -104.70113, 39.85275 ], [ -104.70698, 39.85277 ], [ -104.707, 39.84826 ] ] ] } },
{ "type": "Feature", "properties": { "predicted": 0.0 }, "geometry": { "type": "Polygon", "coordinates": [ [ [ -104.70115, 39.84825 ], [ -104.69531, 39.84823 ], [ -104.69529, 39.85274 ], [ -104.70113, 39.85275 ], [ -104.70115, 39.84825 ] ] ] } },
{ "type": "Feature", "properties": { "predicted": 0.0 }, "geometry": { "type": "Polygon", "coordinates": [ [ [ -104.69531, 39.84823 ], [ -104.68946, 39.84822 ], [ -104.68944, 39.85272 ], [ -104.69529, 39.85274 ], [ -104.69531, 39.84823 ] ] ] } },
{ "type": "Feature", "properties": { "predicted": 0.0 }, "geometry": { "type": "Polygon", "coordinates": [ [ [ -104.68946, 39.84822 ], [ -104.68362, 39.8482 ], [ -104.6836, 39.85271 ], [ -104.68944, 39.85272 ], [ -104.68946, 39.84822 ] ] ] } },
{ "type": "Feature", "properties": { "predicted": 0.0 }, "geometry": { "type": "Polygon", "coordinates": [ [ [ -104.68362, 39.8482 ], [ -104.67777, 39.84819 ], [ -104.67775, 39.85269 ], [ -104.6836, 39.85271 ], [ -104.68362, 39.8482 ] ] ] } },
{ "type": "Feature", "properties": { "predicted": 0.0 }, "geometry": { "type": "Polygon", "coordinates": [ [ [ -104.67777, 39.84819 ], [ -104.67193, 39.84817 ], [ -104.67191, 39.85267 ], [ -104.67775, 39.85269 ], [ -104.67777, 39.84819 ] ] ] } },
{ "type": "Feature", "properties": { "predicted": 0.0 }, "geometry": { "type": "Polygon", "coordinates": [ [ [ -104.67193, 39.84817 ], [ -104.66608, 39.84815 ], [ -104.66606, 39.85266 ], [ -104.67191, 39.85267 ], [ -104.67193, 39.84817 ] ] ] } },
{ "type": "Feature", "properties": { "predicted": 0.0 }, "geometry": { "type": "Polygon", "coordinates": [ [ [ -104.66608, 39.84815 ], [ -104.66024, 39.84814 ], [ -104.66022, 39.85264 ], [ -104.66606, 39.85266 ], [ -104.66608, 39.84815 ] ] ] } },
{ "type": "Feature", "properties": { "predicted": 0.0 }, "geometry": { "type": "Polygon", "coordinates": [ [ [ -104.66024, 39.84814 ], [ -104.65439, 39.84812 ], [ -104.65437, 39.85262 ], [ -104.66022, 39.85264 ], [ -104.66024, 39.84814 ] ] ] } },
{ "type": "Feature", "properties": { "predicted": 0.0 }, "geometry": { "type": "Polygon", "coordinates": [ [ [ -104.65439, 39.84812 ], [ -104.64855, 39.8481 ], [ -104.64853, 39.85261 ], [ -104.65437, 39.85262 ], [ -104.65439, 39.84812 ] ] ] } },
{ "type": "Feature", "properties": { "predicted": 0.0 }, "geometry": { "type": "Polygon", "coordinates": [ [ [ -104.64855, 39.8481 ], [ -104.64271, 39.84808 ], [ -104.64268, 39.85259 ], [ -104.64853, 39.85261 ], [ -104.64855, 39.8481 ] ] ] } },
{ "type": "Feature", "properties": { "predicted": 0.0 }, "geometry": { "type": "Polygon", "coordinates": [ [ [ -104.64271, 39.84808 ], [ -104.63686, 39.84807 ], [ -104.63684, 39.85257 ], [ -104.64268, 39.85259 ], [ -104.64271, 39.84808 ] ] ] } },
{ "type": "Feature", "properties": { "predicted": 0.0 }, "geometry": { "type": "Polygon", "coordinates": [ [ [ -104.63686, 39.84807 ], [ -104.63102, 39.84805 ], [ -104.63099, 39.85255 ], [ -104.63684, 39.85257 ], [ -104.63686, 39.84807 ] ] ] } },
{ "type": "Feature", "properties": { "predicted": 0.0 }, "geometry": { "type": "Polygon", "coordinates": [ [ [ -104.63102, 39.84805 ], [ -104.62517, 39.84803 ], [ -104.62515, 39.85253 ], [ -104.63099, 39.85255 ], [ -104.63102, 39.84805 ] ] ] } },
{ "type": "Feature", "properties": { "predicted": 0.0 }, "geometry": { "type": "Polygon", "coordinates": [ [ [ -104.62517, 39.84803 ], [ -104.61933, 39.84801 ], [ -104.6193, 39.85251 ], [ -104.62515, 39.85253 ], [ -104.62517, 39.84803 ] ] ] } },
{ "type": "Feature", "properties": { "predicted": 0.0 }, "geometry": { "type": "Polygon", "coordinates": [ [ [ -104.7362, 39.85284 ], [ -104.73036, 39.85283 ], [ -104.73034, 39.85733 ], [ -104.73618, 39.85734 ], [ -104.7362, 39.85284 ] ] ] } },
{ "type": "Feature", "properties": { "predicted": 0.0 }, "geometry": { "type": "Polygon", "coordinates": [ [ [ -104.73036, 39.85283 ], [ -104.72451, 39.85281 ], [ -104.72449, 39.85732 ], [ -104.73034, 39.85733 ], [ -104.73036, 39.85283 ] ] ] } },
{ "type": "Feature", "properties": { "predicted": 0.0 }, "geometry": { "type": "Polygon", "coordinates": [ [ [ -104.72451, 39.85281 ], [ -104.71867, 39.8528 ], [ -104.71865, 39.8573 ], [ -104.72449, 39.85732 ], [ -104.72451, 39.85281 ] ] ] } },
{ "type": "Feature", "properties": { "predicted": 0.0 }, "geometry": { "type": "Polygon", "coordinates": [ [ [ -104.71867, 39.8528 ], [ -104.71282, 39.85278 ], [ -104.7128, 39.85729 ], [ -104.71865, 39.8573 ], [ -104.71867, 39.8528 ] ] ] } },
{ "type": "Feature", "properties": { "predicted": 0.0 }, "geometry": { "type": "Polygon", "coordinates": [ [ [ -104.71282, 39.85278 ], [ -104.70698, 39.85277 ], [ -104.70696, 39.85727 ], [ -104.7128, 39.85729 ], [ -104.71282, 39.85278 ] ] ] } },
{ "type": "Feature", "properties": { "predicted": 0.0 }, "geometry": { "type": "Polygon", "coordinates": [ [ [ -104.70698, 39.85277 ], [ -104.70113, 39.85275 ], [ -104.70111, 39.85726 ], [ -104.70696, 39.85727 ], [ -104.70698, 39.85277 ] ] ] } },
{ "type": "Feature", "properties": { "predicted": 0.0 }, "geometry": { "type": "Polygon", "coordinates": [ [ [ -104.70113, 39.85275 ], [ -104.69529, 39.85274 ], [ -104.69527, 39.85724 ], [ -104.70111, 39.85726 ], [ -104.70113, 39.85275 ] ] ] } },
{ "type": "Feature", "properties": { "predicted": 0.0 }, "geometry": { "type": "Polygon", "coordinates": [ [ [ -104.69529, 39.85274 ], [ -104.68944, 39.85272 ], [ -104.68942, 39.85723 ], [ -104.69527, 39.85724 ], [ -104.69529, 39.85274 ] ] ] } },
{ "type": "Feature", "properties": { "predicted": 0.0 }, "geometry": { "type": "Polygon", "coordinates": [ [ [ -104.68944, 39.85272 ], [ -104.6836, 39.85271 ], [ -104.68358, 39.85721 ], [ -104.68942, 39.85723 ], [ -104.68944, 39.85272 ] ] ] } },
{ "type": "Feature", "properties": { "predicted": 0.0 }, "geometry": { "type": "Polygon", "coordinates": [ [ [ -104.6836, 39.85271 ], [ -104.67775, 39.85269 ], [ -104.67773, 39.8572 ], [ -104.68358, 39.85721 ], [ -104.6836, 39.85271 ] ] ] } },
{ "type": "Feature", "properties": { "predicted": 0.0 }, "geometry": { "type": "Polygon", "coordinates": [ [ [ -104.67775, 39.85269 ], [ -104.67191, 39.85267 ], [ -104.67189, 39.85718 ], [ -104.67773, 39.8572 ], [ -104.67775, 39.85269 ] ] ] } },
{ "type": "Feature", "properties": { "predicted": 0.0 }, "geometry": { "type": "Polygon", "coordinates": [ [ [ -104.67191, 39.85267 ], [ -104.66606, 39.85266 ], [ -104.66604, 39.85716 ], [ -104.67189, 39.85718 ], [ -104.67191, 39.85267 ] ] ] } },
{ "type": "Feature", "properties": { "predicted": 0.0 }, "geometry": { "type": "Polygon", "coordinates": [ [ [ -104.66606, 39.85266 ], [ -104.66022, 39.85264 ], [ -104.66019, 39.85715 ], [ -104.66604, 39.85716 ], [ -104.66606, 39.85266 ] ] ] } },
{ "type": "Feature", "properties": { "predicted": 0.0 }, "geometry": { "type": "Polygon", "coordinates": [ [ [ -104.66022, 39.85264 ], [ -104.65437, 39.85262 ], [ -104.65435, 39.85713 ], [ -104.66019, 39.85715 ], [ -104.66022, 39.85264 ] ] ] } },
{ "type": "Feature", "properties": { "predicted": 0.0 }, "geometry": { "type": "Polygon", "coordinates": [ [ [ -104.65437, 39.85262 ], [ -104.64853, 39.85261 ], [ -104.6485, 39.85711 ], [ -104.65435, 39.85713 ], [ -104.65437, 39.85262 ] ] ] } },
{ "type": "Feature", "properties": { "predicted": 0.0 }, "geometry": { "type": "Polygon", "coordinates": [ [ [ -104.64853, 39.85261 ], [ -104.64268, 39.85259 ], [ -104.64266, 39.85709 ], [ -104.6485, 39.85711 ], [ -104.64853, 39.85261 ] ] ] } },
{ "type": "Feature", "properties": { "predicted": 0.0 }, "geometry": { "type": "Polygon", "coordinates": [ [ [ -104.64268, 39.85259 ], [ -104.63684, 39.85257 ], [ -104.63681, 39.85708 ], [ -104.64266, 39.85709 ], [ -104.64268, 39.85259 ] ] ] } },
{ "type": "Feature", "properties": { "predicted": 0.0 }, "geometry": { "type": "Polygon", "coordinates": [ [ [ -104.63684, 39.85257 ], [ -104.63099, 39.85255 ], [ -104.63097, 39.85706 ], [ -104.63681, 39.85708 ], [ -104.63684, 39.85257 ] ] ] } },
{ "type": "Feature", "properties": { "predicted": 0.0 }, "geometry": { "type": "Polygon", "coordinates": [ [ [ -104.63099, 39.85255 ], [ -104.62515, 39.85253 ], [ -104.62512, 39.85704 ], [ -104.63097, 39.85706 ], [ -104.63099, 39.85255 ] ] ] } },
{ "type": "Feature", "properties": { "predicted": 0.0 }, "geometry": { "type": "Polygon", "coordinates": [ [ [ -104.62515, 39.85253 ], [ -104.6193, 39.85251 ], [ -104.61928, 39.85702 ], [ -104.62512, 39.85704 ], [ -104.62515, 39.85253 ] ] ] } },
{ "type": "Feature", "properties": { "predicted": 0.0 }, "geometry": { "type": "Polygon", "coordinates": [ [ [ -104.73618, 39.85734 ], [ -104.73034, 39.85733 ], [ -104.73032, 39.86184 ], [ -104.73617, 39.86185 ], [ -104.73618, 39.85734 ] ] ] } },
{ "type": "Feature", "properties": { "predicted": 0.0 }, "geometry": { "type": "Polygon", "coordinates": [ [ [ -104.73034, 39.85733 ], [ -104.72449, 39.85732 ], [ -104.72448, 39.86182 ], [ -104.73032, 39.86184 ], [ -104.73034, 39.85733 ] ] ] } },
{ "type": "Feature", "properties": { "predicted": 0.0 }, "geometry": { "type": "Polygon", "coordinates": [ [ [ -104.72449, 39.85732 ], [ -104.71865, 39.8573 ], [ -104.71863, 39.86181 ], [ -104.72448, 39.86182 ], [ -104.72449, 39.85732 ] ] ] } },
{ "type": "Feature", "properties": { "predicted": 0.0 }, "geometry": { "type": "Polygon", "coordinates": [ [ [ -104.71865, 39.8573 ], [ -104.7128, 39.85729 ], [ -104.71278, 39.86179 ], [ -104.71863, 39.86181 ], [ -104.71865, 39.8573 ] ] ] } },
{ "type": "Feature", "properties": { "predicted": 0.0 }, "geometry": { "type": "Polygon", "coordinates": [ [ [ -104.7128, 39.85729 ], [ -104.70696, 39.85727 ], [ -104.70694, 39.86178 ], [ -104.71278, 39.86179 ], [ -104.7128, 39.85729 ] ] ] } },
{ "type": "Feature", "properties": { "predicted": 0.0 }, "geometry": { "type": "Polygon", "coordinates": [ [ [ -104.70696, 39.85727 ], [ -104.70111, 39.85726 ], [ -104.70109, 39.86176 ], [ -104.70694, 39.86178 ], [ -104.70696, 39.85727 ] ] ] } },
{ "type": "Feature", "properties": { "predicted": 0.0 }, "geometry": { "type": "Polygon", "coordinates": [ [ [ -104.70111, 39.85726 ], [ -104.69527, 39.85724 ], [ -104.69525, 39.86175 ], [ -104.70109, 39.86176 ], [ -104.70111, 39.85726 ] ] ] } },
{ "type": "Feature", "properties": { "predicted": 0.0 }, "geometry": { "type": "Polygon", "coordinates": [ [ [ -104.69527, 39.85724 ], [ -104.68942, 39.85723 ], [ -104.6894, 39.86173 ], [ -104.69525, 39.86175 ], [ -104.69527, 39.85724 ] ] ] } },
{ "type": "Feature", "properties": { "predicted": 0.0 }, "geometry": { "type": "Polygon", "coordinates": [ [ [ -104.68942, 39.85723 ], [ -104.68358, 39.85721 ], [ -104.68356, 39.86172 ], [ -104.6894, 39.86173 ], [ -104.68942, 39.85723 ] ] ] } },
{ "type": "Feature", "properties": { "predicted": 0.0 }, "geometry": { "type": "Polygon", "coordinates": [ [ [ -104.68358, 39.85721 ], [ -104.67773, 39.8572 ], [ -104.67771, 39.8617 ], [ -104.68356, 39.86172 ], [ -104.68358, 39.85721 ] ] ] } },
{ "type": "Feature", "properties": { "predicted": 0.0 }, "geometry": { "type": "Polygon", "coordinates": [ [ [ -104.67773, 39.8572 ], [ -104.67189, 39.85718 ], [ -104.67186, 39.86168 ], [ -104.67771, 39.8617 ], [ -104.67773, 39.8572 ] ] ] } },
{ "type": "Feature", "properties": { "predicted": 0.0 }, "geometry": { "type": "Polygon", "coordinates": [ [ [ -104.67189, 39.85718 ], [ -104.66604, 39.85716 ], [ -104.66602, 39.86167 ], [ -104.67186, 39.86168 ], [ -104.67189, 39.85718 ] ] ] } },
{ "type": "Feature", "properties": { "predicted": 0.0 }, "geometry": { "type": "Polygon", "coordinates": [ [ [ -104.66604, 39.85716 ], [ -104.66019, 39.85715 ], [ -104.66017, 39.86165 ], [ -104.66602, 39.86167 ], [ -104.66604, 39.85716 ] ] ] } },
{ "type": "Feature", "properties": { "predicted": 0.0 }, "geometry": { "type": "Polygon", "coordinates": [ [ [ -104.66019, 39.85715 ], [ -104.65435, 39.85713 ], [ -104.65433, 39.86163 ], [ -104.66017, 39.86165 ], [ -104.66019, 39.85715 ] ] ] } },
{ "type": "Feature", "properties": { "predicted": 0.0 }, "geometry": { "type": "Polygon", "coordinates": [ [ [ -104.65435, 39.85713 ], [ -104.6485, 39.85711 ], [ -104.64848, 39.86162 ], [ -104.65433, 39.86163 ], [ -104.65435, 39.85713 ] ] ] } },
{ "type": "Feature", "properties": { "predicted": 0.0 }, "geometry": { "type": "Polygon", "coordinates": [ [ [ -104.6485, 39.85711 ], [ -104.64266, 39.85709 ], [ -104.64264, 39.8616 ], [ -104.64848, 39.86162 ], [ -104.6485, 39.85711 ] ] ] } },
{ "type": "Feature", "properties": { "predicted": 0.0 }, "geometry": { "type": "Polygon", "coordinates": [ [ [ -104.64266, 39.85709 ], [ -104.63681, 39.85708 ], [ -104.63679, 39.86158 ], [ -104.64264, 39.8616 ], [ -104.64266, 39.85709 ] ] ] } },
{ "type": "Feature", "properties": { "predicted": 0.0 }, "geometry": { "type": "Polygon", "coordinates": [ [ [ -104.63681, 39.85708 ], [ -104.63097, 39.85706 ], [ -104.63094, 39.86156 ], [ -104.63679, 39.86158 ], [ -104.63681, 39.85708 ] ] ] } },
{ "type": "Feature", "properties": { "predicted": 0.0 }, "geometry": { "type": "Polygon", "coordinates": [ [ [ -104.63097, 39.85706 ], [ -104.62512, 39.85704 ], [ -104.6251, 39.86154 ], [ -104.63094, 39.86156 ], [ -104.63097, 39.85706 ] ] ] } },
{ "type": "Feature", "properties": { "predicted": 0.0 }, "geometry": { "type": "Polygon", "coordinates": [ [ [ -104.62512, 39.85704 ], [ -104.61928, 39.85702 ], [ -104.61925, 39.86152 ], [ -104.6251, 39.86154 ], [ -104.62512, 39.85704 ] ] ] } },
{ "type": "Feature", "properties": { "predicted": 0.0 }, "geometry": { "type": "Polygon", "coordinates": [ [ [ -104.73617, 39.86185 ], [ -104.73032, 39.86184 ], [ -104.7303, 39.86634 ], [ -104.73615, 39.86635 ], [ -104.73617, 39.86185 ] ] ] } },
{ "type": "Feature", "properties": { "predicted": 0.0 }, "geometry": { "type": "Polygon", "coordinates": [ [ [ -104.73032, 39.86184 ], [ -104.72448, 39.86182 ], [ -104.72446, 39.86633 ], [ -104.7303, 39.86634 ], [ -104.73032, 39.86184 ] ] ] } },
{ "type": "Feature", "properties": { "predicted": 0.0 }, "geometry": { "type": "Polygon", "coordinates": [ [ [ -104.72448, 39.86182 ], [ -104.71863, 39.86181 ], [ -104.71861, 39.86631 ], [ -104.72446, 39.86633 ], [ -104.72448, 39.86182 ] ] ] } },
{ "type": "Feature", "properties": { "predicted": 0.0 }, "geometry": { "type": "Polygon", "coordinates": [ [ [ -104.71863, 39.86181 ], [ -104.71278, 39.86179 ], [ -104.71276, 39.8663 ], [ -104.71861, 39.86631 ], [ -104.71863, 39.86181 ] ] ] } },
{ "type": "Feature", "properties": { "predicted": 0.0 }, "geometry": { "type": "Polygon", "coordinates": [ [ [ -104.71278, 39.86179 ], [ -104.70694, 39.86178 ], [ -104.70692, 39.86628 ], [ -104.71276, 39.8663 ], [ -104.71278, 39.86179 ] ] ] } },
{ "type": "Feature", "properties": { "predicted": 0.0 }, "geometry": { "type": "Polygon", "coordinates": [ [ [ -104.70694, 39.86178 ], [ -104.70109, 39.86176 ], [ -104.70107, 39.86627 ], [ -104.70692, 39.86628 ], [ -104.70694, 39.86178 ] ] ] } },
{ "type": "Feature", "properties": { "predicted": 0.0 }, "geometry": { "type": "Polygon", "coordinates": [ [ [ -104.70109, 39.86176 ], [ -104.69525, 39.86175 ], [ -104.69523, 39.86625 ], [ -104.70107, 39.86627 ], [ -104.70109, 39.86176 ] ] ] } },
{ "type": "Feature", "properties": { "predicted": 0.0 }, "geometry": { "type": "Polygon", "coordinates": [ [ [ -104.69525, 39.86175 ], [ -104.6894, 39.86173 ], [ -104.68938, 39.86624 ], [ -104.69523, 39.86625 ], [ -104.69525, 39.86175 ] ] ] } },
{ "type": "Feature", "properties": { "predicted": 0.0 }, "geometry": { "type": "Polygon", "coordinates": [ [ [ -104.6894, 39.86173 ], [ -104.68356, 39.86172 ], [ -104.68353, 39.86622 ], [ -104.68938, 39.86624 ], [ -104.6894, 39.86173 ] ] ] } },
{ "type": "Feature", "properties": { "predicted": 0.0 }, "geometry": { "type": "Polygon", "coordinates": [ [ [ -104.68356, 39.86172 ], [ -104.67771, 39.8617 ], [ -104.67769, 39.86621 ], [ -104.68353, 39.86622 ], [ -104.68356, 39.86172 ] ] ] } },
{ "type": "Feature", "properties": { "predicted": 0.0 }, "geometry": { "type": "Polygon", "coordinates": [ [ [ -104.67771, 39.8617 ], [ -104.67186, 39.86168 ], [ -104.67184, 39.86619 ], [ -104.67769, 39.86621 ], [ -104.67771, 39.8617 ] ] ] } },
{ "type": "Feature", "properties": { "predicted": 0.0 }, "geometry": { "type": "Polygon", "coordinates": [ [ [ -104.67186, 39.86168 ], [ -104.66602, 39.86167 ], [ -104.666, 39.86617 ], [ -104.67184, 39.86619 ], [ -104.67186, 39.86168 ] ] ] } },
{ "type": "Feature", "properties": { "predicted": 0.0 }, "geometry": { "type": "Polygon", "coordinates": [ [ [ -104.66602, 39.86167 ], [ -104.66017, 39.86165 ], [ -104.66015, 39.86616 ], [ -104.666, 39.86617 ], [ -104.66602, 39.86167 ] ] ] } },
{ "type": "Feature", "properties": { "predicted": 0.0 }, "geometry": { "type": "Polygon", "coordinates": [ [ [ -104.66017, 39.86165 ], [ -104.65433, 39.86163 ], [ -104.6543, 39.86614 ], [ -104.66015, 39.86616 ], [ -104.66017, 39.86165 ] ] ] } },
{ "type": "Feature", "properties": { "predicted": 0.0 }, "geometry": { "type": "Polygon", "coordinates": [ [ [ -104.65433, 39.86163 ], [ -104.64848, 39.86162 ], [ -104.64846, 39.86612 ], [ -104.6543, 39.86614 ], [ -104.65433, 39.86163 ] ] ] } },
{ "type": "Feature", "properties": { "predicted": 0.0 }, "geometry": { "type": "Polygon", "coordinates": [ [ [ -104.64848, 39.86162 ], [ -104.64264, 39.8616 ], [ -104.64261, 39.8661 ], [ -104.64846, 39.86612 ], [ -104.64848, 39.86162 ] ] ] } },
{ "type": "Feature", "properties": { "predicted": 0.0 }, "geometry": { "type": "Polygon", "coordinates": [ [ [ -104.64264, 39.8616 ], [ -104.63679, 39.86158 ], [ -104.63677, 39.86609 ], [ -104.64261, 39.8661 ], [ -104.64264, 39.8616 ] ] ] } },
{ "type": "Feature", "properties": { "predicted": 0.0 }, "geometry": { "type": "Polygon", "coordinates": [ [ [ -104.63679, 39.86158 ], [ -104.63094, 39.86156 ], [ -104.63092, 39.86607 ], [ -104.63677, 39.86609 ], [ -104.63679, 39.86158 ] ] ] } },
{ "type": "Feature", "properties": { "predicted": 0.0 }, "geometry": { "type": "Polygon", "coordinates": [ [ [ -104.63094, 39.86156 ], [ -104.6251, 39.86154 ], [ -104.62507, 39.86605 ], [ -104.63092, 39.86607 ], [ -104.63094, 39.86156 ] ] ] } },
{ "type": "Feature", "properties": { "predicted": 0.0 }, "geometry": { "type": "Polygon", "coordinates": [ [ [ -104.6251, 39.86154 ], [ -104.61925, 39.86152 ], [ -104.61923, 39.86603 ], [ -104.62507, 39.86605 ], [ -104.6251, 39.86154 ] ] ] } },
{ "type": "Feature", "properties": { "predicted": 0.0 }, "geometry": { "type": "Polygon", "coordinates": [ [ [ -104.73615, 39.86635 ], [ -104.7303, 39.86634 ], [ -104.73029, 39.87085 ], [ -104.73613, 39.87086 ], [ -104.73615, 39.86635 ] ] ] } },
{ "type": "Feature", "properties": { "predicted": 0.0 }, "geometry": { "type": "Polygon", "coordinates": [ [ [ -104.7303, 39.86634 ], [ -104.72446, 39.86633 ], [ -104.72444, 39.87083 ], [ -104.73029, 39.87085 ], [ -104.7303, 39.86634 ] ] ] } },
{ "type": "Feature", "properties": { "predicted": 0.0 }, "geometry": { "type": "Polygon", "coordinates": [ [ [ -104.72446, 39.86633 ], [ -104.71861, 39.86631 ], [ -104.71859, 39.87082 ], [ -104.72444, 39.87083 ], [ -104.72446, 39.86633 ] ] ] } },
{ "type": "Feature", "properties": { "predicted": 0.0 }, "geometry": { "type": "Polygon", "coordinates": [ [ [ -104.71861, 39.86631 ], [ -104.71276, 39.8663 ], [ -104.71275, 39.8708 ], [ -104.71859, 39.87082 ], [ -104.71861, 39.86631 ] ] ] } },
{ "type": "Feature", "properties": { "predicted": 0.0 }, "geometry": { "type": "Polygon", "coordinates": [ [ [ -104.71276, 39.8663 ], [ -104.70692, 39.86628 ], [ -104.7069, 39.87079 ], [ -104.71275, 39.8708 ], [ -104.71276, 39.8663 ] ] ] } },
{ "type": "Feature", "properties": { "predicted": 0.0 }, "geometry": { "type": "Polygon", "coordinates": [ [ [ -104.70692, 39.86628 ], [ -104.70107, 39.86627 ], [ -104.70105, 39.87077 ], [ -104.7069, 39.87079 ], [ -104.70692, 39.86628 ] ] ] } },
{ "type": "Feature", "properties": { "predicted": 0.0 }, "geometry": { "type": "Polygon", "coordinates": [ [ [ -104.70107, 39.86627 ], [ -104.69523, 39.86625 ], [ -104.69521, 39.87076 ], [ -104.70105, 39.87077 ], [ -104.70107, 39.86627 ] ] ] } },
{ "type": "Feature", "properties": { "predicted": 0.0 }, "geometry": { "type": "Polygon", "coordinates": [ [ [ -104.69523, 39.86625 ], [ -104.68938, 39.86624 ], [ -104.68936, 39.87074 ], [ -104.69521, 39.87076 ], [ -104.69523, 39.86625 ] ] ] } },
{ "type": "Feature", "properties": { "predicted": 0.0 }, "geometry": { "type": "Polygon", "coordinates": [ [ [ -104.68938, 39.86624 ], [ -104.68353, 39.86622 ], [ -104.68351, 39.87073 ], [ -104.68936, 39.87074 ], [ -104.68938, 39.86624 ] ] ] } },
{ "type": "Feature", "properties": { "predicted": 0.0 }, "geometry": { "type": "Polygon", "coordinates": [ [ [ -104.68353, 39.86622 ], [ -104.67769, 39.86621 ], [ -104.67767, 39.87071 ], [ -104.68351, 39.87073 ], [ -104.68353, 39.86622 ] ] ] } },
{ "type": "Feature", "properties": { "predicted": 0.0 }, "geometry": { "type": "Polygon", "coordinates": [ [ [ -104.67769, 39.86621 ], [ -104.67184, 39.86619 ], [ -104.67182, 39.87069 ], [ -104.67767, 39.87071 ], [ -104.67769, 39.86621 ] ] ] } },
{ "type": "Feature", "properties": { "predicted": 0.0 }, "geometry": { "type": "Polygon", "coordinates": [ [ [ -104.67184, 39.86619 ], [ -104.666, 39.86617 ], [ -104.66597, 39.87068 ], [ -104.67182, 39.87069 ], [ -104.67184, 39.86619 ] ] ] } },
{ "type": "Feature", "properties": { "predicted": 0.0 }, "geometry": { "type": "Polygon", "coordinates": [ [ [ -104.666, 39.86617 ], [ -104.66015, 39.86616 ], [ -104.66013, 39.87066 ], [ -104.66597, 39.87068 ], [ -104.666, 39.86617 ] ] ] } },
{ "type": "Feature", "properties": { "predicted": 0.0 }, "geometry": { "type": "Polygon", "coordinates": [ [ [ -104.66015, 39.86616 ], [ -104.6543, 39.86614 ], [ -104.65428, 39.87064 ], [ -104.66013, 39.87066 ], [ -104.66015, 39.86616 ] ] ] } },
{ "type": "Feature", "properties": { "predicted": 0.0 }, "geometry": { "type": "Polygon", "coordinates": [ [ [ -104.6543, 39.86614 ], [ -104.64846, 39.86612 ], [ -104.64843, 39.87063 ], [ -104.65428, 39.87064 ], [ -104.6543, 39.86614 ] ] ] } },
{ "type": "Feature", "properties": { "predicted": 0.0 }, "geometry": { "type": "Polygon", "coordinates": [ [ [ -104.64846, 39.86612 ], [ -104.64261, 39.8661 ], [ -104.64259, 39.87061 ], [ -104.64843, 39.87063 ], [ -104.64846, 39.86612 ] ] ] } },
{ "type": "Feature", "properties": { "predicted": 0.0 }, "geometry": { "type": "Polygon", "coordinates": [ [ [ -104.64261, 39.8661 ], [ -104.63677, 39.86609 ], [ -104.63674, 39.87059 ], [ -104.64259, 39.87061 ], [ -104.64261, 39.8661 ] ] ] } },
{ "type": "Feature", "properties": { "predicted": 0.0 }, "geometry": { "type": "Polygon", "coordinates": [ [ [ -104.63677, 39.86609 ], [ -104.63092, 39.86607 ], [ -104.6309, 39.87057 ], [ -104.63674, 39.87059 ], [ -104.63677, 39.86609 ] ] ] } },
{ "type": "Feature", "properties": { "predicted": 0.0 }, "geometry": { "type": "Polygon", "coordinates": [ [ [ -104.63092, 39.86607 ], [ -104.62507, 39.86605 ], [ -104.62505, 39.87055 ], [ -104.6309, 39.87057 ], [ -104.63092, 39.86607 ] ] ] } },
{ "type": "Feature", "properties": { "predicted": 0.0 }, "geometry": { "type": "Polygon", "coordinates": [ [ [ -104.62507, 39.86605 ], [ -104.61923, 39.86603 ], [ -104.6192, 39.87053 ], [ -104.62505, 39.87055 ], [ -104.62507, 39.86605 ] ] ] } },
{ "type": "Feature", "properties": { "predicted": 0.0 }, "geometry": { "type": "Polygon", "coordinates": [ [ [ -104.61923, 39.86603 ], [ -104.61338, 39.86601 ], [ -104.61336, 39.87051 ], [ -104.6192, 39.87053 ], [ -104.61923, 39.86603 ] ] ] } },
{ "type": "Feature", "properties": { "predicted": 0.0 }, "geometry": { "type": "Polygon", "coordinates": [ [ [ -104.73613, 39.87086 ], [ -104.73029, 39.87085 ], [ -104.73027, 39.87535 ], [ -104.73611, 39.87536 ], [ -104.73613, 39.87086 ] ] ] } },
{ "type": "Feature", "properties": { "predicted": 0.0 }, "geometry": { "type": "Polygon", "coordinates": [ [ [ -104.73029, 39.87085 ], [ -104.72444, 39.87083 ], [ -104.72442, 39.87534 ], [ -104.73027, 39.87535 ], [ -104.73029, 39.87085 ] ] ] } },
{ "type": "Feature", "properties": { "predicted": 0.0 }, "geometry": { "type": "Polygon", "coordinates": [ [ [ -104.72444, 39.87083 ], [ -104.71859, 39.87082 ], [ -104.71857, 39.87532 ], [ -104.72442, 39.87534 ], [ -104.72444, 39.87083 ] ] ] } },
{ "type": "Feature", "properties": { "predicted": 0.0 }, "geometry": { "type": "Polygon", "coordinates": [ [ [ -104.71859, 39.87082 ], [ -104.71275, 39.8708 ], [ -104.71273, 39.87531 ], [ -104.71857, 39.87532 ], [ -104.71859, 39.87082 ] ] ] } },
{ "type": "Feature", "properties": { "predicted": 0.0 }, "geometry": { "type": "Polygon", "coordinates": [ [ [ -104.71275, 39.8708 ], [ -104.7069, 39.87079 ], [ -104.70688, 39.87529 ], [ -104.71273, 39.87531 ], [ -104.71275, 39.8708 ] ] ] } },
{ "type": "Feature", "properties": { "predicted": 0.0 }, "geometry": { "type": "Polygon", "coordinates": [ [ [ -104.7069, 39.87079 ], [ -104.70105, 39.87077 ], [ -104.70103, 39.87528 ], [ -104.70688, 39.87529 ], [ -104.7069, 39.87079 ] ] ] } },
{ "type": "Feature", "properties": { "predicted": 0.0 }, "geometry": { "type": "Polygon", "coordinates": [ [ [ -104.70105, 39.87077 ], [ -104.69521, 39.87076 ], [ -104.69519, 39.87526 ], [ -104.70103, 39.87528 ], [ -104.70105, 39.87077 ] ] ] } },
{ "type": "Feature", "properties": { "predicted": 0.0 }, "geometry": { "type": "Polygon", "coordinates": [ [ [ -104.69521, 39.87076 ], [ -104.68936, 39.87074 ], [ -104.68934, 39.87525 ], [ -104.69519, 39.87526 ], [ -104.69521, 39.87076 ] ] ] } },
{ "type": "Feature", "properties": { "predicted": 0.0 }, "geometry": { "type": "Polygon", "coordinates": [ [ [ -104.68936, 39.87074 ], [ -104.68351, 39.87073 ], [ -104.68349, 39.87523 ], [ -104.68934, 39.87525 ], [ -104.68936, 39.87074 ] ] ] } },
{ "type": "Feature", "properties": { "predicted": 0.0 }, "geometry": { "type": "Polygon", "coordinates": [ [ [ -104.68351, 39.87073 ], [ -104.67767, 39.87071 ], [ -104.67765, 39.87522 ], [ -104.68349, 39.87523 ], [ -104.68351, 39.87073 ] ] ] } },
{ "type": "Feature", "properties": { "predicted": 0.0 }, "geometry": { "type": "Polygon", "coordinates": [ [ [ -104.67767, 39.87071 ], [ -104.67182, 39.87069 ], [ -104.6718, 39.8752 ], [ -104.67765, 39.87522 ], [ -104.67767, 39.87071 ] ] ] } },
{ "type": "Feature", "properties": { "predicted": 0.0 }, "geometry": { "type": "Polygon", "coordinates": [ [ [ -104.67182, 39.87069 ], [ -104.66597, 39.87068 ], [ -104.66595, 39.87518 ], [ -104.6718, 39.8752 ], [ -104.67182, 39.87069 ] ] ] } },
{ "type": "Feature", "properties": { "predicted": 0.0 }, "geometry": { "type": "Polygon", "coordinates": [ [ [ -104.66597, 39.87068 ], [ -104.66013, 39.87066 ], [ -104.66011, 39.87517 ], [ -104.66595, 39.87518 ], [ -104.66597, 39.87068 ] ] ] } },
{ "type": "Feature", "properties": { "predicted": 0.0 }, "geometry": { "type": "Polygon", "coordinates": [ [ [ -104.66013, 39.87066 ], [ -104.65428, 39.87064 ], [ -104.65426, 39.87515 ], [ -104.66011, 39.87517 ], [ -104.66013, 39.87066 ] ] ] } },
{ "type": "Feature", "properties": { "predicted": 0.0 }, "geometry": { "type": "Polygon", "coordinates": [ [ [ -104.65428, 39.87064 ], [ -104.64843, 39.87063 ], [ -104.64841, 39.87513 ], [ -104.65426, 39.87515 ], [ -104.65428, 39.87064 ] ] ] } },
{ "type": "Feature", "properties": { "predicted": 0.0 }, "geometry": { "type": "Polygon", "coordinates": [ [ [ -104.64843, 39.87063 ], [ -104.64259, 39.87061 ], [ -104.64257, 39.87511 ], [ -104.64841, 39.87513 ], [ -104.64843, 39.87063 ] ] ] } },
{ "type": "Feature", "properties": { "predicted": 0.0 }, "geometry": { "type": "Polygon", "coordinates": [ [ [ -104.64259, 39.87061 ], [ -104.63674, 39.87059 ], [ -104.63672, 39.87509 ], [ -104.64257, 39.87511 ], [ -104.64259, 39.87061 ] ] ] } },
{ "type": "Feature", "properties": { "predicted": 0.0 }, "geometry": { "type": "Polygon", "coordinates": [ [ [ -104.63674, 39.87059 ], [ -104.6309, 39.87057 ], [ -104.63087, 39.87508 ], [ -104.63672, 39.87509 ], [ -104.63674, 39.87059 ] ] ] } },
{ "type": "Feature", "properties": { "predicted": 0.0 }, "geometry": { "type": "Polygon", "coordinates": [ [ [ -104.6309, 39.87057 ], [ -104.62505, 39.87055 ], [ -104.62502, 39.87506 ], [ -104.63087, 39.87508 ], [ -104.6309, 39.87057 ] ] ] } },
{ "type": "Feature", "properties": { "predicted": 0.0 }, "geometry": { "type": "Polygon", "coordinates": [ [ [ -104.62505, 39.87055 ], [ -104.6192, 39.87053 ], [ -104.61918, 39.87504 ], [ -104.62502, 39.87506 ], [ -104.62505, 39.87055 ] ] ] } },
{ "type": "Feature", "properties": { "predicted": 0.0 }, "geometry": { "type": "Polygon", "coordinates": [ [ [ -104.6192, 39.87053 ], [ -104.61336, 39.87051 ], [ -104.61333, 39.87502 ], [ -104.61918, 39.87504 ], [ -104.6192, 39.87053 ] ] ] } },
{ "type": "Feature", "properties": { "predicted": 0.0 }, "geometry": { "type": "Polygon", "coordinates": [ [ [ -104.61336, 39.87051 ], [ -104.60751, 39.87049 ], [ -104.60748, 39.875 ], [ -104.61333, 39.87502 ], [ -104.61336, 39.87051 ] ] ] } },
{ "type": "Feature", "properties": { "predicted": 0.0 }, "geometry": { "type": "Polygon", "coordinates": [ [ [ -104.60751, 39.87049 ], [ -104.60166, 39.87047 ], [ -104.60164, 39.87498 ], [ -104.60748, 39.875 ], [ -104.60751, 39.87049 ] ] ] } },
{ "type": "Feature", "properties": { "predicted": 0.0 }, "geometry": { "type": "Polygon", "coordinates": [ [ [ -104.73611, 39.87536 ], [ -104.73027, 39.87535 ], [ -104.73025, 39.87986 ], [ -104.7361, 39.87987 ], [ -104.73611, 39.87536 ] ] ] } },
{ "type": "Feature", "properties": { "predicted": 0.0 }, "geometry": { "type": "Polygon", "coordinates": [ [ [ -104.73027, 39.87535 ], [ -104.72442, 39.87534 ], [ -104.7244, 39.87984 ], [ -104.73025, 39.87986 ], [ -104.73027, 39.87535 ] ] ] } },
{ "type": "Feature", "properties": { "predicted": 0.0 }, "geometry": { "type": "Polygon", "coordinates": [ [ [ -104.72442, 39.87534 ], [ -104.71857, 39.87532 ], [ -104.71856, 39.87983 ], [ -104.7244, 39.87984 ], [ -104.72442, 39.87534 ] ] ] } },
{ "type": "Feature", "properties": { "predicted": 0.0 }, "geometry": { "type": "Polygon", "coordinates": [ [ [ -104.71857, 39.87532 ], [ -104.71273, 39.87531 ], [ -104.71271, 39.87981 ], [ -104.71856, 39.87983 ], [ -104.71857, 39.87532 ] ] ] } },
{ "type": "Feature", "properties": { "predicted": 0.0 }, "geometry": { "type": "Polygon", "coordinates": [ [ [ -104.71273, 39.87531 ], [ -104.70688, 39.87529 ], [ -104.70686, 39.8798 ], [ -104.71271, 39.87981 ], [ -104.71273, 39.87531 ] ] ] } },
{ "type": "Feature", "properties": { "predicted": 0.0 }, "geometry": { "type": "Polygon", "coordinates": [ [ [ -104.70688, 39.87529 ], [ -104.70103, 39.87528 ], [ -104.70101, 39.87978 ], [ -104.70686, 39.8798 ], [ -104.70688, 39.87529 ] ] ] } },
{ "type": "Feature", "properties": { "predicted": 0.0 }, "geometry": { "type": "Polygon", "coordinates": [ [ [ -104.70103, 39.87528 ], [ -104.69519, 39.87526 ], [ -104.69517, 39.87977 ], [ -104.70101, 39.87978 ], [ -104.70103, 39.87528 ] ] ] } },
{ "type": "Feature", "properties": { "predicted": 0.0 }, "geometry": { "type": "Polygon", "coordinates": [ [ [ -104.69519, 39.87526 ], [ -104.68934, 39.87525 ], [ -104.68932, 39.87975 ], [ -104.69517, 39.87977 ], [ -104.69519, 39.87526 ] ] ] } },
{ "type": "Feature", "properties": { "predicted": 0.0 }, "geometry": { "type": "Polygon", "coordinates": [ [ [ -104.68934, 39.87525 ], [ -104.68349, 39.87523 ], [ -104.68347, 39.87974 ], [ -104.68932, 39.87975 ], [ -104.68934, 39.87525 ] ] ] } },
{ "type": "Feature", "properties": { "predicted": 0.0 }, "geometry": { "type": "Polygon", "coordinates": [ [ [ -104.68349, 39.87523 ], [ -104.67765, 39.87522 ], [ -104.67763, 39.87972 ], [ -104.68347, 39.87974 ], [ -104.68349, 39.87523 ] ] ] } },
{ "type": "Feature", "properties": { "predicted": 0.0 }, "geometry": { "type": "Polygon", "coordinates": [ [ [ -104.67765, 39.87522 ], [ -104.6718, 39.8752 ], [ -104.67178, 39.8797 ], [ -104.67763, 39.87972 ], [ -104.67765, 39.87522 ] ] ] } },
{ "type": "Feature", "properties": { "predicted": 0.0 }, "geometry": { "type": "Polygon", "coordinates": [ [ [ -104.6718, 39.8752 ], [ -104.66595, 39.87518 ], [ -104.66593, 39.87969 ], [ -104.67178, 39.8797 ], [ -104.6718, 39.8752 ] ] ] } },
{ "type": "Feature", "properties": { "predicted": 0.0 }, "geometry": { "type": "Polygon", "coordinates": [ [ [ -104.66595, 39.87518 ], [ -104.66011, 39.87517 ], [ -104.66008, 39.87967 ], [ -104.66593, 39.87969 ], [ -104.66595, 39.87518 ] ] ] } },
{ "type": "Feature", "properties": { "predicted": 0.0 }, "geometry": { "type": "Polygon", "coordinates": [ [ [ -104.66011, 39.87517 ], [ -104.65426, 39.87515 ], [ -104.65424, 39.87965 ], [ -104.66008, 39.87967 ], [ -104.66011, 39.87517 ] ] ] } },
{ "type": "Feature", "properties": { "predicted": 0.0 }, "geometry": { "type": "Polygon", "coordinates": [ [ [ -104.65426, 39.87515 ], [ -104.64841, 39.87513 ], [ -104.64839, 39.87964 ], [ -104.65424, 39.87965 ], [ -104.65426, 39.87515 ] ] ] } },
{ "type": "Feature", "properties": { "predicted": 0.0 }, "geometry": { "type": "Polygon", "coordinates": [ [ [ -104.64841, 39.87513 ], [ -104.64257, 39.87511 ], [ -104.64254, 39.87962 ], [ -104.64839, 39.87964 ], [ -104.64841, 39.87513 ] ] ] } },
{ "type": "Feature", "properties": { "predicted": 0.0 }, "geometry": { "type": "Polygon", "coordinates": [ [ [ -104.64257, 39.87511 ], [ -104.63672, 39.87509 ], [ -104.63669, 39.8796 ], [ -104.64254, 39.87962 ], [ -104.64257, 39.87511 ] ] ] } },
{ "type": "Feature", "properties": { "predicted": 0.0 }, "geometry": { "type": "Polygon", "coordinates": [ [ [ -104.63672, 39.87509 ], [ -104.63087, 39.87508 ], [ -104.63085, 39.87958 ], [ -104.63669, 39.8796 ], [ -104.63672, 39.87509 ] ] ] } },
{ "type": "Feature", "properties": { "predicted": 0.0 }, "geometry": { "type": "Polygon", "coordinates": [ [ [ -104.63087, 39.87508 ], [ -104.62502, 39.87506 ], [ -104.625, 39.87956 ], [ -104.63085, 39.87958 ], [ -104.63087, 39.87508 ] ] ] } },
{ "type": "Feature", "properties": { "predicted": 0.0 }, "geometry": { "type": "Polygon", "coordinates": [ [ [ -104.62502, 39.87506 ], [ -104.61918, 39.87504 ], [ -104.61915, 39.87954 ], [ -104.625, 39.87956 ], [ -104.62502, 39.87506 ] ] ] } },
{ "type": "Feature", "properties": { "predicted": 0.0 }, "geometry": { "type": "Polygon", "coordinates": [ [ [ -104.61918, 39.87504 ], [ -104.61333, 39.87502 ], [ -104.61331, 39.87952 ], [ -104.61915, 39.87954 ], [ -104.61918, 39.87504 ] ] ] } },
{ "type": "Feature", "properties": { "predicted": 0.0 }, "geometry": { "type": "Polygon", "coordinates": [ [ [ -104.61333, 39.87502 ], [ -104.60748, 39.875 ], [ -104.60746, 39.8795 ], [ -104.61331, 39.87952 ], [ -104.61333, 39.87502 ] ] ] } },
{ "type": "Feature", "properties": { "predicted": 0.0 }, "geometry": { "type": "Polygon", "coordinates": [ [ [ -104.60748, 39.875 ], [ -104.60164, 39.87498 ], [ -104.60161, 39.87948 ], [ -104.60746, 39.8795 ], [ -104.60748, 39.875 ] ] ] } },
{ "type": "Feature", "properties": { "predicted": 0.0 }, "geometry": { "type": "Polygon", "coordinates": [ [ [ -104.7361, 39.87987 ], [ -104.73025, 39.87986 ], [ -104.73023, 39.88436 ], [ -104.73608, 39.88437 ], [ -104.7361, 39.87987 ] ] ] } },
{ "type": "Feature", "properties": { "predicted": 0.0 }, "geometry": { "type": "Polygon", "coordinates": [ [ [ -104.73025, 39.87986 ], [ -104.7244, 39.87984 ], [ -104.72438, 39.88435 ], [ -104.73023, 39.88436 ], [ -104.73025, 39.87986 ] ] ] } },
{ "type": "Feature", "properties": { "predicted": 0.0 }, "geometry": { "type": "Polygon", "coordinates": [ [ [ -104.7244, 39.87984 ], [ -104.71856, 39.87983 ], [ -104.71854, 39.88433 ], [ -104.72438, 39.88435 ], [ -104.7244, 39.87984 ] ] ] } },
{ "type": "Feature", "properties": { "predicted": 0.0 }, "geometry": { "type": "Polygon", "coordinates": [ [ [ -104.71856, 39.87983 ], [ -104.71271, 39.87981 ], [ -104.71269, 39.88432 ], [ -104.71854, 39.88433 ], [ -104.71856, 39.87983 ] ] ] } },
{ "type": "Feature", "properties": { "predicted": 0.0 }, "geometry": { "type": "Polygon", "coordinates": [ [ [ -104.71271, 39.87981 ], [ -104.70686, 39.8798 ], [ -104.70684, 39.8843 ], [ -104.71269, 39.88432 ], [ -104.71271, 39.87981 ] ] ] } },
{ "type": "Feature", "properties": { "predicted": 0.0 }, "geometry": { "type": "Polygon", "coordinates": [ [ [ -104.70686, 39.8798 ], [ -104.70101, 39.87978 ], [ -104.70099, 39.88429 ], [ -104.70684, 39.8843 ], [ -104.70686, 39.8798 ] ] ] } },
{ "type": "Feature", "properties": { "predicted": 0.0 }, "geometry": { "type": "Polygon", "coordinates": [ [ [ -104.70101, 39.87978 ], [ -104.69517, 39.87977 ], [ -104.69515, 39.88427 ], [ -104.70099, 39.88429 ], [ -104.70101, 39.87978 ] ] ] } },
{ "type": "Feature", "properties": { "predicted": 0.0 }, "geometry": { "type": "Polygon", "coordinates": [ [ [ -104.69517, 39.87977 ], [ -104.68932, 39.87975 ], [ -104.6893, 39.88426 ], [ -104.69515, 39.88427 ], [ -104.69517, 39.87977 ] ] ] } },
{ "type": "Feature", "properties": { "predicted": 0.0 }, "geometry": { "type": "Polygon", "coordinates": [ [ [ -104.68932, 39.87975 ], [ -104.68347, 39.87974 ], [ -104.68345, 39.88424 ], [ -104.6893, 39.88426 ], [ -104.68932, 39.87975 ] ] ] } },
{ "type": "Feature", "properties": { "predicted": 0.0 }, "geometry": { "type": "Polygon", "coordinates": [ [ [ -104.68347, 39.87974 ], [ -104.67763, 39.87972 ], [ -104.6776, 39.88423 ], [ -104.68345, 39.88424 ], [ -104.68347, 39.87974 ] ] ] } },
{ "type": "Feature", "properties": { "predicted": 0.0 }, "geometry": { "type": "Polygon", "coordinates": [ [ [ -104.67763, 39.87972 ], [ -104.67178, 39.8797 ], [ -104.67176, 39.88421 ], [ -104.6776, 39.88423 ], [ -104.67763, 39.87972 ] ] ] } },
{ "type": "Feature", "properties": { "predicted": 0.0 }, "geometry": { "type": "Polygon", "coordinates": [ [ [ -104.67178, 39.8797 ], [ -104.66593, 39.87969 ], [ -104.66591, 39.88419 ], [ -104.67176, 39.88421 ], [ -104.67178, 39.8797 ] ] ] } },
{ "type": "Feature", "properties": { "predicted": 0.0 }, "geometry": { "type": "Polygon", "coordinates": [ [ [ -104.66593, 39.87969 ], [ -104.66008, 39.87967 ], [ -104.66006, 39.88418 ], [ -104.66591, 39.88419 ], [ -104.66593, 39.87969 ] ] ] } },
{ "type": "Feature", "properties": { "predicted": 0.0 }, "geometry": { "type": "Polygon", "coordinates": [ [ [ -104.66008, 39.87967 ], [ -104.65424, 39.87965 ], [ -104.65421, 39.88416 ], [ -104.66006, 39.88418 ], [ -104.66008, 39.87967 ] ] ] } },
{ "type": "Feature", "properties": { "predicted": 0.0 }, "geometry": { "type": "Polygon", "coordinates": [ [ [ -104.65424, 39.87965 ], [ -104.64839, 39.87964 ], [ -104.64837, 39.88414 ], [ -104.65421, 39.88416 ], [ -104.65424, 39.87965 ] ] ] } },
{ "type": "Feature", "properties": { "predicted": 0.0 }, "geometry": { "type": "Polygon", "coordinates": [ [ [ -104.64839, 39.87964 ], [ -104.64254, 39.87962 ], [ -104.64252, 39.88412 ], [ -104.64837, 39.88414 ], [ -104.64839, 39.87964 ] ] ] } },
{ "type": "Feature", "properties": { "predicted": 0.0 }, "geometry": { "type": "Polygon", "coordinates": [ [ [ -104.64254, 39.87962 ], [ -104.63669, 39.8796 ], [ -104.63667, 39.8841 ], [ -104.64252, 39.88412 ], [ -104.64254, 39.87962 ] ] ] } },
{ "type": "Feature", "properties": { "predicted": 0.0 }, "geometry": { "type": "Polygon", "coordinates": [ [ [ -104.63669, 39.8796 ], [ -104.63085, 39.87958 ], [ -104.63082, 39.88409 ], [ -104.63667, 39.8841 ], [ -104.63669, 39.8796 ] ] ] } },
{ "type": "Feature", "properties": { "predicted": 0.0 }, "geometry": { "type": "Polygon", "coordinates": [ [ [ -104.63085, 39.87958 ], [ -104.625, 39.87956 ], [ -104.62498, 39.88407 ], [ -104.63082, 39.88409 ], [ -104.63085, 39.87958 ] ] ] } },
{ "type": "Feature", "properties": { "predicted": 0.0 }, "geometry": { "type": "Polygon", "coordinates": [ [ [ -104.625, 39.87956 ], [ -104.61915, 39.87954 ], [ -104.61913, 39.88405 ], [ -104.62498, 39.88407 ], [ -104.625, 39.87956 ] ] ] } },
{ "type": "Feature", "properties": { "predicted": 0.0 }, "geometry": { "type": "Polygon", "coordinates": [ [ [ -104.61915, 39.87954 ], [ -104.61331, 39.87952 ], [ -104.61328, 39.88403 ], [ -104.61913, 39.88405 ], [ -104.61915, 39.87954 ] ] ] } },
{ "type": "Feature", "properties": { "predicted": 0.0 }, "geometry": { "type": "Polygon", "coordinates": [ [ [ -104.61331, 39.87952 ], [ -104.60746, 39.8795 ], [ -104.60743, 39.88401 ], [ -104.61328, 39.88403 ], [ -104.61331, 39.87952 ] ] ] } },
{ "type": "Feature", "properties": { "predicted": 0.0 }, "geometry": { "type": "Polygon", "coordinates": [ [ [ -104.60746, 39.8795 ], [ -104.60161, 39.87948 ], [ -104.60159, 39.88399 ], [ -104.60743, 39.88401 ], [ -104.60746, 39.8795 ] ] ] } },
{ "type": "Feature", "properties": { "predicted": 0.0 }, "geometry": { "type": "Polygon", "coordinates": [ [ [ -104.60161, 39.87948 ], [ -104.59576, 39.87946 ], [ -104.59574, 39.88397 ], [ -104.60159, 39.88399 ], [ -104.60161, 39.87948 ] ] ] } },
{ "type": "Feature", "properties": { "predicted": 0.0 }, "geometry": { "type": "Polygon", "coordinates": [ [ [ -104.73608, 39.88437 ], [ -104.73023, 39.88436 ], [ -104.73021, 39.88886 ], [ -104.73606, 39.88888 ], [ -104.73608, 39.88437 ] ] ] } },
{ "type": "Feature", "properties": { "predicted": 0.0 }, "geometry": { "type": "Polygon", "coordinates": [ [ [ -104.73023, 39.88436 ], [ -104.72438, 39.88435 ], [ -104.72437, 39.88885 ], [ -104.73021, 39.88886 ], [ -104.73023, 39.88436 ] ] ] } },
{ "type": "Feature", "properties": { "predicted": 0.0 }, "geometry": { "type": "Polygon", "coordinates": [ [ [ -104.72438, 39.88435 ], [ -104.71854, 39.88433 ], [ -104.71852, 39.88884 ], [ -104.72437, 39.88885 ], [ -104.72438, 39.88435 ] ] ] } },
{ "type": "Feature", "properties": { "predicted": 0.0 }, "geometry": { "type": "Polygon", "coordinates": [ [ [ -104.71854, 39.88433 ], [ -104.71269, 39.88432 ], [ -104.71267, 39.88882 ], [ -104.71852, 39.88884 ], [ -104.71854, 39.88433 ] ] ] } },
{ "type": "Feature", "properties": { "predicted": 0.0 }, "geometry": { "type": "Polygon", "coordinates": [ [ [ -104.71269, 39.88432 ], [ -104.70684, 39.8843 ], [ -104.70682, 39.88881 ], [ -104.71267, 39.88882 ], [ -104.71269, 39.88432 ] ] ] } },
{ "type": "Feature", "properties": { "predicted": 0.0 }, "geometry": { "type": "Polygon", "coordinates": [ [ [ -104.70684, 39.8843 ], [ -104.70099, 39.88429 ], [ -104.70097, 39.88879 ], [ -104.70682, 39.88881 ], [ -104.70684, 39.8843 ] ] ] } },
{ "type": "Feature", "properties": { "predicted": 0.0 }, "geometry": { "type": "Polygon", "coordinates": [ [ [ -104.70099, 39.88429 ], [ -104.69515, 39.88427 ], [ -104.69513, 39.88878 ], [ -104.70097, 39.88879 ], [ -104.70099, 39.88429 ] ] ] } },
{ "type": "Feature", "properties": { "predicted": 0.0 }, "geometry": { "type": "Polygon", "coordinates": [ [ [ -104.69515, 39.88427 ], [ -104.6893, 39.88426 ], [ -104.68928, 39.88876 ], [ -104.69513, 39.88878 ], [ -104.69515, 39.88427 ] ] ] } },
{ "type": "Feature", "properties": { "predicted": 0.0 }, "geometry": { "type": "Polygon", "coordinates": [ [ [ -104.6893, 39.88426 ], [ -104.68345, 39.88424 ], [ -104.68343, 39.88875 ], [ -104.68928, 39.88876 ], [ -104.6893, 39.88426 ] ] ] } },
{ "type": "Feature", "properties": { "predicted": 0.0 }, "geometry": { "type": "Polygon", "coordinates": [ [ [ -104.68345, 39.88424 ], [ -104.6776, 39.88423 ], [ -104.67758, 39.88873 ], [ -104.68343, 39.88875 ], [ -104.68345, 39.88424 ] ] ] } },
{ "type": "Feature", "properties": { "predicted": 0.0 }, "geometry": { "type": "Polygon", "coordinates": [ [ [ -104.6776, 39.88423 ], [ -104.67176, 39.88421 ], [ -104.67173, 39.88871 ], [ -104.67758, 39.88873 ], [ -104.6776, 39.88423 ] ] ] } },
{ "type": "Feature", "properties": { "predicted": 0.0 }, "geometry": { "type": "Polygon", "coordinates": [ [ [ -104.67176, 39.88421 ], [ -104.66591, 39.88419 ], [ -104.66589, 39.8887 ], [ -104.67173, 39.88871 ], [ -104.67176, 39.88421 ] ] ] } },
{ "type": "Feature", "properties": { "predicted": 0.0 }, "geometry": { "type": "Polygon", "coordinates": [ [ [ -104.66591, 39.88419 ], [ -104.66006, 39.88418 ], [ -104.66004, 39.88868 ], [ -104.66589, 39.8887 ], [ -104.66591, 39.88419 ] ] ] } },
{ "type": "Feature", "properties": { "predicted": 0.0 }, "geometry": { "type": "Polygon", "coordinates": [ [ [ -104.66006, 39.88418 ], [ -104.65421, 39.88416 ], [ -104.65419, 39.88866 ], [ -104.66004, 39.88868 ], [ -104.66006, 39.88418 ] ] ] } },
{ "type": "Feature", "properties": { "predicted": 0.0 }, "geometry": { "type": "Polygon", "coordinates": [ [ [ -104.65421, 39.88416 ], [ -104.64837, 39.88414 ], [ -104.64834, 39.88865 ], [ -104.65419, 39.88866 ], [ -104.65421, 39.88416 ] ] ] } },
{ "type": "Feature", "properties": { "predicted": 0.0 }, "geometry": { "type": "Polygon", "coordinates": [ [ [ -104.64837, 39.88414 ], [ -104.64252, 39.88412 ], [ -104.64249, 39.88863 ], [ -104.64834, 39.88865 ], [ -104.64837, 39.88414 ] ] ] } },
{ "type": "Feature", "properties": { "predicted": 0.0 }, "geometry": { "type": "Polygon", "coordinates": [ [ [ -104.64252, 39.88412 ], [ -104.63667, 39.8841 ], [ -104.63665, 39.88861 ], [ -104.64249, 39.88863 ], [ -104.64252, 39.88412 ] ] ] } },
{ "type": "Feature", "properties": { "predicted": 0.0 }, "geometry": { "type": "Polygon", "coordinates": [ [ [ -104.63667, 39.8841 ], [ -104.63082, 39.88409 ], [ -104.6308, 39.88859 ], [ -104.63665, 39.88861 ], [ -104.63667, 39.8841 ] ] ] } },
{ "type": "Feature", "properties": { "predicted": 0.0 }, "geometry": { "type": "Polygon", "coordinates": [ [ [ -104.63082, 39.88409 ], [ -104.62498, 39.88407 ], [ -104.62495, 39.88857 ], [ -104.6308, 39.88859 ], [ -104.63082, 39.88409 ] ] ] } },
{ "type": "Feature", "properties": { "predicted": 0.0 }, "geometry": { "type": "Polygon", "coordinates": [ [ [ -104.62498, 39.88407 ], [ -104.61913, 39.88405 ], [ -104.6191, 39.88855 ], [ -104.62495, 39.88857 ], [ -104.62498, 39.88407 ] ] ] } },
{ "type": "Feature", "properties": { "predicted": 0.0 }, "geometry": { "type": "Polygon", "coordinates": [ [ [ -104.61913, 39.88405 ], [ -104.61328, 39.88403 ], [ -104.61326, 39.88853 ], [ -104.6191, 39.88855 ], [ -104.61913, 39.88405 ] ] ] } },
{ "type": "Feature", "properties": { "predicted": 0.0 }, "geometry": { "type": "Polygon", "coordinates": [ [ [ -104.61328, 39.88403 ], [ -104.60743, 39.88401 ], [ -104.60741, 39.88851 ], [ -104.61326, 39.88853 ], [ -104.61328, 39.88403 ] ] ] } },
{ "type": "Feature", "properties": { "predicted": 0.0 }, "geometry": { "type": "Polygon", "coordinates": [ [ [ -104.60743, 39.88401 ], [ -104.60159, 39.88399 ], [ -104.60156, 39.88849 ], [ -104.60741, 39.88851 ], [ -104.60743, 39.88401 ] ] ] } },
{ "type": "Feature", "properties": { "predicted": 0.0 }, "geometry": { "type": "Polygon", "coordinates": [ [ [ -104.60159, 39.88399 ], [ -104.59574, 39.88397 ], [ -104.59571, 39.88847 ], [ -104.60156, 39.88849 ], [ -104.60159, 39.88399 ] ] ] } },
{ "type": "Feature", "properties": { "predicted": 0.0 }, "geometry": { "type": "Polygon", "coordinates": [ [ [ -104.73606, 39.88888 ], [ -104.73021, 39.88886 ], [ -104.7302, 39.89337 ], [ -104.73605, 39.89338 ], [ -104.73606, 39.88888 ] ] ] } },
{ "type": "Feature", "properties": { "predicted": 0.0 }, "geometry": { "type": "Polygon", "coordinates": [ [ [ -104.73021, 39.88886 ], [ -104.72437, 39.88885 ], [ -104.72435, 39.89336 ], [ -104.7302, 39.89337 ], [ -104.73021, 39.88886 ] ] ] } },
{ "type": "Feature", "properties": { "predicted": 0.0 }, "geometry": { "type": "Polygon", "coordinates": [ [ [ -104.72437, 39.88885 ], [ -104.71852, 39.88884 ], [ -104.7185, 39.89334 ], [ -104.72435, 39.89336 ], [ -104.72437, 39.88885 ] ] ] } },
{ "type": "Feature", "properties": { "predicted": 0.0 }, "geometry": { "type": "Polygon", "coordinates": [ [ [ -104.71852, 39.88884 ], [ -104.71267, 39.88882 ], [ -104.71265, 39.89333 ], [ -104.7185, 39.89334 ], [ -104.71852, 39.88884 ] ] ] } },
{ "type": "Feature", "properties": { "predicted": 0.0 }, "geometry": { "type": "Polygon", "coordinates": [ [ [ -104.71267, 39.88882 ], [ -104.70682, 39.88881 ], [ -104.7068, 39.89331 ], [ -104.71265, 39.89333 ], [ -104.71267, 39.88882 ] ] ] } },
{ "type": "Feature", "properties": { "predicted": 0.0 }, "geometry": { "type": "Polygon", "coordinates": [ [ [ -104.70682, 39.88881 ], [ -104.70097, 39.88879 ], [ -104.70096, 39.8933 ], [ -104.7068, 39.89331 ], [ -104.70682, 39.88881 ] ] ] } },
{ "type": "Feature", "properties": { "predicted": 0.0 }, "geometry": { "type": "Polygon", "coordinates": [ [ [ -104.70097, 39.88879 ], [ -104.69513, 39.88878 ], [ -104.69511, 39.89328 ], [ -104.70096, 39.8933 ], [ -104.70097, 39.88879 ] ] ] } },
{ "type": "Feature", "properties": { "predicted": 0.0 }, "geometry": { "type": "Polygon", "coordinates": [ [ [ -104.69513, 39.88878 ], [ -104.68928, 39.88876 ], [ -104.68926, 39.89327 ], [ -104.69511, 39.89328 ], [ -104.69513, 39.88878 ] ] ] } },
{ "type": "Feature", "properties": { "predicted": 0.0 }, "geometry": { "type": "Polygon", "coordinates": [ [ [ -104.68928, 39.88876 ], [ -104.68343, 39.88875 ], [ -104.68341, 39.89325 ], [ -104.68926, 39.89327 ], [ -104.68928, 39.88876 ] ] ] } },
{ "type": "Feature", "properties": { "predicted": 0.0 }, "geometry": { "type": "Polygon", "coordinates": [ [ [ -104.68343, 39.88875 ], [ -104.67758, 39.88873 ], [ -104.67756, 39.89324 ], [ -104.68341, 39.89325 ], [ -104.68343, 39.88875 ] ] ] } },
{ "type": "Feature", "properties": { "predicted": 0.0 }, "geometry": { "type": "Polygon", "coordinates": [ [ [ -104.67758, 39.88873 ], [ -104.67173, 39.88871 ], [ -104.67171, 39.89322 ], [ -104.67756, 39.89324 ], [ -104.67758, 39.88873 ] ] ] } },
{ "type": "Feature", "properties": { "predicted": 0.0 }, "geometry": { "type": "Polygon", "coordinates": [ [ [ -104.67173, 39.88871 ], [ -104.66589, 39.8887 ], [ -104.66586, 39.8932 ], [ -104.67171, 39.89322 ], [ -104.67173, 39.88871 ] ] ] } },
{ "type": "Feature", "properties": { "predicted": 0.0 }, "geometry": { "type": "Polygon", "coordinates": [ [ [ -104.66589, 39.8887 ], [ -104.66004, 39.88868 ], [ -104.66002, 39.89319 ], [ -104.66586, 39.8932 ], [ -104.66589, 39.8887 ] ] ] } },
{ "type": "Feature", "properties": { "predicted": 0.0 }, "geometry": { "type": "Polygon", "coordinates": [ [ [ -104.66004, 39.88868 ], [ -104.65419, 39.88866 ], [ -104.65417, 39.89317 ], [ -104.66002, 39.89319 ], [ -104.66004, 39.88868 ] ] ] } },
{ "type": "Feature", "properties": { "predicted": 0.0 }, "geometry": { "type": "Polygon", "coordinates": [ [ [ -104.65419, 39.88866 ], [ -104.64834, 39.88865 ], [ -104.64832, 39.89315 ], [ -104.65417, 39.89317 ], [ -104.65419, 39.88866 ] ] ] } },
{ "type": "Feature", "properties": { "predicted": 0.0 }, "geometry": { "type": "Polygon", "coordinates": [ [ [ -104.64834, 39.88865 ], [ -104.64249, 39.88863 ], [ -104.64247, 39.89313 ], [ -104.64832, 39.89315 ], [ -104.64834, 39.88865 ] ] ] } },
{ "type": "Feature", "properties": { "predicted": 0.0 }, "geometry": { "type": "Polygon", "coordinates": [ [ [ -104.64249, 39.88863 ], [ -104.63665, 39.88861 ], [ -104.63662, 39.89311 ], [ -104.64247, 39.89313 ], [ -104.64249, 39.88863 ] ] ] } },
{ "type": "Feature", "properties": { "predicted": 0.0 }, "geometry": { "type": "Polygon", "coordinates": [ [ [ -104.63665, 39.88861 ], [ -104.6308, 39.88859 ], [ -104.63077, 39.8931 ], [ -104.63662, 39.89311 ], [ -104.63665, 39.88861 ] ] ] } },
{ "type": "Feature", "properties": { "predicted": 0.0 }, "geometry": { "type": "Polygon", "coordinates": [ [ [ -104.6308, 39.88859 ], [ -104.62495, 39.88857 ], [ -104.62493, 39.89308 ], [ -104.63077, 39.8931 ], [ -104.6308, 39.88859 ] ] ] } },
{ "type": "Feature", "properties": { "predicted": 0.0 }, "geometry": { "type": "Polygon", "coordinates": [ [ [ -104.62495, 39.88857 ], [ -104.6191, 39.88855 ], [ -104.61908, 39.89306 ], [ -104.62493, 39.89308 ], [ -104.62495, 39.88857 ] ] ] } },
{ "type": "Feature", "properties": { "predicted": 0.0 }, "geometry": { "type": "Polygon", "coordinates": [ [ [ -104.6191, 39.88855 ], [ -104.61326, 39.88853 ], [ -104.61323, 39.89304 ], [ -104.61908, 39.89306 ], [ -104.6191, 39.88855 ] ] ] } },
{ "type": "Feature", "properties": { "predicted": 0.0 }, "geometry": { "type": "Polygon", "coordinates": [ [ [ -104.61326, 39.88853 ], [ -104.60741, 39.88851 ], [ -104.60738, 39.89302 ], [ -104.61323, 39.89304 ], [ -104.61326, 39.88853 ] ] ] } },
{ "type": "Feature", "properties": { "predicted": 0.0 }, "geometry": { "type": "Polygon", "coordinates": [ [ [ -104.60741, 39.88851 ], [ -104.60156, 39.88849 ], [ -104.60153, 39.893 ], [ -104.60738, 39.89302 ], [ -104.60741, 39.88851 ] ] ] } },
{ "type": "Feature", "properties": { "predicted": 0.0 }, "geometry": { "type": "Polygon", "coordinates": [ [ [ -104.60156, 39.88849 ], [ -104.59571, 39.88847 ], [ -104.59569, 39.89298 ], [ -104.60153, 39.893 ], [ -104.60156, 39.88849 ] ] ] } },
{ "type": "Feature", "properties": { "predicted": 0.0 }, "geometry": { "type": "Polygon", "coordinates": [ [ [ -104.73605, 39.89338 ], [ -104.7302, 39.89337 ], [ -104.73018, 39.89787 ], [ -104.73603, 39.89789 ], [ -104.73605, 39.89338 ] ] ] } },
{ "type": "Feature", "properties": { "predicted": 0.0 }, "geometry": { "type": "Polygon", "coordinates": [ [ [ -104.7302, 39.89337 ], [ -104.72435, 39.89336 ], [ -104.72433, 39.89786 ], [ -104.73018, 39.89787 ], [ -104.7302, 39.89337 ] ] ] } },
{ "type": "Feature", "properties": { "predicted": 0.0 }, "geometry": { "type": "Polygon", "coordinates": [ [ [ -104.72435, 39.89336 ], [ -104.7185, 39.89334 ], [ -104.71848, 39.89785 ], [ -104.72433, 39.89786 ], [ -104.72435, 39.89336 ] ] ] } },
{ "type": "Feature", "properties": { "predicted": 0.0 }, "geometry": { "type": "Polygon", "coordinates": [ [ [ -104.7185, 39.89334 ], [ -104.71265, 39.89333 ], [ -104.71263, 39.89783 ], [ -104.71848, 39.89785 ], [ -104.7185, 39.89334 ] ] ] } },
{ "type": "Feature", "properties": { "predicted": 0.0 }, "geometry": { "type": "Polygon", "coordinates": [ [ [ -104.71265, 39.89333 ], [ -104.7068, 39.89331 ], [ -104.70678, 39.89782 ], [ -104.71263, 39.89783 ], [ -104.71265, 39.89333 ] ] ] } },
{ "type": "Feature", "properties": { "predicted": 0.0 }, "geometry": { "type": "Polygon", "coordinates": [ [ [ -104.7068, 39.89331 ], [ -104.70096, 39.8933 ], [ -104.70094, 39.8978 ], [ -104.70678, 39.89782 ], [ -104.7068, 39.89331 ] ] ] } },
{ "type": "Feature", "properties": { "predicted": 0.0 }, "geometry": { "type": "Polygon", "coordinates": [ [ [ -104.70096, 39.8933 ], [ -104.69511, 39.89328 ], [ -104.69509, 39.89779 ], [ -104.70094, 39.8978 ], [ -104.70096, 39.8933 ] ] ] } },
{ "type": "Feature", "properties": { "predicted": 0.0 }, "geometry": { "type": "Polygon", "coordinates": [ [ [ -104.69511, 39.89328 ], [ -104.68926, 39.89327 ], [ -104.68924, 39.89777 ], [ -104.69509, 39.89779 ], [ -104.69511, 39.89328 ] ] ] } },
{ "type": "Feature", "properties": { "predicted": 0.0 }, "geometry": { "type": "Polygon", "coordinates": [ [ [ -104.68926, 39.89327 ], [ -104.68341, 39.89325 ], [ -104.68339, 39.89776 ], [ -104.68924, 39.89777 ], [ -104.68926, 39.89327 ] ] ] } },
{ "type": "Feature", "properties": { "predicted": 0.0 }, "geometry": { "type": "Polygon", "coordinates": [ [ [ -104.68341, 39.89325 ], [ -104.67756, 39.89324 ], [ -104.67754, 39.89774 ], [ -104.68339, 39.89776 ], [ -104.68341, 39.89325 ] ] ] } },
{ "type": "Feature", "properties": { "predicted": 0.0 }, "geometry": { "type": "Polygon", "coordinates": [ [ [ -104.67756, 39.89324 ], [ -104.67171, 39.89322 ], [ -104.67169, 39.89772 ], [ -104.67754, 39.89774 ], [ -104.67756, 39.89324 ] ] ] } },
{ "type": "Feature", "properties": { "predicted": 0.0 }, "geometry": { "type": "Polygon", "coordinates": [ [ [ -104.67171, 39.89322 ], [ -104.66586, 39.8932 ], [ -104.66584, 39.89771 ], [ -104.67169, 39.89772 ], [ -104.67171, 39.89322 ] ] ] } },
{ "type": "Feature", "properties": { "predicted": 0.0 }, "geometry": { "type": "Polygon", "coordinates": [ [ [ -104.66586, 39.8932 ], [ -104.66002, 39.89319 ], [ -104.65999, 39.89769 ], [ -104.66584, 39.89771 ], [ -104.66586, 39.8932 ] ] ] } },
{ "type": "Feature", "properties": { "predicted": 0.0 }, "geometry": { "type": "Polygon", "coordinates": [ [ [ -104.66002, 39.89319 ], [ -104.65417, 39.89317 ], [ -104.65415, 39.89767 ], [ -104.65999, 39.89769 ], [ -104.66002, 39.89319 ] ] ] } },
{ "type": "Feature", "properties": { "predicted": 0.0 }, "geometry": { "type": "Polygon", "coordinates": [ [ [ -104.65417, 39.89317 ], [ -104.64832, 39.89315 ], [ -104.6483, 39.89766 ], [ -104.65415, 39.89767 ], [ -104.65417, 39.89317 ] ] ] } },
{ "type": "Feature", "properties": { "predicted": 0.0 }, "geometry": { "type": "Polygon", "coordinates": [ [ [ -104.64832, 39.89315 ], [ -104.64247, 39.89313 ], [ -104.64245, 39.89764 ], [ -104.6483, 39.89766 ], [ -104.64832, 39.89315 ] ] ] } },
{ "type": "Feature", "properties": { "predicted": 0.0 }, "geometry": { "type": "Polygon", "coordinates": [ [ [ -104.64247, 39.89313 ], [ -104.63662, 39.89311 ], [ -104.6366, 39.89762 ], [ -104.64245, 39.89764 ], [ -104.64247, 39.89313 ] ] ] } },
{ "type": "Feature", "properties": { "predicted": 0.0 }, "geometry": { "type": "Polygon", "coordinates": [ [ [ -104.63662, 39.89311 ], [ -104.63077, 39.8931 ], [ -104.63075, 39.8976 ], [ -104.6366, 39.89762 ], [ -104.63662, 39.89311 ] ] ] } },
{ "type": "Feature", "properties": { "predicted": 0.0 }, "geometry": { "type": "Polygon", "coordinates": [ [ [ -104.63077, 39.8931 ], [ -104.62493, 39.89308 ], [ -104.6249, 39.89758 ], [ -104.63075, 39.8976 ], [ -104.63077, 39.8931 ] ] ] } },
{ "type": "Feature", "properties": { "predicted": 0.0 }, "geometry": { "type": "Polygon", "coordinates": [ [ [ -104.62493, 39.89308 ], [ -104.61908, 39.89306 ], [ -104.61905, 39.89756 ], [ -104.6249, 39.89758 ], [ -104.62493, 39.89308 ] ] ] } },
{ "type": "Feature", "properties": { "predicted": 0.0 }, "geometry": { "type": "Polygon", "coordinates": [ [ [ -104.61908, 39.89306 ], [ -104.61323, 39.89304 ], [ -104.6132, 39.89754 ], [ -104.61905, 39.89756 ], [ -104.61908, 39.89306 ] ] ] } },
{ "type": "Feature", "properties": { "predicted": 0.0 }, "geometry": { "type": "Polygon", "coordinates": [ [ [ -104.61323, 39.89304 ], [ -104.60738, 39.89302 ], [ -104.60736, 39.89752 ], [ -104.6132, 39.89754 ], [ -104.61323, 39.89304 ] ] ] } },
{ "type": "Feature", "properties": { "predicted": 0.0 }, "geometry": { "type": "Polygon", "coordinates": [ [ [ -104.60738, 39.89302 ], [ -104.60153, 39.893 ], [ -104.60151, 39.8975 ], [ -104.60736, 39.89752 ], [ -104.60738, 39.89302 ] ] ] } },
{ "type": "Feature", "properties": { "predicted": 0.0 }, "geometry": { "type": "Polygon", "coordinates": [ [ [ -104.60153, 39.893 ], [ -104.59569, 39.89298 ], [ -104.59566, 39.89748 ], [ -104.60151, 39.8975 ], [ -104.60153, 39.893 ] ] ] } },
{ "type": "Feature", "properties": { "predicted": 0.0 }, "geometry": { "type": "Polygon", "coordinates": [ [ [ -104.70678, 39.89782 ], [ -104.70094, 39.8978 ], [ -104.70092, 39.90231 ], [ -104.70677, 39.90232 ], [ -104.70678, 39.89782 ] ] ] } },
{ "type": "Feature", "properties": { "predicted": 0.0 }, "geometry": { "type": "Polygon", "coordinates": [ [ [ -104.70094, 39.8978 ], [ -104.69509, 39.89779 ], [ -104.69507, 39.90229 ], [ -104.70092, 39.90231 ], [ -104.70094, 39.8978 ] ] ] } },
{ "type": "Feature", "properties": { "predicted": 0.0 }, "geometry": { "type": "Polygon", "coordinates": [ [ [ -104.69509, 39.89779 ], [ -104.68924, 39.89777 ], [ -104.68922, 39.90228 ], [ -104.69507, 39.90229 ], [ -104.69509, 39.89779 ] ] ] } },
{ "type": "Feature", "properties": { "predicted": 0.0 }, "geometry": { "type": "Polygon", "coordinates": [ [ [ -104.68924, 39.89777 ], [ -104.68339, 39.89776 ], [ -104.68337, 39.90226 ], [ -104.68922, 39.90228 ], [ -104.68924, 39.89777 ] ] ] } },
{ "type": "Feature", "properties": { "predicted": 0.0 }, "geometry": { "type": "Polygon", "coordinates": [ [ [ -104.68339, 39.89776 ], [ -104.67754, 39.89774 ], [ -104.67752, 39.90225 ], [ -104.68337, 39.90226 ], [ -104.68339, 39.89776 ] ] ] } },
{ "type": "Feature", "properties": { "predicted": 0.0 }, "geometry": { "type": "Polygon", "coordinates": [ [ [ -104.67754, 39.89774 ], [ -104.67169, 39.89772 ], [ -104.67167, 39.90223 ], [ -104.67752, 39.90225 ], [ -104.67754, 39.89774 ] ] ] } },
{ "type": "Feature", "properties": { "predicted": 0.0 }, "geometry": { "type": "Polygon", "coordinates": [ [ [ -104.67169, 39.89772 ], [ -104.66584, 39.89771 ], [ -104.66582, 39.90221 ], [ -104.67167, 39.90223 ], [ -104.67169, 39.89772 ] ] ] } },
{ "type": "Feature", "properties": { "predicted": 0.0 }, "geometry": { "type": "Polygon", "coordinates": [ [ [ -104.66584, 39.89771 ], [ -104.65999, 39.89769 ], [ -104.65997, 39.9022 ], [ -104.66582, 39.90221 ], [ -104.66584, 39.89771 ] ] ] } },
{ "type": "Feature", "properties": { "predicted": 0.0 }, "geometry": { "type": "Polygon", "coordinates": [ [ [ -104.65999, 39.89769 ], [ -104.65415, 39.89767 ], [ -104.65412, 39.90218 ], [ -104.65997, 39.9022 ], [ -104.65999, 39.89769 ] ] ] } },
{ "type": "Feature", "properties": { "predicted": 0.0 }, "geometry": { "type": "Polygon", "coordinates": [ [ [ -104.65415, 39.89767 ], [ -104.6483, 39.89766 ], [ -104.64827, 39.90216 ], [ -104.65412, 39.90218 ], [ -104.65415, 39.89767 ] ] ] } },
{ "type": "Feature", "properties": { "predicted": 0.0 }, "geometry": { "type": "Polygon", "coordinates": [ [ [ -104.6483, 39.89766 ], [ -104.64245, 39.89764 ], [ -104.64242, 39.90214 ], [ -104.64827, 39.90216 ], [ -104.6483, 39.89766 ] ] ] } },
{ "type": "Feature", "properties": { "predicted": 0.0 }, "geometry": { "type": "Polygon", "coordinates": [ [ [ -104.64245, 39.89764 ], [ -104.6366, 39.89762 ], [ -104.63658, 39.90212 ], [ -104.64242, 39.90214 ], [ -104.64245, 39.89764 ] ] ] } },
{ "type": "Feature", "properties": { "predicted": 0.0 }, "geometry": { "type": "Polygon", "coordinates": [ [ [ -104.6366, 39.89762 ], [ -104.63075, 39.8976 ], [ -104.63073, 39.90211 ], [ -104.63658, 39.90212 ], [ -104.6366, 39.89762 ] ] ] } },
{ "type": "Feature", "properties": { "predicted": 0.0 }, "geometry": { "type": "Polygon", "coordinates": [ [ [ -104.63075, 39.8976 ], [ -104.6249, 39.89758 ], [ -104.62488, 39.90209 ], [ -104.63073, 39.90211 ], [ -104.63075, 39.8976 ] ] ] } },
{ "type": "Feature", "properties": { "predicted": 0.0 }, "geometry": { "type": "Polygon", "coordinates": [ [ [ -104.6249, 39.89758 ], [ -104.61905, 39.89756 ], [ -104.61903, 39.90207 ], [ -104.62488, 39.90209 ], [ -104.6249, 39.89758 ] ] ] } },
{ "type": "Feature", "properties": { "predicted": 0.0 }, "geometry": { "type": "Polygon", "coordinates": [ [ [ -104.61905, 39.89756 ], [ -104.6132, 39.89754 ], [ -104.61318, 39.90205 ], [ -104.61903, 39.90207 ], [ -104.61905, 39.89756 ] ] ] } },
{ "type": "Feature", "properties": { "predicted": 0.0 }, "geometry": { "type": "Polygon", "coordinates": [ [ [ -104.6132, 39.89754 ], [ -104.60736, 39.89752 ], [ -104.60733, 39.90203 ], [ -104.61318, 39.90205 ], [ -104.6132, 39.89754 ] ] ] } },
{ "type": "Feature", "properties": { "predicted": 0.0 }, "geometry": { "type": "Polygon", "coordinates": [ [ [ -104.60736, 39.89752 ], [ -104.60151, 39.8975 ], [ -104.60148, 39.90201 ], [ -104.60733, 39.90203 ], [ -104.60736, 39.89752 ] ] ] } },
{ "type": "Feature", "properties": { "predicted": 0.0 }, "geometry": { "type": "Polygon", "coordinates": [ [ [ -104.60151, 39.8975 ], [ -104.59566, 39.89748 ], [ -104.59563, 39.90199 ], [ -104.60148, 39.90201 ], [ -104.60151, 39.8975 ] ] ] } },
{ "type": "Feature", "properties": { "predicted": 0.0 }, "geometry": { "type": "Polygon", "coordinates": [ [ [ -104.70677, 39.90232 ], [ -104.70092, 39.90231 ], [ -104.7009, 39.90681 ], [ -104.70675, 39.90683 ], [ -104.70677, 39.90232 ] ] ] } },
{ "type": "Feature", "properties": { "predicted": 0.0 }, "geometry": { "type": "Polygon", "coordinates": [ [ [ -104.70092, 39.90231 ], [ -104.69507, 39.90229 ], [ -104.69505, 39.9068 ], [ -104.7009, 39.90681 ], [ -104.70092, 39.90231 ] ] ] } },
{ "type": "Feature", "properties": { "predicted": 0.0 }, "geometry": { "type": "Polygon", "coordinates": [ [ [ -104.69507, 39.90229 ], [ -104.68922, 39.90228 ], [ -104.6892, 39.90678 ], [ -104.69505, 39.9068 ], [ -104.69507, 39.90229 ] ] ] } },
{ "type": "Feature", "properties": { "predicted": 0.0 }, "geometry": { "type": "Polygon", "coordinates": [ [ [ -104.68922, 39.90228 ], [ -104.68337, 39.90226 ], [ -104.68335, 39.90677 ], [ -104.6892, 39.90678 ], [ -104.68922, 39.90228 ] ] ] } },
{ "type": "Feature", "properties": { "predicted": 0.0 }, "geometry": { "type": "Polygon", "coordinates": [ [ [ -104.68337, 39.90226 ], [ -104.67752, 39.90225 ], [ -104.6775, 39.90675 ], [ -104.68335, 39.90677 ], [ -104.68337, 39.90226 ] ] ] } },
{ "type": "Feature", "properties": { "predicted": 0.0 }, "geometry": { "type": "Polygon", "coordinates": [ [ [ -104.67752, 39.90225 ], [ -104.67167, 39.90223 ], [ -104.67165, 39.90673 ], [ -104.6775, 39.90675 ], [ -104.67752, 39.90225 ] ] ] } },
{ "type": "Feature", "properties": { "predicted": 0.0 }, "geometry": { "type": "Polygon", "coordinates": [ [ [ -104.67167, 39.90223 ], [ -104.66582, 39.90221 ], [ -104.6658, 39.90672 ], [ -104.67165, 39.90673 ], [ -104.67167, 39.90223 ] ] ] } },
{ "type": "Feature", "properties": { "predicted": 0.0 }, "geometry": { "type": "Polygon", "coordinates": [ [ [ -104.66582, 39.90221 ], [ -104.65997, 39.9022 ], [ -104.65995, 39.9067 ], [ -104.6658, 39.90672 ], [ -104.66582, 39.90221 ] ] ] } },
{ "type": "Feature", "properties": { "predicted": 0.0 }, "geometry": { "type": "Polygon", "coordinates": [ [ [ -104.65997, 39.9022 ], [ -104.65412, 39.90218 ], [ -104.6541, 39.90668 ], [ -104.65995, 39.9067 ], [ -104.65997, 39.9022 ] ] ] } },
{ "type": "Feature", "properties": { "predicted": 0.0 }, "geometry": { "type": "Polygon", "coordinates": [ [ [ -104.65412, 39.90218 ], [ -104.64827, 39.90216 ], [ -104.64825, 39.90667 ], [ -104.6541, 39.90668 ], [ -104.65412, 39.90218 ] ] ] } },
{ "type": "Feature", "properties": { "predicted": 0.0 }, "geometry": { "type": "Polygon", "coordinates": [ [ [ -104.64827, 39.90216 ], [ -104.64242, 39.90214 ], [ -104.6424, 39.90665 ], [ -104.64825, 39.90667 ], [ -104.64827, 39.90216 ] ] ] } },
{ "type": "Feature", "properties": { "predicted": 0.0 }, "geometry": { "type": "Polygon", "coordinates": [ [ [ -104.64242, 39.90214 ], [ -104.63658, 39.90212 ], [ -104.63655, 39.90663 ], [ -104.6424, 39.90665 ], [ -104.64242, 39.90214 ] ] ] } },
{ "type": "Feature", "properties": { "predicted": 0.0 }, "geometry": { "type": "Polygon", "coordinates": [ [ [ -104.63658, 39.90212 ], [ -104.63073, 39.90211 ], [ -104.6307, 39.90661 ], [ -104.63655, 39.90663 ], [ -104.63658, 39.90212 ] ] ] } },
{ "type": "Feature", "properties": { "predicted": 0.0 }, "geometry": { "type": "Polygon", "coordinates": [ [ [ -104.70675, 39.90683 ], [ -104.7009, 39.90681 ], [ -104.70088, 39.91132 ], [ -104.70673, 39.91133 ], [ -104.70675, 39.90683 ] ] ] } },
{ "type": "Feature", "properties": { "predicted": 0.0 }, "geometry": { "type": "Polygon", "coordinates": [ [ [ -104.7009, 39.90681 ], [ -104.69505, 39.9068 ], [ -104.69503, 39.9113 ], [ -104.70088, 39.91132 ], [ -104.7009, 39.90681 ] ] ] } },
{ "type": "Feature", "properties": { "predicted": 0.0 }, "geometry": { "type": "Polygon", "coordinates": [ [ [ -104.69505, 39.9068 ], [ -104.6892, 39.90678 ], [ -104.68918, 39.91129 ], [ -104.69503, 39.9113 ], [ -104.69505, 39.9068 ] ] ] } },
{ "type": "Feature", "properties": { "predicted": 0.0 }, "geometry": { "type": "Polygon", "coordinates": [ [ [ -104.6892, 39.90678 ], [ -104.68335, 39.90677 ], [ -104.68333, 39.91127 ], [ -104.68918, 39.91129 ], [ -104.6892, 39.90678 ] ] ] } },
{ "type": "Feature", "properties": { "predicted": 0.0 }, "geometry": { "type": "Polygon", "coordinates": [ [ [ -104.68335, 39.90677 ], [ -104.6775, 39.90675 ], [ -104.67748, 39.91126 ], [ -104.68333, 39.91127 ], [ -104.68335, 39.90677 ] ] ] } },
{ "type": "Feature", "properties": { "predicted": 0.0 }, "geometry": { "type": "Polygon", "coordinates": [ [ [ -104.6775, 39.90675 ], [ -104.67165, 39.90673 ], [ -104.67163, 39.91124 ], [ -104.67748, 39.91126 ], [ -104.6775, 39.90675 ] ] ] } },
{ "type": "Feature", "properties": { "predicted": 0.0 }, "geometry": { "type": "Polygon", "coordinates": [ [ [ -104.67165, 39.90673 ], [ -104.6658, 39.90672 ], [ -104.66578, 39.91122 ], [ -104.67163, 39.91124 ], [ -104.67165, 39.90673 ] ] ] } },
{ "type": "Feature", "properties": { "predicted": 0.0 }, "geometry": { "type": "Polygon", "coordinates": [ [ [ -104.6658, 39.90672 ], [ -104.65995, 39.9067 ], [ -104.65993, 39.9112 ], [ -104.66578, 39.91122 ], [ -104.6658, 39.90672 ] ] ] } },
{ "type": "Feature", "properties": { "predicted": 0.0 }, "geometry": { "type": "Polygon", "coordinates": [ [ [ -104.65995, 39.9067 ], [ -104.6541, 39.90668 ], [ -104.65408, 39.91119 ], [ -104.65993, 39.9112 ], [ -104.65995, 39.9067 ] ] ] } },
{ "type": "Feature", "properties": { "predicted": 0.0 }, "geometry": { "type": "Polygon", "coordinates": [ [ [ -104.6541, 39.90668 ], [ -104.64825, 39.90667 ], [ -104.64823, 39.91117 ], [ -104.65408, 39.91119 ], [ -104.6541, 39.90668 ] ] ] } },
{ "type": "Feature", "properties": { "predicted": 0.0 }, "geometry": { "type": "Polygon", "coordinates": [ [ [ -104.64825, 39.90667 ], [ -104.6424, 39.90665 ], [ -104.64238, 39.91115 ], [ -104.64823, 39.91117 ], [ -104.64825, 39.90667 ] ] ] } },
{ "type": "Feature", "properties": { "predicted": 0.0 }, "geometry": { "type": "Polygon", "coordinates": [ [ [ -104.6424, 39.90665 ], [ -104.63655, 39.90663 ], [ -104.63653, 39.91113 ], [ -104.64238, 39.91115 ], [ -104.6424, 39.90665 ] ] ] } },
{ "type": "Feature", "properties": { "predicted": 0.0 }, "geometry": { "type": "Polygon", "coordinates": [ [ [ -104.63655, 39.90663 ], [ -104.6307, 39.90661 ], [ -104.63068, 39.91112 ], [ -104.63653, 39.91113 ], [ -104.63655, 39.90663 ] ] ] } },
{ "type": "Feature", "properties": { "predicted": 0.0 }, "geometry": { "type": "Polygon", "coordinates": [ [ [ -104.69503, 39.9113 ], [ -104.68918, 39.91129 ], [ -104.68916, 39.91579 ], [ -104.69501, 39.91581 ], [ -104.69503, 39.9113 ] ] ] } },
{ "type": "Feature", "properties": { "predicted": 0.0 }, "geometry": { "type": "Polygon", "coordinates": [ [ [ -104.68918, 39.91129 ], [ -104.68333, 39.91127 ], [ -104.68331, 39.91578 ], [ -104.68916, 39.91579 ], [ -104.68918, 39.91129 ] ] ] } },
{ "type": "Feature", "properties": { "predicted": 0.0 }, "geometry": { "type": "Polygon", "coordinates": [ [ [ -104.68333, 39.91127 ], [ -104.67748, 39.91126 ], [ -104.67746, 39.91576 ], [ -104.68331, 39.91578 ], [ -104.68333, 39.91127 ] ] ] } }
]
}
