{
"type": "FeatureCollection",
"name": "minneapolis",
"crs": { "type": "name", "properties": { "name": "urn:ogc:def:crs:OGC:1.3:CRS84" } },
"features": [
{ "type": "Feature", "properties": { "predicted": 0.0 }, "geometry": { "type": "Polygon", "coordinates": [ [ [ -93.32260190834252, 44.889816792954043 ], [ -93.316270183527152, 44.889834503063639 ], [ -93.316294853100302, 44.894335483337322 ], [ -93.322627071779522, 44.894317770463672 ], [ -93.32260190834252, 44.889816792954043 ] ] ] } },
{ "type": "Feature", "properties": { "predicted": 0.0 }, "geometry": { "type": "Polygon", "coordinates": [ [ [ -93.316270183527152, 44.889834503063639 ], [ -93.309938452918956, 44.889851862139636 ], [ -93.309962628626607, 44.894352845122583 ], [ -93.316294853100302, 44.894335483337322 ], [ -93.316270183527152, 44.889834503063639 ] ] ] } },
{ "type": "Feature", "properties": { "predicted": 0.004 }, "geometry": { "type": "Polygon", "coordinates": [ [ [ -93.309938452918956, 44.889851862139636 ], [ -93.303606716633951, 44.889868870181182 ], [ -93.303630398474468, 44.89436985581861 ], [ -93.309962628626607, 44.894352845122583 ], [ -93.309938452918956, 44.889851862139636 ] ] ] } },
{ "type": "Feature", "properties": { "predicted": 0.302 }, "geometry": { "type": "Polygon", "coordinates": [ [ [ -93.303606716633951, 44.889868870181182 ], [ -93.297274974788067, 44.889885527187467 ], [ -93.297298162759873, 44.894386515424578 ], [ -93.303630398474468, 44.89436985581861 ], [ -93.303606716633951, 44.889868870181182 ] ] ] } },
{ "type": "Feature", "properties": { "predicted": 0.194 }, "geometry": { "type": "Polygon", "coordinates": [ [ [ -93.297274974788067, 44.889885527187467 ], [ -93.290943227497308, 44.889901833157673 ], [ -93.290965921598826, 44.8944028239397 ], [ -93.297298162759873, 44.894386515424578 ], [ -93.297274974788067, 44.889885527187467 ] ] ] } },
{ "type": "Feature", "properties": { "predicted": 0.014 }, "geometry": { "type": "Polygon", "coordinates": [ [ [ -93.290943227497308, 44.889901833157673 ], [ -93.284611474877579, 44.889917788091005 ], [ -93.284633675107301, 44.89441878136315 ], [ -93.290965921598826, 44.8944028239397 ], [ -93.290943227497308, 44.889901833157673 ] ] ] } },
{ "type": "Feature", "properties": { "predicted": 0.002 }, "geometry": { "type": "Polygon", "coordinates": [ [ [ -93.284611474877579, 44.889917788091005 ], [ -93.278279717044882, 44.889933391986673 ], [ -93.278301423401317, 44.894434387694162 ], [ -93.284633675107301, 44.89441878136315 ], [ -93.284611474877579, 44.889917788091005 ] ] ] } },
{ "type": "Feature", "properties": { "predicted": 0.013 }, "geometry": { "type": "Polygon", "coordinates": [ [ [ -93.278279717044882, 44.889933391986673 ], [ -93.271947954115191, 44.889948644843933 ], [ -93.271969166596861, 44.894449642931967 ], [ -93.278301423401317, 44.894434387694162 ], [ -93.278279717044882, 44.889933391986673 ] ] ] } },
{ "type": "Feature", "properties": { "predicted": 0.043 }, "geometry": { "type": "Polygon", "coordinates": [ [ [ -93.271947954115191, 44.889948644843933 ], [ -93.265616186204454, 44.889963546662045 ], [ -93.265636904809938, 44.894464547075842 ], [ -93.271969166596861, 44.894449642931967 ], [ -93.271947954115191, 44.889948644843933 ] ] ] } },
{ "type": "Feature", "properties": { "predicted": 0.127 }, "geometry": { "type": "Polygon", "coordinates": [ [ [ -93.265616186204454, 44.889963546662045 ], [ -93.259284413428631, 44.889978097440256 ], [ -93.259304638156564, 44.894479100125047 ], [ -93.265636904809938, 44.894464547075842 ], [ -93.265616186204454, 44.889963546662045 ] ] ] } },
{ "type": "Feature", "properties": { "predicted": 0.012 }, "geometry": { "type": "Polygon", "coordinates": [ [ [ -93.259284413428631, 44.889978097440256 ], [ -93.252952635903711, 44.889992297177891 ], [ -93.252972366752715, 44.894493302078864 ], [ -93.259304638156564, 44.894479100125047 ], [ -93.259284413428631, 44.889978097440256 ] ] ] } },
{ "type": "Feature", "properties": { "predicted": 0.088 }, "geometry": { "type": "Polygon", "coordinates": [ [ [ -93.252952635903711, 44.889992297177891 ], [ -93.246620853745654, 44.890006145874239 ], [ -93.246640090714408, 44.894507152936605 ], [ -93.252972366752715, 44.894493302078864 ], [ -93.252952635903711, 44.889992297177891 ] ] ] } },
{ "type": "Feature", "properties": { "predicted": 0.0 }, "geometry": { "type": "Polygon", "coordinates": [ [ [ -93.2212936811014, 44.890058030233533 ], [ -93.214961877517169, 44.89007012371367 ], [ -93.214978645065941, 44.894571140761258 ], [ -93.221310942536547, 44.894559045393642 ], [ -93.2212936811014, 44.890058030233533 ] ] ] } },
{ "type": "Feature", "properties": { "predicted": 0.0 }, "geometry": { "type": "Polygon", "coordinates": [ [ [ -93.214961877517169, 44.89007012371367 ], [ -93.20863006999565, 44.890081866148726 ], [ -93.208646343656909, 44.894582885029003 ], [ -93.214978645065941, 44.894571140761258 ], [ -93.214961877517169, 44.89007012371367 ] ] ] } },
{ "type": "Feature", "properties": { "predicted": 0.0 }, "geometry": { "type": "Polygon", "coordinates": [ [ [ -93.322627071779522, 44.894317770463672 ], [ -93.316294853100302, 44.894335483337322 ], [ -93.316319528467915, 44.898836460037941 ], [ -93.322652241126988, 44.898818744399819 ], [ -93.322627071779522, 44.894317770463672 ] ] ] } },
{ "type": "Feature", "properties": { "predicted": 0.0 }, "geometry": { "type": "Polygon", "coordinates": [ [ [ -93.316294853100302, 44.894335483337322 ], [ -93.309962628626607, 44.894352845122583 ], [ -93.309986810012717, 44.898853824532878 ], [ -93.316319528467915, 44.898836460037941 ], [ -93.316294853100302, 44.894335483337322 ] ] ] } },
{ "type": "Feature", "properties": { "predicted": 0.002 }, "geometry": { "type": "Polygon", "coordinates": [ [ [ -93.309962628626607, 44.894352845122583 ], [ -93.303630398474468, 44.89436985581861 ], [ -93.303654085877454, 44.898870837883806 ], [ -93.309986810012717, 44.898853824532878 ], [ -93.309962628626607, 44.894352845122583 ] ] ] } },
{ "type": "Feature", "properties": { "predicted": 0.045 }, "geometry": { "type": "Polygon", "coordinates": [ [ [ -93.303630398474468, 44.89436985581861 ], [ -93.297298162759873, 44.894386515424578 ], [ -93.297321356178145, 44.898887500089863 ], [ -93.303654085877454, 44.898870837883806 ], [ -93.303630398474468, 44.89436985581861 ] ] ] } },
{ "type": "Feature", "properties": { "predicted": 0.046 }, "geometry": { "type": "Polygon", "coordinates": [ [ [ -93.297298162759873, 44.894386515424578 ], [ -93.290965921598826, 44.8944028239397 ], [ -93.290988621030806, 44.898903811150291 ], [ -93.297321356178145, 44.898887500089863 ], [ -93.297298162759873, 44.894386515424578 ] ] ] } },
{ "type": "Feature", "properties": { "predicted": 0.001 }, "geometry": { "type": "Polygon", "coordinates": [ [ [ -93.290965921598826, 44.8944028239397 ], [ -93.284633675107301, 44.89441878136315 ], [ -93.284655880551483, 44.898919771064243 ], [ -93.290988621030806, 44.898903811150291 ], [ -93.290965921598826, 44.8944028239397 ] ] ] } },
{ "type": "Feature", "properties": { "predicted": 0.002 }, "geometry": { "type": "Polygon", "coordinates": [ [ [ -93.284633675107301, 44.89441878136315 ], [ -93.278301423401317, 44.894434387694162 ], [ -93.278323134856208, 44.898935379830966 ], [ -93.284655880551483, 44.898919771064243 ], [ -93.284633675107301, 44.89441878136315 ] ] ] } },
{ "type": "Feature", "properties": { "predicted": 0.076 }, "geometry": { "type": "Polygon", "coordinates": [ [ [ -93.278301423401317, 44.894434387694162 ], [ -93.271969166596861, 44.894449642931967 ], [ -93.271990384060999, 44.898950637449701 ], [ -93.278323134856208, 44.898935379830966 ], [ -93.278301423401317, 44.894434387694162 ] ] ] } },
{ "type": "Feature", "properties": { "predicted": 0.407 }, "geometry": { "type": "Polygon", "coordinates": [ [ [ -93.271969166596861, 44.894449642931967 ], [ -93.265636904809938, 44.894464547075842 ], [ -93.265657628281915, 44.898965543919687 ], [ -93.271990384060999, 44.898950637449701 ], [ -93.271969166596861, 44.894449642931967 ] ] ] } },
{ "type": "Feature", "properties": { "predicted": 0.027 }, "geometry": { "type": "Polygon", "coordinates": [ [ [ -93.265636904809938, 44.894464547075842 ], [ -93.259304638156564, 44.894479100125047 ], [ -93.259324867634959, 44.898980099240219 ], [ -93.265657628281915, 44.898965543919687 ], [ -93.265636904809938, 44.894464547075842 ] ] ] } },
{ "type": "Feature", "properties": { "predicted": 0.003 }, "geometry": { "type": "Polygon", "coordinates": [ [ [ -93.259304638156564, 44.894479100125047 ], [ -93.252972366752715, 44.894493302078864 ], [ -93.252992102236178, 44.898994303410575 ], [ -93.259324867634959, 44.898980099240219 ], [ -93.259304638156564, 44.894479100125047 ] ] ] } },
{ "type": "Feature", "properties": { "predicted": 0.025 }, "geometry": { "type": "Polygon", "coordinates": [ [ [ -93.252972366752715, 44.894493302078864 ], [ -93.246640090714408, 44.894507152936605 ], [ -93.246659332201617, 44.899008156430057 ], [ -93.252992102236178, 44.898994303410575 ], [ -93.252972366752715, 44.894493302078864 ] ] ] } },
{ "type": "Feature", "properties": { "predicted": 0.14 }, "geometry": { "type": "Polygon", "coordinates": [ [ [ -93.246640090714408, 44.894507152936605 ], [ -93.240307810157631, 44.894520652697608 ], [ -93.240326557647293, 44.899021658297997 ], [ -93.246659332201617, 44.899008156430057 ], [ -93.246640090714408, 44.894507152936605 ] ] ] } },
{ "type": "Feature", "properties": { "predicted": 0.134 }, "geometry": { "type": "Polygon", "coordinates": [ [ [ -93.240307810157631, 44.894520652697608 ], [ -93.233975525198389, 44.894533801361199 ], [ -93.233993778689253, 44.899034809013749 ], [ -93.240326557647293, 44.899021658297997 ], [ -93.240307810157631, 44.894520652697608 ] ] ] } },
{ "type": "Feature", "properties": { "predicted": 0.019 }, "geometry": { "type": "Polygon", "coordinates": [ [ [ -93.233975525198389, 44.894533801361199 ], [ -93.227643235952698, 44.894546598926766 ], [ -93.227660995443529, 44.899047608576659 ], [ -93.233993778689253, 44.899034809013749 ], [ -93.233975525198389, 44.894533801361199 ] ] ] } },
{ "type": "Feature", "properties": { "predicted": 0.001 }, "geometry": { "type": "Polygon", "coordinates": [ [ [ -93.227643235952698, 44.894546598926766 ], [ -93.221310942536547, 44.894559045393642 ], [ -93.221328208026165, 44.899060056986087 ], [ -93.227660995443529, 44.899047608576659 ], [ -93.227643235952698, 44.894546598926766 ] ] ] } },
{ "type": "Feature", "properties": { "predicted": 0.0 }, "geometry": { "type": "Polygon", "coordinates": [ [ [ -93.221310942536547, 44.894559045393642 ], [ -93.214978645065941, 44.894571140761258 ], [ -93.214995416553165, 44.899072154241459 ], [ -93.221328208026165, 44.899060056986087 ], [ -93.221310942536547, 44.894559045393642 ] ] ] } },
{ "type": "Feature", "properties": { "predicted": 0.0 }, "geometry": { "type": "Polygon", "coordinates": [ [ [ -93.214978645065941, 44.894571140761258 ], [ -93.208646343656909, 44.894582885029003 ], [ -93.208662621140618, 44.899083900342163 ], [ -93.214995416553165, 44.899072154241459 ], [ -93.214978645065941, 44.894571140761258 ] ] ] } },
{ "type": "Feature", "properties": { "predicted": 0.001 }, "geometry": { "type": "Polygon", "coordinates": [ [ [ -93.208646343656909, 44.894582885029003 ], [ -93.202314038425413, 44.894594278196301 ], [ -93.202329821904527, 44.899095295287644 ], [ -93.208662621140618, 44.899083900342163 ], [ -93.208646343656909, 44.894582885029003 ] ] ] } },
{ "type": "Feature", "properties": { "predicted": 0.0 }, "geometry": { "type": "Polygon", "coordinates": [ [ [ -93.322652241126988, 44.898818744399819 ], [ -93.316319528467915, 44.898836460037941 ], [ -93.316344209631623, 44.903337433165476 ], [ -93.322677416386568, 44.903319714762461 ], [ -93.322652241126988, 44.898818744399819 ] ] ] } },
{ "type": "Feature", "properties": { "predicted": 0.0 }, "geometry": { "type": "Polygon", "coordinates": [ [ [ -93.316319528467915, 44.898836460037941 ], [ -93.309986810012717, 44.898853824532878 ], [ -93.310010997078905, 44.903354800370522 ], [ -93.316344209631623, 44.903337433165476 ], [ -93.316319528467915, 44.898836460037941 ] ] ] } },
{ "type": "Feature", "properties": { "predicted": 0.001 }, "geometry": { "type": "Polygon", "coordinates": [ [ [ -93.309986810012717, 44.898853824532878 ], [ -93.303654085877454, 44.898870837883806 ], [ -93.303677778844474, 44.903371816376747 ], [ -93.310010997078905, 44.903354800370522 ], [ -93.309986810012717, 44.898853824532878 ] ] ] } },
{ "type": "Feature", "properties": { "predicted": 0.003 }, "geometry": { "type": "Polygon", "coordinates": [ [ [ -93.303654085877454, 44.898870837883806 ], [ -93.297321356178145, 44.898887500089863 ], [ -93.297344555044418, 44.903388481183313 ], [ -93.303677778844474, 44.903371816376747 ], [ -93.303654085877454, 44.898870837883806 ] ] ] } },
{ "type": "Feature", "properties": { "predicted": 0.002 }, "geometry": { "type": "Polygon", "coordinates": [ [ [ -93.297321356178145, 44.898887500089863 ], [ -93.290988621030806, 44.898903811150291 ], [ -93.29101132579477, 44.903404794789417 ], [ -93.297344555044418, 44.903388481183313 ], [ -93.297321356178145, 44.898887500089863 ] ] ] } },
{ "type": "Feature", "properties": { "predicted": 0.0 }, "geometry": { "type": "Polygon", "coordinates": [ [ [ -93.290988621030806, 44.898903811150291 ], [ -93.284655880551483, 44.898919771064243 ], [ -93.284678091211632, 44.903420757194276 ], [ -93.29101132579477, 44.903404794789417 ], [ -93.290988621030806, 44.898903811150291 ] ] ] } },
{ "type": "Feature", "properties": { "predicted": 0.001 }, "geometry": { "type": "Polygon", "coordinates": [ [ [ -93.284655880551483, 44.898919771064243 ], [ -93.278323134856208, 44.898935379830966 ], [ -93.278344851411035, 44.903436368397088 ], [ -93.284678091211632, 44.903420757194276 ], [ -93.284655880551483, 44.898919771064243 ] ] ] } },
{ "type": "Feature", "properties": { "predicted": 0.072 }, "geometry": { "type": "Polygon", "coordinates": [ [ [ -93.278323134856208, 44.898935379830966 ], [ -93.271990384060999, 44.898950637449701 ], [ -93.272011606509039, 44.903451628397114 ], [ -93.278344851411035, 44.903436368397088 ], [ -93.278323134856208, 44.898935379830966 ] ] ] } },
{ "type": "Feature", "properties": { "predicted": 0.554 }, "geometry": { "type": "Polygon", "coordinates": [ [ [ -93.271990384060999, 44.898950637449701 ], [ -93.265657628281915, 44.898965543919687 ], [ -93.265678356621734, 44.903466537193573 ], [ -93.272011606509039, 44.903451628397114 ], [ -93.271990384060999, 44.898950637449701 ] ] ] } },
{ "type": "Feature", "properties": { "predicted": 0.079 }, "geometry": { "type": "Polygon", "coordinates": [ [ [ -93.265657628281915, 44.898965543919687 ], [ -93.259324867634959, 44.898980099240219 ], [ -93.259345101865179, 44.903481094785796 ], [ -93.265678356621734, 44.903466537193573 ], [ -93.265657628281915, 44.898965543919687 ] ] ] } },
{ "type": "Feature", "properties": { "predicted": 0.014 }, "geometry": { "type": "Polygon", "coordinates": [ [ [ -93.259324867634959, 44.898980099240219 ], [ -93.252992102236178, 44.898994303410575 ], [ -93.253011842355434, 44.903495301173024 ], [ -93.259345101865179, 44.903481094785796 ], [ -93.259324867634959, 44.898980099240219 ] ] ] } },
{ "type": "Feature", "properties": { "predicted": 0.209 }, "geometry": { "type": "Polygon", "coordinates": [ [ [ -93.252992102236178, 44.898994303410575 ], [ -93.246659332201617, 44.899008156430057 ], [ -93.246678578208588, 44.903509156354581 ], [ -93.253011842355434, 44.903495301173024 ], [ -93.252992102236178, 44.898994303410575 ] ] ] } },
{ "type": "Feature", "properties": { "predicted": 0.339 }, "geometry": { "type": "Polygon", "coordinates": [ [ [ -93.246659332201617, 44.899008156430057 ], [ -93.240326557647293, 44.899021658297997 ], [ -93.240345309540686, 44.903522660329791 ], [ -93.246678578208588, 44.903509156354581 ], [ -93.246659332201617, 44.899008156430057 ] ] ] } },
{ "type": "Feature", "properties": { "predicted": 0.053 }, "geometry": { "type": "Polygon", "coordinates": [ [ [ -93.240326557647293, 44.899021658297997 ], [ -93.233993778689253, 44.899034809013749 ], [ -93.234012036467803, 44.903535813098003 ], [ -93.240345309540686, 44.903522660329791 ], [ -93.240326557647293, 44.899021658297997 ] ] ] } },
{ "type": "Feature", "properties": { "predicted": 0.004 }, "geometry": { "type": "Polygon", "coordinates": [ [ [ -93.233993778689253, 44.899034809013749 ], [ -93.227660995443529, 44.899047608576659 ], [ -93.227678759106013, 44.903548614658568 ], [ -93.234012036467803, 44.903535813098003 ], [ -93.233993778689253, 44.899034809013749 ] ] ] } },
{ "type": "Feature", "properties": { "predicted": 0.0 }, "geometry": { "type": "Polygon", "coordinates": [ [ [ -93.227660995443529, 44.899047608576659 ], [ -93.221328208026165, 44.899060056986087 ], [ -93.221345477571376, 44.903561065010855 ], [ -93.227678759106013, 44.903548614658568 ], [ -93.227660995443529, 44.899047608576659 ] ] ] } },
{ "type": "Feature", "properties": { "predicted": 0.0 }, "geometry": { "type": "Polygon", "coordinates": [ [ [ -93.221328208026165, 44.899060056986087 ], [ -93.214995416553165, 44.899072154241459 ], [ -93.215012191979966, 44.903573164154288 ], [ -93.221345477571376, 44.903561065010855 ], [ -93.221328208026165, 44.899060056986087 ] ] ] } },
{ "type": "Feature", "properties": { "predicted": 0.001 }, "geometry": { "type": "Polygon", "coordinates": [ [ [ -93.214995416553165, 44.899072154241459 ], [ -93.208662621140618, 44.899083900342163 ], [ -93.208678902447872, 44.903584912088235 ], [ -93.215012191979966, 44.903573164154288 ], [ -93.214995416553165, 44.899072154241459 ] ] ] } },
{ "type": "Feature", "properties": { "predicted": 0.002 }, "geometry": { "type": "Polygon", "coordinates": [ [ [ -93.208662621140618, 44.899083900342163 ], [ -93.202329821904527, 44.899095295287644 ], [ -93.20234560909114, 44.903596308812155 ], [ -93.208678902447872, 44.903584912088235 ], [ -93.208662621140618, 44.899083900342163 ] ] ] } },
{ "type": "Feature", "properties": { "predicted": 0.002 }, "geometry": { "type": "Polygon", "coordinates": [ [ [ -93.329010617227695, 44.903301645162337 ], [ -93.322677416386568, 44.903319714762461 ], [ -93.322702597559982, 44.907820681551613 ], [ -93.329036292611349, 44.907802609131345 ], [ -93.329010617227695, 44.903301645162337 ] ] ] } },
{ "type": "Feature", "properties": { "predicted": 0.0 }, "geometry": { "type": "Polygon", "coordinates": [ [ [ -93.322677416386568, 44.903319714762461 ], [ -93.316344209631623, 44.903337433165476 ], [ -93.31636889659309, 44.90783840271996 ], [ -93.322702597559982, 44.907820681551613 ], [ -93.322677416386568, 44.903319714762461 ] ] ] } },
{ "type": "Feature", "properties": { "predicted": 0.0 }, "geometry": { "type": "Polygon", "coordinates": [ [ [ -93.316344209631623, 44.903337433165476 ], [ -93.310010997078905, 44.903354800370522 ], [ -93.310035189826792, 44.907855772635529 ], [ -93.31636889659309, 44.90783840271996 ], [ -93.316344209631623, 44.903337433165476 ] ] ] } },
{ "type": "Feature", "properties": { "predicted": 0.0 }, "geometry": { "type": "Polygon", "coordinates": [ [ [ -93.310010997078905, 44.903354800370522 ], [ -93.303677778844474, 44.903371816376747 ], [ -93.303701477377146, 44.907872791297457 ], [ -93.310035189826792, 44.907855772635529 ], [ -93.310010997078905, 44.903354800370522 ] ] ] } },
{ "type": "Feature", "properties": { "predicted": 0.0 }, "geometry": { "type": "Polygon", "coordinates": [ [ [ -93.303677778844474, 44.903371816376747 ], [ -93.297344555044418, 44.903388481183313 ], [ -93.297367759360284, 44.907889458704929 ], [ -93.303701477377146, 44.907872791297457 ], [ -93.303677778844474, 44.903371816376747 ] ] ] } },
{ "type": "Feature", "properties": { "predicted": 0.0 }, "geometry": { "type": "Polygon", "coordinates": [ [ [ -93.297344555044418, 44.903388481183313 ], [ -93.29101132579477, 44.903404794789417 ], [ -93.291034035892267, 44.907905774857134 ], [ -93.297367759360284, 44.907889458704929 ], [ -93.297344555044418, 44.903388481183313 ] ] ] } },
{ "type": "Feature", "properties": { "predicted": 0.0 }, "geometry": { "type": "Polygon", "coordinates": [ [ [ -93.29101132579477, 44.903404794789417 ], [ -93.284678091211632, 44.903420757194276 ], [ -93.28470030708921, 44.907921739753263 ], [ -93.291034035892267, 44.907905774857134 ], [ -93.29101132579477, 44.903404794789417 ] ] ] } },
{ "type": "Feature", "properties": { "predicted": 0.002 }, "geometry": { "type": "Polygon", "coordinates": [ [ [ -93.284678091211632, 44.903420757194276 ], [ -93.278344851411035, 44.903436368397088 ], [ -93.278366573067231, 44.907937353392548 ], [ -93.28470030708921, 44.907921739753263 ], [ -93.284678091211632, 44.903420757194276 ] ] ] } },
{ "type": "Feature", "properties": { "predicted": 0.031 }, "geometry": { "type": "Polygon", "coordinates": [ [ [ -93.278344851411035, 44.903436368397088 ], [ -93.272011606509039, 44.903451628397114 ], [ -93.272032833942404, 44.907952615774221 ], [ -93.278366573067231, 44.907937353392548 ], [ -93.278344851411035, 44.903436368397088 ] ] ] } },
{ "type": "Feature", "properties": { "predicted": 0.163 }, "geometry": { "type": "Polygon", "coordinates": [ [ [ -93.272011606509039, 44.903451628397114 ], [ -93.265678356621734, 44.903466537193573 ], [ -93.265699089830818, 44.907967526897544 ], [ -93.272032833942404, 44.907952615774221 ], [ -93.272011606509039, 44.903451628397114 ] ] ] } },
{ "type": "Feature", "properties": { "predicted": 0.018 }, "geometry": { "type": "Polygon", "coordinates": [ [ [ -93.265678356621734, 44.903466537193573 ], [ -93.259345101865179, 44.903481094785796 ], [ -93.259365340848589, 44.907982086761791 ], [ -93.265699089830818, 44.907967526897544 ], [ -93.265678356621734, 44.903466537193573 ] ] ] } },
{ "type": "Feature", "properties": { "predicted": 0.019 }, "geometry": { "type": "Polygon", "coordinates": [ [ [ -93.259345101865179, 44.903481094785796 ], [ -93.253011842355434, 44.903495301173024 ], [ -93.25303158711182, 44.907996295366225 ], [ -93.259365340848589, 44.907982086761791 ], [ -93.259345101865179, 44.903481094785796 ] ] ] } },
{ "type": "Feature", "properties": { "predicted": 0.483 }, "geometry": { "type": "Polygon", "coordinates": [ [ [ -93.253011842355434, 44.903495301173024 ], [ -93.246678578208588, 44.903509156354581 ], [ -93.2466978287366, 44.908010152710197 ], [ -93.25303158711182, 44.907996295366225 ], [ -93.253011842355434, 44.903495301173024 ] ] ] } },
{ "type": "Feature", "properties": { "predicted": 0.581 }, "geometry": { "type": "Polygon", "coordinates": [ [ [ -93.246678578208588, 44.903509156354581 ], [ -93.240345309540686, 44.903522660329791 ], [ -93.24036406583906, 44.908023658792999 ], [ -93.2466978287366, 44.908010152710197 ], [ -93.246678578208588, 44.903509156354581 ] ] ] } },
{ "type": "Feature", "properties": { "predicted": 0.275 }, "geometry": { "type": "Polygon", "coordinates": [ [ [ -93.240345309540686, 44.903522660329791 ], [ -93.234012036467803, 44.903535813098003 ], [ -93.234030298535274, 44.908036813614004 ], [ -93.24036406583906, 44.908023658792999 ], [ -93.240345309540686, 44.903522660329791 ] ] ] } },
{ "type": "Feature", "properties": { "predicted": 0.02 }, "geometry": { "type": "Polygon", "coordinates": [ [ [ -93.234012036467803, 44.903535813098003 ], [ -93.227678759106013, 44.903548614658568 ], [ -93.227696526941344, 44.908049617172537 ], [ -93.234030298535274, 44.908036813614004 ], [ -93.234012036467803, 44.903535813098003 ] ] ] } },
{ "type": "Feature", "properties": { "predicted": 0.001 }, "geometry": { "type": "Polygon", "coordinates": [ [ [ -93.227678759106013, 44.903548614658568 ], [ -93.221345477571376, 44.903561065010855 ], [ -93.221362751173359, 44.908062069467988 ], [ -93.227696526941344, 44.908049617172537 ], [ -93.227678759106013, 44.903548614658568 ] ] ] } },
{ "type": "Feature", "properties": { "predicted": 0.001 }, "geometry": { "type": "Polygon", "coordinates": [ [ [ -93.221345477571376, 44.903561065010855 ], [ -93.215012191979966, 44.903573164154288 ], [ -93.215028971347465, 44.908074170499731 ], [ -93.221362751173359, 44.908062069467988 ], [ -93.221345477571376, 44.903561065010855 ] ] ] } },
{ "type": "Feature", "properties": { "predicted": 0.009 }, "geometry": { "type": "Polygon", "coordinates": [ [ [ -93.215012191979966, 44.903573164154288 ], [ -93.208678902447872, 44.903584912088235 ], [ -93.208695187579735, 44.908085920267226 ], [ -93.215028971347465, 44.908074170499731 ], [ -93.215012191979966, 44.903573164154288 ] ] ] } },
{ "type": "Feature", "properties": { "predicted": 0.048 }, "geometry": { "type": "Polygon", "coordinates": [ [ [ -93.208678902447872, 44.903584912088235 ], [ -93.20234560909114, 44.903596308812155 ], [ -93.202361399986287, 44.908097318769855 ], [ -93.208695187579735, 44.908085920267226 ], [ -93.208678902447872, 44.903584912088235 ] ] ] } },
{ "type": "Feature", "properties": { "predicted": 0.783 }, "geometry": { "type": "Polygon", "coordinates": [ [ [ -93.20234560909114, 44.903596308812155 ], [ -93.196012312025829, 44.903607354325466 ], [ -93.19602760868321, 44.908108366007077 ], [ -93.202361399986287, 44.908097318769855 ], [ -93.20234560909114, 44.903596308812155 ] ] ] } },
{ "type": "Feature", "properties": { "predicted": 0.986 }, "geometry": { "type": "Polygon", "coordinates": [ [ [ -93.196012312025829, 44.903607354325466 ], [ -93.189679011368057, 44.903618048627649 ], [ -93.189693813786633, 44.908119061978347 ], [ -93.19602760868321, 44.908108366007077 ], [ -93.196012312025829, 44.903607354325466 ] ] ] } },
{ "type": "Feature", "properties": { "predicted": 0.002 }, "geometry": { "type": "Polygon", "coordinates": [ [ [ -93.329036292611349, 44.907802609131345 ], [ -93.322702597559982, 44.907820681551613 ], [ -93.322727784648919, 44.912321644767268 ], [ -93.329061974026615, 44.912303569526422 ], [ -93.329036292611349, 44.907802609131345 ] ] ] } },
{ "type": "Feature", "properties": { "predicted": 0.0 }, "geometry": { "type": "Polygon", "coordinates": [ [ [ -93.322702597559982, 44.907820681551613 ], [ -93.31636889659309, 44.90783840271996 ], [ -93.316393589354007, 44.912339368701382 ], [ -93.322727784648919, 44.912321644767268 ], [ -93.322702597559982, 44.907820681551613 ] ] ] } },
{ "type": "Feature", "properties": { "predicted": 0.001 }, "geometry": { "type": "Polygon", "coordinates": [ [ [ -93.31636889659309, 44.90783840271996 ], [ -93.310035189826792, 44.907855772635529 ], [ -93.310059388258011, 44.912356741327876 ], [ -93.316393589354007, 44.912339368701382 ], [ -93.31636889659309, 44.90783840271996 ] ] ] } },
{ "type": "Feature", "properties": { "predicted": 0.006 }, "geometry": { "type": "Polygon", "coordinates": [ [ [ -93.310035189826792, 44.907855772635529 ], [ -93.303701477377146, 44.907872791297457 ], [ -93.303725181477063, 44.912373762645942 ], [ -93.310059388258011, 44.912356741327876 ], [ -93.310035189826792, 44.907855772635529 ] ] ] } },
{ "type": "Feature", "properties": { "predicted": 0.006 }, "geometry": { "type": "Polygon", "coordinates": [ [ [ -93.303701477377146, 44.907872791297457 ], [ -93.297367759360284, 44.907889458704929 ], [ -93.297390969127278, 44.912390432654718 ], [ -93.303725181477063, 44.912373762645942 ], [ -93.303701477377146, 44.907872791297457 ] ] ] } },
{ "type": "Feature", "properties": { "predicted": 0.001 }, "geometry": { "type": "Polygon", "coordinates": [ [ [ -93.297367759360284, 44.907889458704929 ], [ -93.291034035892267, 44.907905774857134 ], [ -93.291056751324803, 44.912406751353394 ], [ -93.297390969127278, 44.912390432654718 ], [ -93.297367759360284, 44.907889458704929 ] ] ] } },
{ "type": "Feature", "properties": { "predicted": 0.0 }, "geometry": { "type": "Polygon", "coordinates": [ [ [ -93.291034035892267, 44.907905774857134 ], [ -93.28470030708921, 44.907921739753263 ], [ -93.284722528185753, 44.91242271874119 ], [ -93.291056751324803, 44.912406751353394 ], [ -93.291034035892267, 44.907905774857134 ] ] ] } },
{ "type": "Feature", "properties": { "predicted": 0.0 }, "geometry": { "type": "Polygon", "coordinates": [ [ [ -93.28470030708921, 44.907921739753263 ], [ -93.278366573067231, 44.907937353392548 ], [ -93.27838829982629, 44.912438334817317 ], [ -93.284722528185753, 44.91242271874119 ], [ -93.28470030708921, 44.907921739753263 ] ] ] } },
{ "type": "Feature", "properties": { "predicted": 0.002 }, "geometry": { "type": "Polygon", "coordinates": [ [ [ -93.278366573067231, 44.907937353392548 ], [ -93.272032833942404, 44.907952615774221 ], [ -93.2720540663625, 44.912453599581013 ], [ -93.27838829982629, 44.912438334817317 ], [ -93.278366573067231, 44.907937353392548 ] ] ] } },
{ "type": "Feature", "properties": { "predicted": 0.008 }, "geometry": { "type": "Polygon", "coordinates": [ [ [ -93.272032833942404, 44.907952615774221 ], [ -93.265699089830818, 44.907967526897544 ], [ -93.265719827910544, 44.912468513031541 ], [ -93.2720540663625, 44.912453599581013 ], [ -93.272032833942404, 44.907952615774221 ] ] ] } },
{ "type": "Feature", "properties": { "predicted": 0.003 }, "geometry": { "type": "Polygon", "coordinates": [ [ [ -93.265699089830818, 44.907967526897544 ], [ -93.259365340848589, 44.907982086761791 ], [ -93.259385584586553, 44.912483075168161 ], [ -93.265719827910544, 44.912468513031541 ], [ -93.265699089830818, 44.907967526897544 ] ] ] } },
{ "type": "Feature", "properties": { "predicted": 0.005 }, "geometry": { "type": "Polygon", "coordinates": [ [ [ -93.259365340848589, 44.907982086761791 ], [ -93.25303158711182, 44.907996295366225 ], [ -93.253051336506644, 44.912497285990163 ], [ -93.259385584586553, 44.912483075168161 ], [ -93.259365340848589, 44.907982086761791 ] ] ] } },
{ "type": "Feature", "properties": { "predicted": 0.092 }, "geometry": { "type": "Polygon", "coordinates": [ [ [ -93.25303158711182, 44.907996295366225 ], [ -93.2466978287366, 44.908010152710197 ], [ -93.246717083786976, 44.912511145496886 ], [ -93.253051336506644, 44.912497285990163 ], [ -93.25303158711182, 44.907996295366225 ] ] ] } },
{ "type": "Feature", "properties": { "predicted": 0.587 }, "geometry": { "type": "Polygon", "coordinates": [ [ [ -93.2466978287366, 44.908010152710197 ], [ -93.24036406583906, 44.908023658792999 ], [ -93.240382826543666, 44.912524653687612 ], [ -93.246717083786976, 44.912511145496886 ], [ -93.2466978287366, 44.908010152710197 ] ] ] } },
{ "type": "Feature", "properties": { "predicted": 0.574 }, "geometry": { "type": "Polygon", "coordinates": [ [ [ -93.24036406583906, 44.908023658792999 ], [ -93.234030298535274, 44.908036813614004 ], [ -93.234048564892859, 44.912537810561709 ], [ -93.240382826543666, 44.912524653687612 ], [ -93.24036406583906, 44.908023658792999 ] ] ] } },
{ "type": "Feature", "properties": { "predicted": 0.04 }, "geometry": { "type": "Polygon", "coordinates": [ [ [ -93.234030298535274, 44.908036813614004 ], [ -93.227696526941344, 44.908049617172537 ], [ -93.227714298950687, 44.912550616118516 ], [ -93.234048564892859, 44.912537810561709 ], [ -93.234030298535274, 44.908036813614004 ] ] ] } },
{ "type": "Feature", "properties": { "predicted": 0.003 }, "geometry": { "type": "Polygon", "coordinates": [ [ [ -93.227696526941344, 44.908049617172537 ], [ -93.221362751173359, 44.908062069467988 ], [ -93.221380028833281, 44.912563070357429 ], [ -93.227714298950687, 44.912550616118516 ], [ -93.227696526941344, 44.908049617172537 ] ] ] } },
{ "type": "Feature", "properties": { "predicted": 0.025 }, "geometry": { "type": "Polygon", "coordinates": [ [ [ -93.221362751173359, 44.908062069467988 ], [ -93.215028971347465, 44.908074170499731 ], [ -93.215045754656785, 44.912575173277816 ], [ -93.221380028833281, 44.912563070357429 ], [ -93.221362751173359, 44.908062069467988 ] ] ] } },
{ "type": "Feature", "properties": { "predicted": 0.046 }, "geometry": { "type": "Polygon", "coordinates": [ [ [ -93.215028971347465, 44.908074170499731 ], [ -93.208695187579735, 44.908085920267226 ], [ -93.208711476537331, 44.912586924879115 ], [ -93.215045754656785, 44.912575173277816 ], [ -93.215028971347465, 44.908074170499731 ] ] ] } },
{ "type": "Feature", "properties": { "predicted": 0.947 }, "geometry": { "type": "Polygon", "coordinates": [ [ [ -93.208695187579735, 44.908085920267226 ], [ -93.202361399986287, 44.908097318769855 ], [ -93.202377194591065, 44.912598325160729 ], [ -93.208711476537331, 44.912586924879115 ], [ -93.208695187579735, 44.908085920267226 ] ] ] } },
{ "type": "Feature", "properties": { "predicted": 0.989 }, "geometry": { "type": "Polygon", "coordinates": [ [ [ -93.202361399986287, 44.908097318769855 ], [ -93.19602760868321, 44.908108366007077 ], [ -93.196042908934103, 44.912609374122134 ], [ -93.202377194591065, 44.912598325160729 ], [ -93.202361399986287, 44.908097318769855 ] ] ] } },
{ "type": "Feature", "properties": { "predicted": 0.0 }, "geometry": { "type": "Polygon", "coordinates": [ [ [ -93.329061974026615, 44.912303569526422 ], [ -93.322727784648919, 44.912321644767268 ], [ -93.322752977655071, 44.916822604409411 ], [ -93.329087661475228, 44.916804526347541 ], [ -93.329061974026615, 44.912303569526422 ] ] ] } },
{ "type": "Feature", "properties": { "predicted": 0.004 }, "geometry": { "type": "Polygon", "coordinates": [ [ [ -93.322727784648919, 44.912321644767268 ], [ -93.316393589354007, 44.912339368701382 ], [ -93.316418287916008, 44.916840331109711 ], [ -93.322752977655071, 44.916822604409411 ], [ -93.322727784648919, 44.912321644767268 ] ] ] } },
{ "type": "Feature", "properties": { "predicted": 0.032 }, "geometry": { "type": "Polygon", "coordinates": [ [ [ -93.316393589354007, 44.912339368701382 ], [ -93.310059388258011, 44.912356741327876 ], [ -93.310083592374184, 44.916857706447573 ], [ -93.316418287916008, 44.916840331109711 ], [ -93.316393589354007, 44.912339368701382 ] ] ] } },
{ "type": "Feature", "properties": { "predicted": 0.136 }, "geometry": { "type": "Polygon", "coordinates": [ [ [ -93.310059388258011, 44.912356741327876 ], [ -93.303725181477063, 44.912373762645942 ], [ -93.303748891145801, 44.916874730422172 ], [ -93.310083592374184, 44.916857706447573 ], [ -93.310059388258011, 44.912356741327876 ] ] ] } },
{ "type": "Feature", "properties": { "predicted": 0.11 }, "geometry": { "type": "Polygon", "coordinates": [ [ [ -93.303725181477063, 44.912373762645942 ], [ -93.297390969127278, 44.912390432654718 ], [ -93.297414184346977, 44.916891403032643 ], [ -93.303748891145801, 44.916874730422172 ], [ -93.303725181477063, 44.912373762645942 ] ] ] } },
{ "type": "Feature", "properties": { "predicted": 0.003 }, "geometry": { "type": "Polygon", "coordinates": [ [ [ -93.297390969127278, 44.912390432654718 ], [ -93.291056751324803, 44.912406751353394 ], [ -93.291079472093898, 44.916907724278204 ], [ -93.297414184346977, 44.916891403032643 ], [ -93.297390969127278, 44.912390432654718 ] ] ] } },
{ "type": "Feature", "properties": { "predicted": 0.0 }, "geometry": { "type": "Polygon", "coordinates": [ [ [ -93.291056751324803, 44.912406751353394 ], [ -93.284722528185753, 44.91242271874119 ], [ -93.284744754502725, 44.916923694158058 ], [ -93.291079472093898, 44.916907724278204 ], [ -93.291056751324803, 44.912406751353394 ] ] ] } },
{ "type": "Feature", "properties": { "predicted": 0.0 }, "geometry": { "type": "Polygon", "coordinates": [ [ [ -93.284722528185753, 44.91242271874119 ], [ -93.27838829982629, 44.912438334817317 ], [ -93.278410031689631, 44.916939312671403 ], [ -93.284744754502725, 44.916923694158058 ], [ -93.284722528185753, 44.91242271874119 ] ] ] } },
{ "type": "Feature", "properties": { "predicted": 0.0 }, "geometry": { "type": "Polygon", "coordinates": [ [ [ -93.27838829982629, 44.912438334817317 ], [ -93.2720540663625, 44.912453599581013 ], [ -93.272075303770762, 44.916954579817485 ], [ -93.278410031689631, 44.916939312671403 ], [ -93.27838829982629, 44.912438334817317 ] ] ] } },
{ "type": "Feature", "properties": { "predicted": 0.0 }, "geometry": { "type": "Polygon", "coordinates": [ [ [ -93.2720540663625, 44.912453599581013 ], [ -93.265719827910544, 44.912468513031541 ], [ -93.265740570862306, 44.916969495595573 ], [ -93.272075303770762, 44.916954579817485 ], [ -93.2720540663625, 44.912453599581013 ] ] ] } },
{ "type": "Feature", "properties": { "predicted": 0.0 }, "geometry": { "type": "Polygon", "coordinates": [ [ [ -93.265719827910544, 44.912468513031541 ], [ -93.259385584586553, 44.912483075168161 ], [ -93.259405833080393, 44.916984060004928 ], [ -93.265740570862306, 44.916969495595573 ], [ -93.265719827910544, 44.912468513031541 ] ] ] } },
{ "type": "Feature", "properties": { "predicted": 0.002 }, "geometry": { "type": "Polygon", "coordinates": [ [ [ -93.259385584586553, 44.912483075168161 ], [ -93.253051336506644, 44.912497285990163 ], [ -93.253071090541241, 44.916998273044847 ], [ -93.259405833080393, 44.916984060004928 ], [ -93.259385584586553, 44.912483075168161 ] ] ] } },
{ "type": "Feature", "properties": { "predicted": 0.024 }, "geometry": { "type": "Polygon", "coordinates": [ [ [ -93.253051336506644, 44.912497285990163 ], [ -93.246717083786976, 44.912511145496886 ], [ -93.246736343360979, 44.917012134714632 ], [ -93.253071090541241, 44.916998273044847 ], [ -93.253051336506644, 44.912497285990163 ] ] ] } },
{ "type": "Feature", "properties": { "predicted": 0.387 }, "geometry": { "type": "Polygon", "coordinates": [ [ [ -93.246717083786976, 44.912511145496886 ], [ -93.240382826543666, 44.912524653687612 ], [ -93.240401591655782, 44.917025645013609 ], [ -93.246736343360979, 44.917012134714632 ], [ -93.246717083786976, 44.912511145496886 ] ] ] } },
{ "type": "Feature", "properties": { "predicted": 0.534 }, "geometry": { "type": "Polygon", "coordinates": [ [ [ -93.240382826543666, 44.912524653687612 ], [ -93.234048564892859, 44.912537810561709 ], [ -93.234066835541825, 44.917038803941125 ], [ -93.240401591655782, 44.917025645013609 ], [ -93.240382826543666, 44.912524653687612 ] ] ] } },
{ "type": "Feature", "properties": { "predicted": 0.04 }, "geometry": { "type": "Polygon", "coordinates": [ [ [ -93.234048564892859, 44.912537810561709 ], [ -93.227714298950687, 44.912550616118516 ], [ -93.227732075135279, 44.917051611496525 ], [ -93.234066835541825, 44.917038803941125 ], [ -93.234048564892859, 44.912537810561709 ] ] ] } },
{ "type": "Feature", "properties": { "predicted": 0.011 }, "geometry": { "type": "Polygon", "coordinates": [ [ [ -93.227714298950687, 44.912550616118516 ], [ -93.221380028833281, 44.912563070357429 ], [ -93.221397310552305, 44.917064067679185 ], [ -93.227732075135279, 44.917051611496525 ], [ -93.227714298950687, 44.912550616118516 ] ] ] } },
{ "type": "Feature", "properties": { "predicted": 0.274 }, "geometry": { "type": "Polygon", "coordinates": [ [ [ -93.221380028833281, 44.912563070357429 ], [ -93.215045754656785, 44.912575173277816 ], [ -93.215062541909077, 44.917076172488514 ], [ -93.221397310552305, 44.917064067679185 ], [ -93.221380028833281, 44.912563070357429 ] ] ] } },
{ "type": "Feature", "properties": { "predicted": 0.598 }, "geometry": { "type": "Polygon", "coordinates": [ [ [ -93.215045754656785, 44.912575173277816 ], [ -93.208711476537331, 44.912586924879115 ], [ -93.20872776932174, 44.917087925923902 ], [ -93.215062541909077, 44.917076172488514 ], [ -93.215045754656785, 44.912575173277816 ] ] ] } },
{ "type": "Feature", "properties": { "predicted": 0.879 }, "geometry": { "type": "Polygon", "coordinates": [ [ [ -93.208711476537331, 44.912586924879115 ], [ -93.202377194591065, 44.912598325160729 ], [ -93.202392992906525, 44.917099327984793 ], [ -93.20872776932174, 44.917087925923902 ], [ -93.208711476537331, 44.912586924879115 ] ] ] } },
{ "type": "Feature", "properties": { "predicted": 0.938 }, "geometry": { "type": "Polygon", "coordinates": [ [ [ -93.202377194591065, 44.912598325160729 ], [ -93.196042908934103, 44.912609374122134 ], [ -93.196058212779562, 44.917110378670614 ], [ -93.202392992906525, 44.917099327984793 ], [ -93.202377194591065, 44.912598325160729 ] ] ] } },
{ "type": "Feature", "properties": { "predicted": 0.0 }, "geometry": { "type": "Polygon", "coordinates": [ [ [ -93.329087661475228, 44.916804526347541 ], [ -93.322752977655071, 44.916822604409411 ], [ -93.32277817658013, 44.921323560478065 ], [ -93.329113354958906, 44.92130547959475 ], [ -93.329087661475228, 44.916804526347541 ] ] ] } },
{ "type": "Feature", "properties": { "predicted": 0.009 }, "geometry": { "type": "Polygon", "coordinates": [ [ [ -93.322752977655071, 44.916822604409411 ], [ -93.316418287916008, 44.916840331109711 ], [ -93.316442992280727, 44.921341289944976 ], [ -93.32277817658013, 44.921323560478065 ], [ -93.322752977655071, 44.916822604409411 ] ] ] } },
{ "type": "Feature", "properties": { "predicted": 0.273 }, "geometry": { "type": "Polygon", "coordinates": [ [ [ -93.316418287916008, 44.916840331109711 ], [ -93.310083592374184, 44.916857706447573 ], [ -93.310107802176944, 44.921358667994632 ], [ -93.316442992280727, 44.921341289944976 ], [ -93.316418287916008, 44.916840331109711 ] ] ] } },
{ "type": "Feature", "properties": { "predicted": 0.295 }, "geometry": { "type": "Polygon", "coordinates": [ [ [ -93.310083592374184, 44.916857706447573 ], [ -93.303748891145801, 44.916874730422172 ], [ -93.303772606384939, 44.921375694626164 ], [ -93.310107802176944, 44.921358667994632 ], [ -93.310083592374184, 44.916857706447573 ] ] ] } },
{ "type": "Feature", "properties": { "predicted": 0.312 }, "geometry": { "type": "Polygon", "coordinates": [ [ [ -93.303748891145801, 44.916874730422172 ], [ -93.297414184346977, 44.916891403032643 ], [ -93.297437405020915, 44.921392369838749 ], [ -93.303772606384939, 44.921375694626164 ], [ -93.303748891145801, 44.916874730422172 ] ] ] } },
{ "type": "Feature", "properties": { "predicted": 0.01 }, "geometry": { "type": "Polygon", "coordinates": [ [ [ -93.297414184346977, 44.916891403032643 ], [ -93.291079472093898, 44.916907724278204 ], [ -93.291102198201088, 44.921408693631584 ], [ -93.297437405020915, 44.921392369838749 ], [ -93.297414184346977, 44.916891403032643 ] ] ] } },
{ "type": "Feature", "properties": { "predicted": 0.001 }, "geometry": { "type": "Polygon", "coordinates": [ [ [ -93.291079472093898, 44.916907724278204 ], [ -93.284744754502725, 44.916923694158058 ], [ -93.284766986041632, 44.921424666003865 ], [ -93.291102198201088, 44.921408693631584 ], [ -93.291079472093898, 44.916907724278204 ] ] ] } },
{ "type": "Feature", "properties": { "predicted": 0.0 }, "geometry": { "type": "Polygon", "coordinates": [ [ [ -93.284744754502725, 44.916923694158058 ], [ -93.278410031689631, 44.916939312671403 ], [ -93.278431768658734, 44.921440286954805 ], [ -93.284766986041632, 44.921424666003865 ], [ -93.284744754502725, 44.916923694158058 ] ] ] } },
{ "type": "Feature", "properties": { "predicted": 0.0 }, "geometry": { "type": "Polygon", "coordinates": [ [ [ -93.278410031689631, 44.916939312671403 ], [ -93.272075303770762, 44.916954579817485 ], [ -93.27209654616864, 44.921455556483664 ], [ -93.278431768658734, 44.921440286954805 ], [ -93.278410031689631, 44.916939312671403 ] ] ] } },
{ "type": "Feature", "properties": { "predicted": 0.0 }, "geometry": { "type": "Polygon", "coordinates": [ [ [ -93.272075303770762, 44.916954579817485 ], [ -93.265740570862306, 44.916969495595573 ], [ -93.265761318687495, 44.921470474589675 ], [ -93.27209654616864, 44.921455556483664 ], [ -93.272075303770762, 44.916954579817485 ] ] ] } },
{ "type": "Feature", "properties": { "predicted": 0.0 }, "geometry": { "type": "Polygon", "coordinates": [ [ [ -93.265740570862306, 44.916969495595573 ], [ -93.259405833080393, 44.916984060004928 ], [ -93.259426086331516, 44.92148504127212 ], [ -93.265761318687495, 44.921470474589675 ], [ -93.265740570862306, 44.916969495595573 ] ] ] } },
{ "type": "Feature", "properties": { "predicted": 0.0 }, "geometry": { "type": "Polygon", "coordinates": [ [ [ -93.259405833080393, 44.916984060004928 ], [ -93.253071090541241, 44.916998273044847 ], [ -93.253090849216932, 44.921499256530289 ], [ -93.259426086331516, 44.92148504127212 ], [ -93.259405833080393, 44.916984060004928 ] ] ] } },
{ "type": "Feature", "properties": { "predicted": 0.005 }, "geometry": { "type": "Polygon", "coordinates": [ [ [ -93.253071090541241, 44.916998273044847 ], [ -93.246736343360979, 44.917012134714632 ], [ -93.246755607459903, 44.921513120363485 ], [ -93.253090849216932, 44.921499256530289 ], [ -93.253071090541241, 44.916998273044847 ] ] ] } },
{ "type": "Feature", "properties": { "predicted": 0.106 }, "geometry": { "type": "Polygon", "coordinates": [ [ [ -93.246736343360979, 44.917012134714632 ], [ -93.240401591655782, 44.917025645013609 ], [ -93.24042036117666, 44.921526632771041 ], [ -93.246755607459903, 44.921513120363485 ], [ -93.246736343360979, 44.917012134714632 ] ] ] } },
{ "type": "Feature", "properties": { "predicted": 0.617 }, "geometry": { "type": "Polygon", "coordinates": [ [ [ -93.240401591655782, 44.917025645013609 ], [ -93.234066835541825, 44.917038803941125 ], [ -93.234085110483377, 44.921539793752281 ], [ -93.24042036117666, 44.921526632771041 ], [ -93.240401591655782, 44.917025645013609 ] ] ] } },
{ "type": "Feature", "properties": { "predicted": 0.236 }, "geometry": { "type": "Polygon", "coordinates": [ [ [ -93.234066835541825, 44.917038803941125 ], [ -93.227732075135279, 44.917051611496525 ], [ -93.227749855496285, 44.92155260330658 ], [ -93.234085110483377, 44.921539793752281 ], [ -93.234066835541825, 44.917038803941125 ] ] ] } },
{ "type": "Feature", "properties": { "predicted": 0.013 }, "geometry": { "type": "Polygon", "coordinates": [ [ [ -93.227732075135279, 44.917051611496525 ], [ -93.221397310552305, 44.917064067679185 ], [ -93.22141459633157, 44.921565061433299 ], [ -93.227749855496285, 44.92155260330658 ], [ -93.227732075135279, 44.917051611496525 ] ] ] } },
{ "type": "Feature", "properties": { "predicted": 0.097 }, "geometry": { "type": "Polygon", "coordinates": [ [ [ -93.221397310552305, 44.917064067679185 ], [ -93.215062541909077, 44.917076172488514 ], [ -93.215079333105436, 44.921577168131833 ], [ -93.22141459633157, 44.921565061433299 ], [ -93.221397310552305, 44.917064067679185 ] ] ] } },
{ "type": "Feature", "properties": { "predicted": 0.07 }, "geometry": { "type": "Polygon", "coordinates": [ [ [ -93.215062541909077, 44.917076172488514 ], [ -93.20872776932174, 44.917087925923902 ], [ -93.208744065934084, 44.921588923401622 ], [ -93.215079333105436, 44.921577168131833 ], [ -93.215062541909077, 44.917076172488514 ] ] ] } },
{ "type": "Feature", "properties": { "predicted": 0.702 }, "geometry": { "type": "Polygon", "coordinates": [ [ [ -93.20872776932174, 44.917087925923902 ], [ -93.202392992906525, 44.917099327984793 ], [ -93.202408794933731, 44.921600327242054 ], [ -93.208744065934084, 44.921588923401622 ], [ -93.20872776932174, 44.917087925923902 ] ] ] } },
{ "type": "Feature", "properties": { "predicted": 0.833 }, "geometry": { "type": "Polygon", "coordinates": [ [ [ -93.202392992906525, 44.917099327984793 ], [ -93.196058212779562, 44.917110378670614 ], [ -93.196073520220565, 44.921611379652575 ], [ -93.202408794933731, 44.921600327242054 ], [ -93.202392992906525, 44.917099327984793 ] ] ] } },
{ "type": "Feature", "properties": { "predicted": 0.0 }, "geometry": { "type": "Polygon", "coordinates": [ [ [ -93.329113354958906, 44.92130547959475 ], [ -93.32277817658013, 44.921323560478065 ], [ -93.322803381425786, 44.925824512973222 ], [ -93.329139054479384, 44.925806429268015 ], [ -93.329113354958906, 44.92130547959475 ] ] ] } },
{ "type": "Feature", "properties": { "predicted": 0.002 }, "geometry": { "type": "Polygon", "coordinates": [ [ [ -93.32277817658013, 44.921323560478065 ], [ -93.316442992280727, 44.921341289944976 ], [ -93.316467702449884, 44.925842245207178 ], [ -93.322803381425786, 44.925824512973222 ], [ -93.32277817658013, 44.921323560478065 ] ] ] } },
{ "type": "Feature", "properties": { "predicted": 0.06 }, "geometry": { "type": "Polygon", "coordinates": [ [ [ -93.316442992280727, 44.921341289944976 ], [ -93.310107802176944, 44.921358667994632 ], [ -93.310132017667911, 44.925859625969032 ], [ -93.316467702449884, 44.925842245207178 ], [ -93.316442992280727, 44.921341289944976 ] ] ] } },
{ "type": "Feature", "properties": { "predicted": 0.298 }, "geometry": { "type": "Polygon", "coordinates": [ [ [ -93.310107802176944, 44.921358667994632 ], [ -93.303772606384939, 44.921375694626164 ], [ -93.30379632719611, 44.925876655257923 ], [ -93.310132017667911, 44.925859625969032 ], [ -93.310107802176944, 44.921358667994632 ] ] ] } },
{ "type": "Feature", "properties": { "predicted": 0.297 }, "geometry": { "type": "Polygon", "coordinates": [ [ [ -93.303772606384939, 44.921375694626164 ], [ -93.297437405020915, 44.921392369838749 ], [ -93.297460631150699, 44.92589333307302 ], [ -93.30379632719611, 44.925876655257923 ], [ -93.303772606384939, 44.921375694626164 ] ] ] } },
{ "type": "Feature", "properties": { "predicted": 0.051 }, "geometry": { "type": "Polygon", "coordinates": [ [ [ -93.297437405020915, 44.921392369838749 ], [ -93.291102198201088, 44.921408693631584 ], [ -93.291124929647907, 44.92590965941352 ], [ -93.297460631150699, 44.92589333307302 ], [ -93.297437405020915, 44.921392369838749 ] ] ] } },
{ "type": "Feature", "properties": { "predicted": 0.002 }, "geometry": { "type": "Polygon", "coordinates": [ [ [ -93.291102198201088, 44.921408693631584 ], [ -93.284766986041632, 44.921424666003865 ], [ -93.284789222803951, 44.92592563427862 ], [ -93.291124929647907, 44.92590965941352 ], [ -93.291102198201088, 44.921408693631584 ] ] ] } },
{ "type": "Feature", "properties": { "predicted": 0.0 }, "geometry": { "type": "Polygon", "coordinates": [ [ [ -93.284766986041632, 44.921424666003865 ], [ -93.278431768658734, 44.921440286954805 ], [ -93.278453510735091, 44.925941257667539 ], [ -93.284789222803951, 44.92592563427862 ], [ -93.284766986041632, 44.921424666003865 ] ] ] } },
{ "type": "Feature", "properties": { "predicted": 0.0 }, "geometry": { "type": "Polygon", "coordinates": [ [ [ -93.278431768658734, 44.921440286954805 ], [ -93.27209654616864, 44.921455556483664 ], [ -93.272117793557527, 44.925956529579537 ], [ -93.278453510735091, 44.925941257667539 ], [ -93.278431768658734, 44.921440286954805 ] ] ] } },
{ "type": "Feature", "properties": { "predicted": 0.0 }, "geometry": { "type": "Polygon", "coordinates": [ [ [ -93.27209654616864, 44.921455556483664 ], [ -93.265761318687495, 44.921470474589675 ], [ -93.265782071387505, 44.925971450013819 ], [ -93.272117793557527, 44.925956529579537 ], [ -93.27209654616864, 44.921455556483664 ] ] ] } },
{ "type": "Feature", "properties": { "predicted": 0.0 }, "geometry": { "type": "Polygon", "coordinates": [ [ [ -93.265761318687495, 44.921470474589675 ], [ -93.259426086331516, 44.92148504127212 ], [ -93.259446344341271, 44.925986018969702 ], [ -93.265782071387505, 44.925971450013819 ], [ -93.265761318687495, 44.921470474589675 ] ] ] } },
{ "type": "Feature", "properties": { "predicted": 0.0 }, "geometry": { "type": "Polygon", "coordinates": [ [ [ -93.259426086331516, 44.92148504127212 ], [ -93.253090849216932, 44.921499256530289 ], [ -93.253110612535039, 44.926000236446463 ], [ -93.259446344341271, 44.925986018969702 ], [ -93.259426086331516, 44.92148504127212 ] ] ] } },
{ "type": "Feature", "properties": { "predicted": 0.004 }, "geometry": { "type": "Polygon", "coordinates": [ [ [ -93.253090849216932, 44.921499256530289 ], [ -93.246755607459903, 44.921513120363485 ], [ -93.24677487608507, 44.926014102443411 ], [ -93.253110612535039, 44.926000236446463 ], [ -93.253090849216932, 44.921499256530289 ] ] ] } },
{ "type": "Feature", "properties": { "predicted": 0.102 }, "geometry": { "type": "Polygon", "coordinates": [ [ [ -93.246755607459903, 44.921513120363485 ], [ -93.24042036117666, 44.921526632771041 ], [ -93.24043913510755, 44.926027616959864 ], [ -93.24677487608507, 44.926014102443411 ], [ -93.246755607459903, 44.921513120363485 ] ] ] } },
{ "type": "Feature", "properties": { "predicted": 0.502 }, "geometry": { "type": "Polygon", "coordinates": [ [ [ -93.24042036117666, 44.921526632771041 ], [ -93.234085110483377, 44.921539793752281 ], [ -93.234103389718769, 44.926040779995162 ], [ -93.24043913510755, 44.926027616959864 ], [ -93.24042036117666, 44.921526632771041 ] ] ] } },
{ "type": "Feature", "properties": { "predicted": 0.192 }, "geometry": { "type": "Polygon", "coordinates": [ [ [ -93.234085110483377, 44.921539793752281 ], [ -93.227749855496285, 44.92155260330658 ], [ -93.227767640034912, 44.926053591548659 ], [ -93.234103389718769, 44.926040779995162 ], [ -93.234085110483377, 44.921539793752281 ] ] ] } },
{ "type": "Feature", "properties": { "predicted": 0.009 }, "geometry": { "type": "Polygon", "coordinates": [ [ [ -93.227749855496285, 44.92155260330658 ], [ -93.22141459633157, 44.921565061433299 ], [ -93.221431886172255, 44.926066051619742 ], [ -93.227767640034912, 44.926053591548659 ], [ -93.227749855496285, 44.92155260330658 ] ] ] } },
{ "type": "Feature", "properties": { "predicted": 0.003 }, "geometry": { "type": "Polygon", "coordinates": [ [ [ -93.22141459633157, 44.921565061433299 ], [ -93.215079333105436, 44.921577168131833 ], [ -93.215096128247012, 44.926078160207801 ], [ -93.221431886172255, 44.926066051619742 ], [ -93.22141459633157, 44.921565061433299 ] ] ] } },
{ "type": "Feature", "properties": { "predicted": 0.011 }, "geometry": { "type": "Polygon", "coordinates": [ [ [ -93.215079333105436, 44.921577168131833 ], [ -93.208744065934084, 44.921588923401622 ], [ -93.208760366375415, 44.92608991731224 ], [ -93.215096128247012, 44.926078160207801 ], [ -93.215079333105436, 44.921577168131833 ] ] ] } },
{ "type": "Feature", "properties": { "predicted": 0.509 }, "geometry": { "type": "Polygon", "coordinates": [ [ [ -93.208744065934084, 44.921588923401622 ], [ -93.202408794933731, 44.921600327242054 ], [ -93.202424600673723, 44.926101322932489 ], [ -93.208760366375415, 44.92608991731224 ], [ -93.208744065934084, 44.921588923401622 ] ] ] } },
{ "type": "Feature", "properties": { "predicted": 0.928 }, "geometry": { "type": "Polygon", "coordinates": [ [ [ -93.202408794933731, 44.921600327242054 ], [ -93.196073520220565, 44.921611379652575 ], [ -93.19608883125818, 44.92611237706798 ], [ -93.202424600673723, 44.926101322932489 ], [ -93.202408794933731, 44.921600327242054 ] ] ] } },
{ "type": "Feature", "properties": { "predicted": 0.0 }, "geometry": { "type": "Polygon", "coordinates": [ [ [ -93.329139054479384, 44.925806429268015 ], [ -93.322803381425786, 44.925824512973222 ], [ -93.32282859219373, 44.930325461894874 ], [ -93.329164760038367, 44.930307375367327 ], [ -93.329139054479384, 44.925806429268015 ] ] ] } },
{ "type": "Feature", "properties": { "predicted": 0.001 }, "geometry": { "type": "Polygon", "coordinates": [ [ [ -93.322803381425786, 44.925824512973222 ], [ -93.316467702449884, 44.925842245207178 ], [ -93.316492418425085, 44.93034319689631 ], [ -93.32282859219373, 44.930325461894874 ], [ -93.322803381425786, 44.925824512973222 ] ] ] } },
{ "type": "Feature", "properties": { "predicted": 0.01 }, "geometry": { "type": "Polygon", "coordinates": [ [ [ -93.316467702449884, 44.925842245207178 ], [ -93.310132017667911, 44.925859625969032 ], [ -93.310156238848734, 44.930360580370774 ], [ -93.316492418425085, 44.93034319689631 ], [ -93.316467702449884, 44.925842245207178 ] ] ] } },
{ "type": "Feature", "properties": { "predicted": 0.304 }, "geometry": { "type": "Polygon", "coordinates": [ [ [ -93.310132017667911, 44.925859625969032 ], [ -93.30379632719611, 44.925876655257923 ], [ -93.303820053580893, 44.930377612317429 ], [ -93.310156238848734, 44.930360580370774 ], [ -93.310132017667911, 44.925859625969032 ] ] ] } },
{ "type": "Feature", "properties": { "predicted": 0.266 }, "geometry": { "type": "Polygon", "coordinates": [ [ [ -93.30379632719611, 44.925876655257923 ], [ -93.297460631150699, 44.92589333307302 ], [ -93.297483862737849, 44.93039429273545 ], [ -93.303820053580893, 44.930377612317429 ], [ -93.30379632719611, 44.925876655257923 ] ] ] } },
{ "type": "Feature", "properties": { "predicted": 0.024 }, "geometry": { "type": "Polygon", "coordinates": [ [ [ -93.297460631150699, 44.92589333307302 ], [ -93.291124929647907, 44.92590965941352 ], [ -93.291147666435862, 44.930410621624006 ], [ -93.297483862737849, 44.93039429273545 ], [ -93.297460631150699, 44.92589333307302 ] ] ] } },
{ "type": "Feature", "properties": { "predicted": 0.001 }, "geometry": { "type": "Polygon", "coordinates": [ [ [ -93.291124929647907, 44.92590965941352 ], [ -93.284789222803951, 44.92592563427862 ], [ -93.284811464791204, 44.930426598982315 ], [ -93.291147666435862, 44.930410621624006 ], [ -93.291124929647907, 44.92590965941352 ] ] ] } },
{ "type": "Feature", "properties": { "predicted": 0.0 }, "geometry": { "type": "Polygon", "coordinates": [ [ [ -93.284789222803951, 44.92592563427862 ], [ -93.278453510735091, 44.925941257667539 ], [ -93.278475257920107, 44.930442224809589 ], [ -93.284811464791204, 44.930426598982315 ], [ -93.284789222803951, 44.92592563427862 ] ] ] } },
{ "type": "Feature", "properties": { "predicted": 0.0 }, "geometry": { "type": "Polygon", "coordinates": [ [ [ -93.278453510735091, 44.925941257667539 ], [ -93.272117793557527, 44.925956529579537 ], [ -93.272139045938886, 44.930457499105074 ], [ -93.278475257920107, 44.930442224809589 ], [ -93.278453510735091, 44.925941257667539 ] ] ] } },
{ "type": "Feature", "properties": { "predicted": 0.0 }, "geometry": { "type": "Polygon", "coordinates": [ [ [ -93.272117793557527, 44.925956529579537 ], [ -93.265782071387505, 44.925971450013819 ], [ -93.265802828963757, 44.930472421868018 ], [ -93.272139045938886, 44.930457499105074 ], [ -93.272117793557527, 44.925956529579537 ] ] ] } },
{ "type": "Feature", "properties": { "predicted": 0.0 }, "geometry": { "type": "Polygon", "coordinates": [ [ [ -93.265782071387505, 44.925971450013819 ], [ -93.259446344341271, 44.925986018969702 ], [ -93.259466607111023, 44.930486993097688 ], [ -93.265802828963757, 44.930472421868018 ], [ -93.265782071387505, 44.925971450013819 ] ] ] } },
{ "type": "Feature", "properties": { "predicted": 0.0 }, "geometry": { "type": "Polygon", "coordinates": [ [ [ -93.259446344341271, 44.925986018969702 ], [ -93.253110612535039, 44.926000236446463 ], [ -93.253130380496927, 44.930501212793388 ], [ -93.259466607111023, 44.930486993097688 ], [ -93.259446344341271, 44.925986018969702 ] ] ] } },
{ "type": "Feature", "properties": { "predicted": 0.001 }, "geometry": { "type": "Polygon", "coordinates": [ [ [ -93.253110612535039, 44.926000236446463 ], [ -93.24677487608507, 44.926014102443411 ], [ -93.246794149237743, 44.930515080954414 ], [ -93.253130380496927, 44.930501212793388 ], [ -93.253110612535039, 44.926000236446463 ] ] ] } },
{ "type": "Feature", "properties": { "predicted": 0.005 }, "geometry": { "type": "Polygon", "coordinates": [ [ [ -93.24677487608507, 44.926014102443411 ], [ -93.24043913510755, 44.926027616959864 ], [ -93.240457913449745, 44.930528597580093 ], [ -93.246794149237743, 44.930515080954414 ], [ -93.24677487608507, 44.926014102443411 ] ] ] } },
{ "type": "Feature", "properties": { "predicted": 0.014 }, "geometry": { "type": "Polygon", "coordinates": [ [ [ -93.24043913510755, 44.926027616959864 ], [ -93.234103389718769, 44.926040779995162 ], [ -93.234121673249192, 44.930541762669762 ], [ -93.240457913449745, 44.930528597580093 ], [ -93.24043913510755, 44.926027616959864 ] ] ] } },
{ "type": "Feature", "properties": { "predicted": 0.012 }, "geometry": { "type": "Polygon", "coordinates": [ [ [ -93.234103389718769, 44.926040779995162 ], [ -93.227767640034912, 44.926053591548659 ], [ -93.22778542875237, 44.930554576222782 ], [ -93.234121673249192, 44.930541762669762 ], [ -93.234103389718769, 44.926040779995162 ] ] ] } },
{ "type": "Feature", "properties": { "predicted": 0.002 }, "geometry": { "type": "Polygon", "coordinates": [ [ [ -93.227767640034912, 44.926053591548659 ], [ -93.221431886172255, 44.926066051619742 ], [ -93.221449180075524, 44.930567038238522 ], [ -93.22778542875237, 44.930554576222782 ], [ -93.227767640034912, 44.926053591548659 ] ] ] } },
{ "type": "Feature", "properties": { "predicted": 0.0 }, "geometry": { "type": "Polygon", "coordinates": [ [ [ -93.221431886172255, 44.926066051619742 ], [ -93.215096128247012, 44.926078160207801 ], [ -93.215112927334928, 44.93057914871639 ], [ -93.221449180075524, 44.930567038238522 ], [ -93.221431886172255, 44.926066051619742 ] ] ] } },
{ "type": "Feature", "properties": { "predicted": 0.006 }, "geometry": { "type": "Polygon", "coordinates": [ [ [ -93.215096128247012, 44.926078160207801 ], [ -93.208760366375415, 44.92608991731224 ], [ -93.20877667064687, 44.930590907655784 ], [ -93.215112927334928, 44.93057914871639 ], [ -93.215096128247012, 44.926078160207801 ] ] ] } },
{ "type": "Feature", "properties": { "predicted": 0.184 }, "geometry": { "type": "Polygon", "coordinates": [ [ [ -93.208760366375415, 44.92608991731224 ], [ -93.202424600673723, 44.926101322932489 ], [ -93.202440410127608, 44.930602315056113 ], [ -93.20877667064687, 44.930590907655784 ], [ -93.208760366375415, 44.92608991731224 ] ] ] } },
{ "type": "Feature", "properties": { "predicted": 0.963 }, "geometry": { "type": "Polygon", "coordinates": [ [ [ -93.202424600673723, 44.926101322932489 ], [ -93.19608883125818, 44.92611237706798 ], [ -93.196104145893415, 44.930613370916859 ], [ -93.202440410127608, 44.930602315056113 ], [ -93.202424600673723, 44.926101322932489 ] ] ] } },
{ "type": "Feature", "properties": { "predicted": 0.003 }, "geometry": { "type": "Polygon", "coordinates": [ [ [ -93.329164760038367, 44.930307375367327 ], [ -93.32282859219373, 44.930325461894874 ], [ -93.322853808885668, 44.934826407243015 ], [ -93.329190471637617, 44.934808317892724 ], [ -93.329164760038367, 44.930307375367327 ] ] ] } },
{ "type": "Feature", "properties": { "predicted": 0.025 }, "geometry": { "type": "Polygon", "coordinates": [ [ [ -93.32282859219373, 44.930325461894874 ], [ -93.316492418425085, 44.93034319689631 ], [ -93.316517140208035, 44.934844145012356 ], [ -93.322853808885668, 44.934826407243015 ], [ -93.32282859219373, 44.930325461894874 ] ] ] } },
{ "type": "Feature", "properties": { "predicted": 0.05 }, "geometry": { "type": "Polygon", "coordinates": [ [ [ -93.316492418425085, 44.93034319689631 ], [ -93.310156238848734, 44.930360580370774 ], [ -93.310180465721004, 44.934861531199857 ], [ -93.316517140208035, 44.934844145012356 ], [ -93.316492418425085, 44.93034319689631 ] ] ] } },
{ "type": "Feature", "properties": { "predicted": 0.299 }, "geometry": { "type": "Polygon", "coordinates": [ [ [ -93.310156238848734, 44.930360580370774 ], [ -93.303820053580893, 44.930377612317429 ], [ -93.303843785540877, 44.934878565804688 ], [ -93.310180465721004, 44.934861531199857 ], [ -93.310156238848734, 44.930360580370774 ] ] ] } },
{ "type": "Feature", "properties": { "predicted": 0.041 }, "geometry": { "type": "Polygon", "coordinates": [ [ [ -93.303820053580893, 44.930377612317429 ], [ -93.297483862737849, 44.93039429273545 ], [ -93.297507099783942, 44.934895248826038 ], [ -93.303843785540877, 44.934878565804688 ], [ -93.303820053580893, 44.930377612317429 ] ] ] } },
{ "type": "Feature", "properties": { "predicted": 0.003 }, "geometry": { "type": "Polygon", "coordinates": [ [ [ -93.297483862737849, 44.93039429273545 ], [ -93.291147666435862, 44.930410621624006 ], [ -93.291170408566501, 44.934911580263041 ], [ -93.297507099783942, 44.934895248826038 ], [ -93.297483862737849, 44.93039429273545 ] ] ] } },
{ "type": "Feature", "properties": { "predicted": 0.0 }, "geometry": { "type": "Polygon", "coordinates": [ [ [ -93.291147666435862, 44.930410621624006 ], [ -93.284811464791204, 44.930426598982315 ], [ -93.284833712004868, 44.934927560114943 ], [ -93.291170408566501, 44.934911580263041 ], [ -93.291147666435862, 44.930410621624006 ] ] ] } },
{ "type": "Feature", "properties": { "predicted": 0.0 }, "geometry": { "type": "Polygon", "coordinates": [ [ [ -93.284811464791204, 44.930426598982315 ], [ -93.278475257920107, 44.930442224809589 ], [ -93.27849701021529, 44.934943188380949 ], [ -93.284833712004868, 44.934927560114943 ], [ -93.284811464791204, 44.930426598982315 ] ] ] } },
{ "type": "Feature", "properties": { "predicted": 0.0 }, "geometry": { "type": "Polygon", "coordinates": [ [ [ -93.278475257920107, 44.930442224809589 ], [ -93.272139045938886, 44.930457499105074 ], [ -93.272160303314124, 44.934958465060305 ], [ -93.27849701021529, 44.934943188380949 ], [ -93.278475257920107, 44.930442224809589 ] ] ] } },
{ "type": "Feature", "properties": { "predicted": 0.0 }, "geometry": { "type": "Polygon", "coordinates": [ [ [ -93.272139045938886, 44.930457499105074 ], [ -93.265802828963757, 44.930472421868018 ], [ -93.265823591417629, 44.934973390152258 ], [ -93.272160303314124, 44.934958465060305 ], [ -93.272139045938886, 44.930457499105074 ] ] ] } },
{ "type": "Feature", "properties": { "predicted": 0.001 }, "geometry": { "type": "Polygon", "coordinates": [ [ [ -93.265802828963757, 44.930472421868018 ], [ -93.259466607111023, 44.930486993097688 ], [ -93.259486874642107, 44.934987963656077 ], [ -93.265823591417629, 44.934973390152258 ], [ -93.265802828963757, 44.930472421868018 ] ] ] } },
{ "type": "Feature", "properties": { "predicted": 0.002 }, "geometry": { "type": "Polygon", "coordinates": [ [ [ -93.259466607111023, 44.930486993097688 ], [ -93.253130380496927, 44.930501212793388 ], [ -93.253150153103888, 44.935002185571051 ], [ -93.259486874642107, 44.934987963656077 ], [ -93.259466607111023, 44.930486993097688 ] ] ] } },
{ "type": "Feature", "properties": { "predicted": 0.001 }, "geometry": { "type": "Polygon", "coordinates": [ [ [ -93.253130380496927, 44.930501212793388 ], [ -93.246794149237743, 44.930515080954414 ], [ -93.246813426919246, 44.93501605589649 ], [ -93.253150153103888, 44.935002185571051 ], [ -93.253130380496927, 44.930501212793388 ] ] ] } },
{ "type": "Feature", "properties": { "predicted": 0.0 }, "geometry": { "type": "Polygon", "coordinates": [ [ [ -93.246794149237743, 44.930515080954414 ], [ -93.240457913449745, 44.930528597580093 ], [ -93.240476696204496, 44.935029574631713 ], [ -93.246813426919246, 44.93501605589649 ], [ -93.246794149237743, 44.930515080954414 ] ] ] } },
{ "type": "Feature", "properties": { "predicted": 0.001 }, "geometry": { "type": "Polygon", "coordinates": [ [ [ -93.240457913449745, 44.930528597580093 ], [ -93.234121673249192, 44.930541762669762 ], [ -93.234139961075911, 44.93504274177608 ], [ -93.240476696204496, 44.935029574631713 ], [ -93.240457913449745, 44.930528597580093 ] ] ] } },
{ "type": "Feature", "properties": { "predicted": 0.001 }, "geometry": { "type": "Polygon", "coordinates": [ [ [ -93.234121673249192, 44.930541762669762 ], [ -93.22778542875237, 44.930554576222782 ], [ -93.227803221649822, 44.935055557328923 ], [ -93.234139961075911, 44.93504274177608 ], [ -93.234121673249192, 44.930541762669762 ] ] ] } },
{ "type": "Feature", "properties": { "predicted": 0.0 }, "geometry": { "type": "Polygon", "coordinates": [ [ [ -93.22778542875237, 44.930554576222782 ], [ -93.221449180075524, 44.930567038238522 ], [ -93.22146647804253, 44.935068021289624 ], [ -93.227803221649822, 44.935055557328923 ], [ -93.22778542875237, 44.930554576222782 ] ] ] } },
{ "type": "Feature", "properties": { "predicted": 0.0 }, "geometry": { "type": "Polygon", "coordinates": [ [ [ -93.221449180075524, 44.930567038238522 ], [ -93.215112927334928, 44.93057914871639 ], [ -93.215129730370336, 44.935080133657593 ], [ -93.22146647804253, 44.935068021289624 ], [ -93.221449180075524, 44.930567038238522 ] ] ] } },
{ "type": "Feature", "properties": { "predicted": 0.008 }, "geometry": { "type": "Polygon", "coordinates": [ [ [ -93.215112927334928, 44.93057914871639 ], [ -93.20877667064687, 44.930590907655784 ], [ -93.208792978749514, 44.935091894432219 ], [ -93.215129730370336, 44.935080133657593 ], [ -93.215112927334928, 44.93057914871639 ] ] ] } },
{ "type": "Feature", "properties": { "predicted": 0.274 }, "geometry": { "type": "Polygon", "coordinates": [ [ [ -93.20877667064687, 44.930590907655784 ], [ -93.202440410127608, 44.930602315056113 ], [ -93.202456223296409, 44.935103303612927 ], [ -93.208792978749514, 44.935091894432219 ], [ -93.20877667064687, 44.930590907655784 ] ] ] } },
{ "type": "Feature", "properties": { "predicted": 0.911 }, "geometry": { "type": "Polygon", "coordinates": [ [ [ -93.202440410127608, 44.930602315056113 ], [ -93.196104145893415, 44.930613370916859 ], [ -93.196119464127321, 44.935114361199169 ], [ -93.202456223296409, 44.935103303612927 ], [ -93.202440410127608, 44.930602315056113 ] ] ] } },
{ "type": "Feature", "properties": { "predicted": 0.006 }, "geometry": { "type": "Polygon", "coordinates": [ [ [ -93.329190471637617, 44.934808317892724 ], [ -93.322853808885668, 44.934826407243015 ], [ -93.322879031503305, 44.939327349017667 ], [ -93.329216189278853, 44.939309256844176 ], [ -93.329190471637617, 44.934808317892724 ] ] ] } },
{ "type": "Feature", "properties": { "predicted": 0.212 }, "geometry": { "type": "Polygon", "coordinates": [ [ [ -93.322853808885668, 44.934826407243015 ], [ -93.316517140208035, 44.934844145012356 ], [ -93.316541867800368, 44.939345089555324 ], [ -93.322879031503305, 44.939327349017667 ], [ -93.322853808885668, 44.934826407243015 ] ] ] } },
{ "type": "Feature", "properties": { "predicted": 0.276 }, "geometry": { "type": "Polygon", "coordinates": [ [ [ -93.316517140208035, 44.934844145012356 ], [ -93.310180465721004, 44.934861531199857 ], [ -93.310204698286398, 44.939362478456289 ], [ -93.316541867800368, 44.939345089555324 ], [ -93.316517140208035, 44.934844145012356 ] ] ] } },
{ "type": "Feature", "properties": { "predicted": 0.284 }, "geometry": { "type": "Polygon", "coordinates": [ [ [ -93.310180465721004, 44.934861531199857 ], [ -93.303843785540877, 44.934878565804688 ], [ -93.30386752307767, 44.939379515719729 ], [ -93.310204698286398, 44.939362478456289 ], [ -93.310180465721004, 44.934861531199857 ] ] ] } },
{ "type": "Feature", "properties": { "predicted": 0.029 }, "geometry": { "type": "Polygon", "coordinates": [ [ [ -93.303843785540877, 44.934878565804688 ], [ -93.297507099783942, 44.934895248826038 ], [ -93.297530342290557, 44.939396201344778 ], [ -93.30386752307767, 44.939379515719729 ], [ -93.303843785540877, 44.934878565804688 ] ] ] } },
{ "type": "Feature", "properties": { "predicted": 0.001 }, "geometry": { "type": "Polygon", "coordinates": [ [ [ -93.297507099783942, 44.934895248826038 ], [ -93.291170408566501, 44.934911580263041 ], [ -93.291193156041373, 44.939412535330639 ], [ -93.297530342290557, 44.939396201344778 ], [ -93.297507099783942, 44.934895248826038 ] ] ] } },
{ "type": "Feature", "properties": { "predicted": 0.0 }, "geometry": { "type": "Polygon", "coordinates": [ [ [ -93.291170408566501, 44.934911580263041 ], [ -93.284833712004868, 44.934927560114943 ], [ -93.284855964446436, 44.939428517676518 ], [ -93.291193156041373, 44.939412535330639 ], [ -93.291170408566501, 44.934911580263041 ] ] ] } },
{ "type": "Feature", "properties": { "predicted": 0.0 }, "geometry": { "type": "Polygon", "coordinates": [ [ [ -93.284833712004868, 44.934927560114943 ], [ -93.27849701021529, 44.934943188380949 ], [ -93.278518767622089, 44.939444148381639 ], [ -93.284855964446436, 44.939428517676518 ], [ -93.284833712004868, 44.934927560114943 ] ] ] } },
{ "type": "Feature", "properties": { "predicted": 0.0 }, "geometry": { "type": "Polygon", "coordinates": [ [ [ -93.27849701021529, 44.934943188380949 ], [ -93.272160303314124, 44.934958465060305 ], [ -93.272181565684676, 44.939459427445229 ], [ -93.278518767622089, 44.939444148381639 ], [ -93.27849701021529, 44.934943188380949 ] ] ] } },
{ "type": "Feature", "properties": { "predicted": 0.001 }, "geometry": { "type": "Polygon", "coordinates": [ [ [ -93.272160303314124, 44.934958465060305 ], [ -93.265823591417629, 44.934973390152258 ], [ -93.265844358750499, 44.939474354866547 ], [ -93.272181565684676, 44.939459427445229 ], [ -93.272160303314124, 44.934958465060305 ] ] ] } },
{ "type": "Feature", "properties": { "predicted": 0.008 }, "geometry": { "type": "Polygon", "coordinates": [ [ [ -93.265823591417629, 44.934973390152258 ], [ -93.259486874642107, 44.934987963656077 ], [ -93.259507146935931, 44.939488930644863 ], [ -93.265844358750499, 44.939474354866547 ], [ -93.265823591417629, 44.934973390152258 ] ] ] } },
{ "type": "Feature", "properties": { "predicted": 0.037 }, "geometry": { "type": "Polygon", "coordinates": [ [ [ -93.259486874642107, 44.934987963656077 ], [ -93.253150153103888, 44.935002185571051 ], [ -93.253169930357274, 44.939503154779459 ], [ -93.259507146935931, 44.939488930644863 ], [ -93.259486874642107, 44.934987963656077 ] ] ] } },
{ "type": "Feature", "properties": { "predicted": 0.01 }, "geometry": { "type": "Polygon", "coordinates": [ [ [ -93.253150153103888, 44.935002185571051 ], [ -93.246813426919246, 44.93501605589649 ], [ -93.246832709130857, 44.939517027269652 ], [ -93.253169930357274, 44.939503154779459 ], [ -93.253150153103888, 44.935002185571051 ] ] ] } },
{ "type": "Feature", "properties": { "predicted": 0.001 }, "geometry": { "type": "Polygon", "coordinates": [ [ [ -93.246813426919246, 44.93501605589649 ], [ -93.240476696204496, 44.935029574631713 ], [ -93.240495483373039, 44.93953054811476 ], [ -93.246832709130857, 44.939517027269652 ], [ -93.246813426919246, 44.93501605589649 ] ] ] } },
{ "type": "Feature", "properties": { "predicted": 0.0 }, "geometry": { "type": "Polygon", "coordinates": [ [ [ -93.240476696204496, 44.935029574631713 ], [ -93.234139961075911, 44.93504274177608 ], [ -93.234158253200135, 44.93954371731413 ], [ -93.240495483373039, 44.93953054811476 ], [ -93.240476696204496, 44.935029574631713 ] ] ] } },
{ "type": "Feature", "properties": { "predicted": 0.0 }, "geometry": { "type": "Polygon", "coordinates": [ [ [ -93.234139961075911, 44.93504274177608 ], [ -93.227803221649822, 44.935055557328923 ], [ -93.227821018728491, 44.939556534867116 ], [ -93.234158253200135, 44.93954371731413 ], [ -93.234139961075911, 44.93504274177608 ] ] ] } },
{ "type": "Feature", "properties": { "predicted": 0.0 }, "geometry": { "type": "Polygon", "coordinates": [ [ [ -93.227803221649822, 44.935055557328923 ], [ -93.22146647804253, 44.935068021289624 ], [ -93.22148378007445, 44.939569000773091 ], [ -93.227821018728491, 44.939556534867116 ], [ -93.227803221649822, 44.935055557328923 ] ] ] } },
{ "type": "Feature", "properties": { "predicted": 0.0 }, "geometry": { "type": "Polygon", "coordinates": [ [ [ -93.22146647804253, 44.935068021289624 ], [ -93.215129730370336, 44.935080133657593 ], [ -93.215146537354329, 44.93958111503143 ], [ -93.22148378007445, 44.939569000773091 ], [ -93.22146647804253, 44.935068021289624 ] ] ] } },
{ "type": "Feature", "properties": { "predicted": 0.011 }, "geometry": { "type": "Polygon", "coordinates": [ [ [ -93.215129730370336, 44.935080133657593 ], [ -93.208792978749514, 44.935091894432219 ], [ -93.208809290684471, 44.939592877641573 ], [ -93.215146537354329, 44.93958111503143 ], [ -93.215129730370336, 44.935080133657593 ] ] ] } },
{ "type": "Feature", "properties": { "predicted": 0.498 }, "geometry": { "type": "Polygon", "coordinates": [ [ [ -93.208792978749514, 44.935091894432219 ], [ -93.202456223296409, 44.935103303612927 ], [ -93.20247204018122, 44.939604288602922 ], [ -93.208809290684471, 44.939592877641573 ], [ -93.208792978749514, 44.935091894432219 ] ] ] } },
{ "type": "Feature", "properties": { "predicted": 0.904 }, "geometry": { "type": "Polygon", "coordinates": [ [ [ -93.202456223296409, 44.935103303612927 ], [ -93.196119464127321, 44.935114361199169 ], [ -93.196134785960894, 44.939615347914945 ], [ -93.20247204018122, 44.939604288602922 ], [ -93.202456223296409, 44.935103303612927 ] ] ] } },
{ "type": "Feature", "properties": { "predicted": 0.004 }, "geometry": { "type": "Polygon", "coordinates": [ [ [ -93.329216189278853, 44.939309256844176 ], [ -93.322879031503305, 44.939327349017667 ], [ -93.322904260048318, 44.943828287218793 ], [ -93.329241912963795, 44.943810192221662 ], [ -93.329216189278853, 44.939309256844176 ] ] ] } },
{ "type": "Feature", "properties": { "predicted": 0.233 }, "geometry": { "type": "Polygon", "coordinates": [ [ [ -93.322879031503305, 44.939327349017667 ], [ -93.316541867800368, 44.939345089555324 ], [ -93.316566601203775, 44.943846030525222 ], [ -93.322904260048318, 44.943828287218793 ], [ -93.322879031503305, 44.939327349017667 ] ] ] } },
{ "type": "Feature", "properties": { "predicted": 0.271 }, "geometry": { "type": "Polygon", "coordinates": [ [ [ -93.316541867800368, 44.939345089555324 ], [ -93.310204698286398, 44.939362478456289 ], [ -93.310228936546494, 44.943863422140069 ], [ -93.316566601203775, 44.943846030525222 ], [ -93.316541867800368, 44.939345089555324 ] ] ] } },
{ "type": "Feature", "properties": { "predicted": 0.282 }, "geometry": { "type": "Polygon", "coordinates": [ [ [ -93.310204698286398, 44.939362478456289 ], [ -93.30386752307767, 44.939379515719729 ], [ -93.303891266192863, 44.943880462062502 ], [ -93.310228936546494, 44.943863422140069 ], [ -93.310204698286398, 44.939362478456289 ] ] ] } },
{ "type": "Feature", "properties": { "predicted": 0.032 }, "geometry": { "type": "Polygon", "coordinates": [ [ [ -93.30386752307767, 44.939379515719729 ], [ -93.297530342290557, 44.939396201344778 ], [ -93.297553590259227, 44.943897150291676 ], [ -93.303891266192863, 44.943880462062502 ], [ -93.30386752307767, 44.939379515719729 ] ] ] } },
{ "type": "Feature", "properties": { "predicted": 0.002 }, "geometry": { "type": "Polygon", "coordinates": [ [ [ -93.297530342290557, 44.939396201344778 ], [ -93.291193156041373, 44.939412535330639 ], [ -93.291215908861957, 44.943913486826794 ], [ -93.297553590259227, 44.943897150291676 ], [ -93.297530342290557, 44.939396201344778 ] ] ] } },
{ "type": "Feature", "properties": { "predicted": 0.0 }, "geometry": { "type": "Polygon", "coordinates": [ [ [ -93.291193156041373, 44.939412535330639 ], [ -93.284855964446436, 44.939428517676518 ], [ -93.284878222117413, 44.943929471667033 ], [ -93.291215908861957, 44.943913486826794 ], [ -93.291193156041373, 44.939412535330639 ] ] ] } },
{ "type": "Feature", "properties": { "predicted": 0.0 }, "geometry": { "type": "Polygon", "coordinates": [ [ [ -93.284855964446436, 44.939428517676518 ], [ -93.278518767622089, 44.939444148381639 ], [ -93.278540530141967, 44.943945104811633 ], [ -93.284878222117413, 44.943929471667033 ], [ -93.284855964446436, 44.939428517676518 ] ] ] } },
{ "type": "Feature", "properties": { "predicted": 0.0 }, "geometry": { "type": "Polygon", "coordinates": [ [ [ -93.278518767622089, 44.939444148381639 ], [ -93.272181565684676, 44.939459427445229 ], [ -93.272202833051978, 44.943960386259846 ], [ -93.278540530141967, 44.943945104811633 ], [ -93.278518767622089, 44.939444148381639 ] ] ] } },
{ "type": "Feature", "properties": { "predicted": 0.001 }, "geometry": { "type": "Polygon", "coordinates": [ [ [ -93.272181565684676, 44.939459427445229 ], [ -93.265844358750499, 44.939474354866547 ], [ -93.265865130963803, 44.943975316010871 ], [ -93.272202833051978, 44.943960386259846 ], [ -93.272181565684676, 44.939459427445229 ] ] ] } },
{ "type": "Feature", "properties": { "predicted": 0.025 }, "geometry": { "type": "Polygon", "coordinates": [ [ [ -93.265844358750499, 44.939474354866547 ], [ -93.259507146935931, 44.939488930644863 ], [ -93.259527423993816, 44.943989894064046 ], [ -93.265865130963803, 44.943975316010871 ], [ -93.265844358750499, 44.939474354866547 ] ] ] } },
{ "type": "Feature", "properties": { "predicted": 0.501 }, "geometry": { "type": "Polygon", "coordinates": [ [ [ -93.259507146935931, 44.939488930644863 ], [ -93.253169930357274, 44.939503154779459 ], [ -93.25318971225839, 44.944004120418612 ], [ -93.259527423993816, 44.943989894064046 ], [ -93.259507146935931, 44.939488930644863 ] ] ] } },
{ "type": "Feature", "properties": { "predicted": 0.023 }, "geometry": { "type": "Polygon", "coordinates": [ [ [ -93.253169930357274, 44.939503154779459 ], [ -93.246832709130857, 44.939517027269652 ], [ -93.246851995873882, 44.944017995073892 ], [ -93.25318971225839, 44.944004120418612 ], [ -93.253169930357274, 44.939503154779459 ] ] ] } },
{ "type": "Feature", "properties": { "predicted": 0.001 }, "geometry": { "type": "Polygon", "coordinates": [ [ [ -93.246832709130857, 44.939517027269652 ], [ -93.240495483373039, 44.93953054811476 ], [ -93.240514274956666, 44.944031518029213 ], [ -93.246851995873882, 44.944017995073892 ], [ -93.246832709130857, 44.939517027269652 ] ] ] } },
{ "type": "Feature", "properties": { "predicted": 0.0 }, "geometry": { "type": "Polygon", "coordinates": [ [ [ -93.240495483373039, 44.93953054811476 ], [ -93.234158253200135, 44.93954371731413 ], [ -93.234176549623101, 44.944044689283906 ], [ -93.240514274956666, 44.944031518029213 ], [ -93.240495483373039, 44.93953054811476 ] ] ] } },
{ "type": "Feature", "properties": { "predicted": 0.0 }, "geometry": { "type": "Polygon", "coordinates": [ [ [ -93.234158253200135, 44.93954371731413 ], [ -93.227821018728491, 44.939556534867116 ], [ -93.227838819989572, 44.944057508837332 ], [ -93.234176549623101, 44.944044689283906 ], [ -93.234158253200135, 44.93954371731413 ] ] ] } },
{ "type": "Feature", "properties": { "predicted": 0.0 }, "geometry": { "type": "Polygon", "coordinates": [ [ [ -93.227821018728491, 44.939556534867116 ], [ -93.22148378007445, 44.939569000773091 ], [ -93.221501086172438, 44.944069976688873 ], [ -93.227838819989572, 44.944057508837332 ], [ -93.227821018728491, 44.939556534867116 ] ] ] } },
{ "type": "Feature", "properties": { "predicted": 0.0 }, "geometry": { "type": "Polygon", "coordinates": [ [ [ -93.22148378007445, 44.939569000773091 ], [ -93.215146537354329, 44.93958111503143 ], [ -93.215163348288058, 44.944082092837895 ], [ -93.221501086172438, 44.944069976688873 ], [ -93.22148378007445, 44.939569000773091 ] ] ] } },
{ "type": "Feature", "properties": { "predicted": 0.008 }, "geometry": { "type": "Polygon", "coordinates": [ [ [ -93.215146537354329, 44.93958111503143 ], [ -93.208809290684471, 44.939592877641573 ], [ -93.208825606452805, 44.944093857283846 ], [ -93.215163348288058, 44.944082092837895 ], [ -93.215146537354329, 44.93958111503143 ] ] ] } },
{ "type": "Feature", "properties": { "predicted": 0.401 }, "geometry": { "type": "Polygon", "coordinates": [ [ [ -93.208809290684471, 44.939592877641573 ], [ -93.20247204018122, 44.939604288602922 ], [ -93.202487860783066, 44.944105270026114 ], [ -93.208825606452805, 44.944093857283846 ], [ -93.208809290684471, 44.939592877641573 ] ] ] } },
{ "type": "Feature", "properties": { "predicted": 0.923 }, "geometry": { "type": "Polygon", "coordinates": [ [ [ -93.20247204018122, 44.939604288602922 ], [ -93.196134785960894, 44.939615347914945 ], [ -93.196150111395212, 44.944116331064173 ], [ -93.202487860783066, 44.944105270026114 ], [ -93.20247204018122, 44.939604288602922 ] ] ] } },
{ "type": "Feature", "properties": { "predicted": 0.004 }, "geometry": { "type": "Polygon", "coordinates": [ [ [ -93.329241912963795, 44.943810192221662 ], [ -93.322904260048318, 44.943828287218793 ], [ -93.322929494522427, 44.948329221846421 ], [ -93.329267642694191, 44.94831112402521 ], [ -93.329241912963795, 44.943810192221662 ] ] ] } },
{ "type": "Feature", "properties": { "predicted": 0.145 }, "geometry": { "type": "Polygon", "coordinates": [ [ [ -93.322904260048318, 44.943828287218793 ], [ -93.316566601203775, 44.943846030525222 ], [ -93.31659134041989, 44.948346967922042 ], [ -93.322929494522427, 44.948329221846421 ], [ -93.322904260048318, 44.943828287218793 ] ] ] } },
{ "type": "Feature", "properties": { "predicted": 0.273 }, "geometry": { "type": "Polygon", "coordinates": [ [ [ -93.316566601203775, 44.943846030525222 ], [ -93.310228936546494, 44.943863422140069 ], [ -93.310253180502968, 44.948364362251183 ], [ -93.31659134041989, 44.948346967922042 ], [ -93.316566601203775, 44.943846030525222 ] ] ] } },
{ "type": "Feature", "properties": { "predicted": 0.269 }, "geometry": { "type": "Polygon", "coordinates": [ [ [ -93.310228936546494, 44.943863422140069 ], [ -93.303891266192863, 44.943880462062502 ], [ -93.303915014888062, 44.948381404833029 ], [ -93.310253180502968, 44.948364362251183 ], [ -93.310228936546494, 44.943863422140069 ] ] ] } },
{ "type": "Feature", "properties": { "predicted": 0.013 }, "geometry": { "type": "Polygon", "coordinates": [ [ [ -93.303891266192863, 44.943880462062502 ], [ -93.297553590259227, 44.943897150291676 ], [ -93.29757684369153, 44.948398095666739 ], [ -93.303915014888062, 44.948381404833029 ], [ -93.303891266192863, 44.943880462062502 ] ] ] } },
{ "type": "Feature", "properties": { "predicted": 0.001 }, "geometry": { "type": "Polygon", "coordinates": [ [ [ -93.297553590259227, 44.943897150291676 ], [ -93.291215908861957, 44.943913486826794 ], [ -93.29123866702983, 44.948414434751491 ], [ -93.29757684369153, 44.948398095666739 ], [ -93.297553590259227, 44.943897150291676 ] ] ] } },
{ "type": "Feature", "properties": { "predicted": 0.0 }, "geometry": { "type": "Polygon", "coordinates": [ [ [ -93.291215908861957, 44.943913486826794 ], [ -93.284878222117413, 44.943929471667033 ], [ -93.284900485019307, 44.948430422086489 ], [ -93.29123866702983, 44.948414434751491 ], [ -93.291215908861957, 44.943913486826794 ] ] ] } },
{ "type": "Feature", "properties": { "predicted": 0.0 }, "geometry": { "type": "Polygon", "coordinates": [ [ [ -93.284878222117413, 44.943929471667033 ], [ -93.278540530141967, 44.943945104811633 ], [ -93.278562297776389, 44.948446057670957 ], [ -93.284900485019307, 44.948430422086489 ], [ -93.284878222117413, 44.943929471667033 ] ] ] } },
{ "type": "Feature", "properties": { "predicted": 0.0 }, "geometry": { "type": "Polygon", "coordinates": [ [ [ -93.278540530141967, 44.943945104811633 ], [ -93.272202833051978, 44.943960386259846 ], [ -93.27222410541745, 44.948461341504135 ], [ -93.278562297776389, 44.948446057670957 ], [ -93.278540530141967, 44.943945104811633 ] ] ] } },
{ "type": "Feature", "properties": { "predicted": 0.001 }, "geometry": { "type": "Polygon", "coordinates": [ [ [ -93.272202833051978, 44.943960386259846 ], [ -93.265865130963803, 44.943975316010871 ], [ -93.265885908058905, 44.948476273585264 ], [ -93.27222410541745, 44.948461341504135 ], [ -93.272202833051978, 44.943960386259846 ] ] ] } },
{ "type": "Feature", "properties": { "predicted": 0.01 }, "geometry": { "type": "Polygon", "coordinates": [ [ [ -93.265865130963803, 44.943975316010871 ], [ -93.259527423993816, 44.943989894064046 ], [ -93.259547705817155, 44.948490853913619 ], [ -93.265885908058905, 44.948476273585264 ], [ -93.265865130963803, 44.943975316010871 ] ] ] } },
{ "type": "Feature", "properties": { "predicted": 0.055 }, "geometry": { "type": "Polygon", "coordinates": [ [ [ -93.259527423993816, 44.943989894064046 ], [ -93.25318971225839, 44.944004120418612 ], [ -93.253209498808602, 44.948505082488502 ], [ -93.259547705817155, 44.948490853913619 ], [ -93.259527423993816, 44.943989894064046 ] ] ] } },
{ "type": "Feature", "properties": { "predicted": 0.004 }, "geometry": { "type": "Polygon", "coordinates": [ [ [ -93.25318971225839, 44.944004120418612 ], [ -93.246851995873882, 44.944017995073892 ], [ -93.246871287149631, 44.948518959309219 ], [ -93.253209498808602, 44.948505082488502 ], [ -93.25318971225839, 44.944004120418612 ] ] ] } },
{ "type": "Feature", "properties": { "predicted": 0.0 }, "geometry": { "type": "Polygon", "coordinates": [ [ [ -93.246851995873882, 44.944017995073892 ], [ -93.240514274956666, 44.944031518029213 ], [ -93.240533070956644, 44.948532484375065 ], [ -93.246871287149631, 44.948518959309219 ], [ -93.246851995873882, 44.944017995073892 ] ] ] } },
{ "type": "Feature", "properties": { "predicted": 0.0 }, "geometry": { "type": "Polygon", "coordinates": [ [ [ -93.240514274956666, 44.944031518029213 ], [ -93.234176549623101, 44.944044689283906 ], [ -93.234194850346043, 44.948545657685393 ], [ -93.240533070956644, 44.948532484375065 ], [ -93.240514274956666, 44.944031518029213 ] ] ] } },
{ "type": "Feature", "properties": { "predicted": 0.0 }, "geometry": { "type": "Polygon", "coordinates": [ [ [ -93.234176549623101, 44.944044689283906 ], [ -93.227838819989572, 44.944057508837332 ], [ -93.227856625434256, 44.948558479239587 ], [ -93.234194850346043, 44.948545657685393 ], [ -93.234176549623101, 44.944044689283906 ] ] ] } },
{ "type": "Feature", "properties": { "predicted": 0.0 }, "geometry": { "type": "Polygon", "coordinates": [ [ [ -93.227838819989572, 44.944057508837332 ], [ -93.221501086172438, 44.944069976688873 ], [ -93.221518396337657, 44.948570949036984 ], [ -93.227856625434256, 44.948558479239587 ], [ -93.227838819989572, 44.944057508837332 ] ] ] } },
{ "type": "Feature", "properties": { "predicted": 0.002 }, "geometry": { "type": "Polygon", "coordinates": [ [ [ -93.221501086172438, 44.944069976688873 ], [ -93.215163348288058, 44.944082092837895 ], [ -93.215180163172647, 44.948583067076996 ], [ -93.221518396337657, 44.948570949036984 ], [ -93.221501086172438, 44.944069976688873 ] ] ] } },
{ "type": "Feature", "properties": { "predicted": 0.013 }, "geometry": { "type": "Polygon", "coordinates": [ [ [ -93.215163348288058, 44.944082092837895 ], [ -93.208825606452805, 44.944093857283846 ], [ -93.208841926055655, 44.948594833359017 ], [ -93.215180163172647, 44.948583067076996 ], [ -93.215163348288058, 44.944082092837895 ] ] ] } },
{ "type": "Feature", "properties": { "predicted": 0.578 }, "geometry": { "type": "Polygon", "coordinates": [ [ [ -93.208825606452805, 44.944093857283846 ], [ -93.202487860783066, 44.944105270026114 ], [ -93.202503685103053, 44.948606247882509 ], [ -93.208841926055655, 44.948594833359017 ], [ -93.208825606452805, 44.944093857283846 ] ] ] } },
{ "type": "Feature", "properties": { "predicted": 0.774 }, "geometry": { "type": "Polygon", "coordinates": [ [ [ -93.202487860783066, 44.944105270026114 ], [ -93.196150111395212, 44.944116331064173 ], [ -93.196165440431272, 44.948617310646853 ], [ -93.202503685103053, 44.948606247882509 ], [ -93.202487860783066, 44.944105270026114 ] ] ] } },
{ "type": "Feature", "properties": { "predicted": 0.009 }, "geometry": { "type": "Polygon", "coordinates": [ [ [ -93.329267642694191, 44.94831112402521 ], [ -93.322929494522427, 44.948329221846421 ], [ -93.322954734927308, 44.952830152900546 ], [ -93.329293378471746, 44.952812052254828 ], [ -93.329267642694191, 44.94831112402521 ] ] ] } },
{ "type": "Feature", "properties": { "predicted": 0.022 }, "geometry": { "type": "Polygon", "coordinates": [ [ [ -93.322929494522427, 44.948329221846421 ], [ -93.31659134041989, 44.948346967922042 ], [ -93.316616085450391, 44.952847901745784 ], [ -93.322954734927308, 44.952830152900546 ], [ -93.322929494522427, 44.948329221846421 ] ] ] } },
{ "type": "Feature", "properties": { "predicted": 0.116 }, "geometry": { "type": "Polygon", "coordinates": [ [ [ -93.31659134041989, 44.948346967922042 ], [ -93.310253180502968, 44.948364362251183 ], [ -93.310277430157441, 44.952865298789654 ], [ -93.316616085450391, 44.952847901745784 ], [ -93.31659134041989, 44.948346967922042 ] ] ] } },
{ "type": "Feature", "properties": { "predicted": 0.182 }, "geometry": { "type": "Polygon", "coordinates": [ [ [ -93.310253180502968, 44.948364362251183 ], [ -93.303915014888062, 44.948381404833029 ], [ -93.303938769164844, 44.95288234403133 ], [ -93.310277430157441, 44.952865298789654 ], [ -93.310253180502968, 44.948364362251183 ] ] ] } },
{ "type": "Feature", "properties": { "predicted": 0.031 }, "geometry": { "type": "Polygon", "coordinates": [ [ [ -93.303915014888062, 44.948381404833029 ], [ -93.29757684369153, 44.948398095666739 ], [ -93.297600102589058, 44.952899037469962 ], [ -93.303938769164844, 44.95288234403133 ], [ -93.303915014888062, 44.948381404833029 ] ] ] } },
{ "type": "Feature", "properties": { "predicted": 0.002 }, "geometry": { "type": "Polygon", "coordinates": [ [ [ -93.29757684369153, 44.948398095666739 ], [ -93.29123866702983, 44.948414434751491 ], [ -93.291261430546498, 44.952915379104752 ], [ -93.297600102589058, 44.952899037469962 ], [ -93.29757684369153, 44.948398095666739 ] ] ] } },
{ "type": "Feature", "properties": { "predicted": 0.0 }, "geometry": { "type": "Polygon", "coordinates": [ [ [ -93.29123866702983, 44.948414434751491 ], [ -93.284900485019307, 44.948430422086489 ], [ -93.284922753153609, 44.952931368934891 ], [ -93.291261430546498, 44.952915379104752 ], [ -93.29123866702983, 44.948414434751491 ] ] ] } },
{ "type": "Feature", "properties": { "predicted": 0.0 }, "geometry": { "type": "Polygon", "coordinates": [ [ [ -93.284900485019307, 44.948430422086489 ], [ -93.278562297776389, 44.948446057670957 ], [ -93.278584070526819, 44.952947006959604 ], [ -93.284922753153609, 44.952931368934891 ], [ -93.284900485019307, 44.948430422086489 ] ] ] } },
{ "type": "Feature", "properties": { "predicted": 0.0 }, "geometry": { "type": "Polygon", "coordinates": [ [ [ -93.278562297776389, 44.948446057670957 ], [ -93.27222410541745, 44.948461341504135 ], [ -93.272245382782557, 44.952962293178118 ], [ -93.278584070526819, 44.952947006959604 ], [ -93.278562297776389, 44.948446057670957 ] ] ] } },
{ "type": "Feature", "properties": { "predicted": 0.0 }, "geometry": { "type": "Polygon", "coordinates": [ [ [ -93.27222410541745, 44.948461341504135 ], [ -93.265885908058905, 44.948476273585264 ], [ -93.265906690037241, 44.952977227589699 ], [ -93.272245382782557, 44.952962293178118 ], [ -93.27222410541745, 44.948461341504135 ] ] ] } },
{ "type": "Feature", "properties": { "predicted": 0.001 }, "geometry": { "type": "Polygon", "coordinates": [ [ [ -93.265885908058905, 44.948476273585264 ], [ -93.259547705817155, 44.948490853913619 ], [ -93.259567992407312, 44.952991810193623 ], [ -93.265906690037241, 44.952977227589699 ], [ -93.265885908058905, 44.948476273585264 ] ] ] } },
{ "type": "Feature", "properties": { "predicted": 0.002 }, "geometry": { "type": "Polygon", "coordinates": [ [ [ -93.259547705817155, 44.948490853913619 ], [ -93.253209498808602, 44.948505082488502 ], [ -93.253229290009216, 44.953006040989166 ], [ -93.259567992407312, 44.952991810193623 ], [ -93.259547705817155, 44.948490853913619 ] ] ] } },
{ "type": "Feature", "properties": { "predicted": 0.0 }, "geometry": { "type": "Polygon", "coordinates": [ [ [ -93.253209498808602, 44.948505082488502 ], [ -93.246871287149631, 44.948518959309219 ], [ -93.246890582959367, 44.953019919975617 ], [ -93.253229290009216, 44.953006040989166 ], [ -93.253209498808602, 44.948505082488502 ] ] ] } },
{ "type": "Feature", "properties": { "predicted": 0.0 }, "geometry": { "type": "Polygon", "coordinates": [ [ [ -93.246871287149631, 44.948518959309219 ], [ -93.240533070956644, 44.948532484375065 ], [ -93.240551871374237, 44.953033447152329 ], [ -93.246890582959367, 44.953019919975617 ], [ -93.246871287149631, 44.948518959309219 ] ] ] } },
{ "type": "Feature", "properties": { "predicted": 0.0 }, "geometry": { "type": "Polygon", "coordinates": [ [ [ -93.240533070956644, 44.948532484375065 ], [ -93.234194850346043, 44.948545657685393 ], [ -93.234213155370199, 44.953046622518642 ], [ -93.240551871374237, 44.953033447152329 ], [ -93.240533070956644, 44.948532484375065 ] ] ] } },
{ "type": "Feature", "properties": { "predicted": 0.0 }, "geometry": { "type": "Polygon", "coordinates": [ [ [ -93.234194850346043, 44.948545657685393 ], [ -93.227856625434256, 44.948558479239587 ], [ -93.22787443506374, 44.953059446073873 ], [ -93.234213155370199, 44.953046622518642 ], [ -93.234194850346043, 44.948545657685393 ] ] ] } },
{ "type": "Feature", "properties": { "predicted": 0.001 }, "geometry": { "type": "Polygon", "coordinates": [ [ [ -93.227856625434256, 44.948558479239587 ], [ -93.221518396337657, 44.948570949036984 ], [ -93.221535710571274, 44.953071917817461 ], [ -93.22787443506374, 44.953059446073873 ], [ -93.227856625434256, 44.948558479239587 ] ] ] } },
{ "type": "Feature", "properties": { "predicted": 0.013 }, "geometry": { "type": "Polygon", "coordinates": [ [ [ -93.221518396337657, 44.948570949036984 ], [ -93.215180163172647, 44.948583067076996 ], [ -93.215196982009246, 44.953084037748738 ], [ -93.221535710571274, 44.953071917817461 ], [ -93.221518396337657, 44.948570949036984 ] ] ] } },
{ "type": "Feature", "properties": { "predicted": 0.246 }, "geometry": { "type": "Polygon", "coordinates": [ [ [ -93.215180163172647, 44.948583067076996 ], [ -93.208841926055655, 44.948594833359017 ], [ -93.208858249494085, 44.953095805867129 ], [ -93.215196982009246, 44.953084037748738 ], [ -93.215180163172647, 44.948583067076996 ] ] ] } },
{ "type": "Feature", "properties": { "predicted": 0.958 }, "geometry": { "type": "Polygon", "coordinates": [ [ [ -93.208841926055655, 44.948594833359017 ], [ -93.202503685103053, 44.948606247882509 ], [ -93.202519513142235, 44.953107222172079 ], [ -93.208858249494085, 44.953095805867129 ], [ -93.208841926055655, 44.948594833359017 ] ] ] } },
{ "type": "Feature", "properties": { "predicted": 0.273 }, "geometry": { "type": "Polygon", "coordinates": [ [ [ -93.202503685103053, 44.948606247882509 ], [ -93.196165440431272, 44.948617310646853 ], [ -93.196180773070125, 44.953118286663006 ], [ -93.202519513142235, 44.953107222172079 ], [ -93.202503685103053, 44.948606247882509 ] ] ] } },
{ "type": "Feature", "properties": { "predicted": 0.259 }, "geometry": { "type": "Polygon", "coordinates": [ [ [ -93.329293378471746, 44.952812052254828 ], [ -93.322954734927308, 44.952830152900546 ], [ -93.32297998126468, 44.957331080381167 ], [ -93.329319120298209, 44.957312976910494 ], [ -93.329293378471746, 44.952812052254828 ] ] ] } },
{ "type": "Feature", "properties": { "predicted": 0.208 }, "geometry": { "type": "Polygon", "coordinates": [ [ [ -93.322954734927308, 44.952830152900546 ], [ -93.316616085450391, 44.952847901745784 ], [ -93.316640836296955, 44.957348831996448 ], [ -93.32297998126468, 44.957331080381167 ], [ -93.322954734927308, 44.952830152900546 ] ] ] } },
{ "type": "Feature", "properties": { "predicted": 0.155 }, "geometry": { "type": "Polygon", "coordinates": [ [ [ -93.316616085450391, 44.952847901745784 ], [ -93.310277430157441, 44.952865298789654 ], [ -93.310301685511519, 44.957366231755465 ], [ -93.316640836296955, 44.957348831996448 ], [ -93.316616085450391, 44.952847901745784 ] ] ] } },
{ "type": "Feature", "properties": { "predicted": 0.29 }, "geometry": { "type": "Polygon", "coordinates": [ [ [ -93.310277430157441, 44.952865298789654 ], [ -93.303938769164844, 44.95288234403133 ], [ -93.303962529024815, 44.957383279657371 ], [ -93.310301685511519, 44.957366231755465 ], [ -93.310277430157441, 44.952865298789654 ] ] ] } },
{ "type": "Feature", "properties": { "predicted": 0.144 }, "geometry": { "type": "Polygon", "coordinates": [ [ [ -93.303938769164844, 44.95288234403133 ], [ -93.297600102589058, 44.952899037469962 ], [ -93.297623366953331, 44.95739997570135 ], [ -93.303962529024815, 44.957383279657371 ], [ -93.303938769164844, 44.95288234403133 ] ] ] } },
{ "type": "Feature", "properties": { "predicted": 0.004 }, "geometry": { "type": "Polygon", "coordinates": [ [ [ -93.297600102589058, 44.952899037469962 ], [ -93.291261430546498, 44.952915379104752 ], [ -93.291284199413511, 44.957416319886562 ], [ -93.297623366953331, 44.95739997570135 ], [ -93.297600102589058, 44.952899037469962 ] ] ] } },
{ "type": "Feature", "properties": { "predicted": 0.0 }, "geometry": { "type": "Polygon", "coordinates": [ [ [ -93.291261430546498, 44.952915379104752 ], [ -93.284922753153609, 44.952931368934891 ], [ -93.284945026521811, 44.957432312212234 ], [ -93.291284199413511, 44.957416319886562 ], [ -93.291261430546498, 44.952915379104752 ] ] ] } },
{ "type": "Feature", "properties": { "predicted": 0.0 }, "geometry": { "type": "Polygon", "coordinates": [ [ [ -93.284922753153609, 44.952931368934891 ], [ -93.278584070526819, 44.952947006959604 ], [ -93.278605848394719, 44.957447952677555 ], [ -93.284945026521811, 44.957432312212234 ], [ -93.284922753153609, 44.952931368934891 ] ] ] } },
{ "type": "Feature", "properties": { "predicted": 0.0 }, "geometry": { "type": "Polygon", "coordinates": [ [ [ -93.278584070526819, 44.952947006959604 ], [ -93.272245382782557, 44.952962293178118 ], [ -93.272266665148678, 44.957463241281808 ], [ -93.278605848394719, 44.957447952677555 ], [ -93.278584070526819, 44.952947006959604 ] ] ] } },
{ "type": "Feature", "properties": { "predicted": 0.0 }, "geometry": { "type": "Polygon", "coordinates": [ [ [ -93.272245382782557, 44.952962293178118 ], [ -93.265906690037241, 44.952977227589699 ], [ -93.265927476900174, 44.957478178024189 ], [ -93.272266665148678, 44.957463241281808 ], [ -93.272245382782557, 44.952962293178118 ] ] ] } },
{ "type": "Feature", "properties": { "predicted": 0.0 }, "geometry": { "type": "Polygon", "coordinates": [ [ [ -93.265906690037241, 44.952977227589699 ], [ -93.259567992407312, 44.952991810193623 ], [ -93.259588283765638, 44.95749276290401 ], [ -93.265927476900174, 44.957478178024189 ], [ -93.265906690037241, 44.952977227589699 ] ] ] } },
{ "type": "Feature", "properties": { "predicted": 0.0 }, "geometry": { "type": "Polygon", "coordinates": [ [ [ -93.259567992407312, 44.952991810193623 ], [ -93.253229290009216, 44.953006040989166 ], [ -93.253249085861583, 44.957506995920539 ], [ -93.259588283765638, 44.95749276290401 ], [ -93.259567992407312, 44.952991810193623 ] ] ] } },
{ "type": "Feature", "properties": { "predicted": 0.0 }, "geometry": { "type": "Polygon", "coordinates": [ [ [ -93.253229290009216, 44.953006040989166 ], [ -93.246890582959367, 44.953019919975617 ], [ -93.246909883304426, 44.957520877073108 ], [ -93.253249085861583, 44.957506995920539 ], [ -93.253229290009216, 44.953006040989166 ] ] ] } },
{ "type": "Feature", "properties": { "predicted": 0.0 }, "geometry": { "type": "Polygon", "coordinates": [ [ [ -93.246890582959367, 44.953019919975617 ], [ -93.240551871374237, 44.953033447152329 ], [ -93.24057067621068, 44.957534406361006 ], [ -93.246909883304426, 44.957520877073108 ], [ -93.246890582959367, 44.953019919975617 ] ] ] } },
{ "type": "Feature", "properties": { "predicted": 0.0 }, "geometry": { "type": "Polygon", "coordinates": [ [ [ -93.240551871374237, 44.953033447152329 ], [ -93.234213155370199, 44.953046622518642 ], [ -93.234231464696791, 44.957547583783594 ], [ -93.24057067621068, 44.957534406361006 ], [ -93.240551871374237, 44.953033447152329 ] ] ] } },
{ "type": "Feature", "properties": { "predicted": 0.001 }, "geometry": { "type": "Polygon", "coordinates": [ [ [ -93.234213155370199, 44.953046622518642 ], [ -93.22787443506374, 44.953059446073873 ], [ -93.227892248879229, 44.957560409340225 ], [ -93.234231464696791, 44.957547583783594 ], [ -93.234213155370199, 44.953046622518642 ] ] ] } },
{ "type": "Feature", "properties": { "predicted": 0.014 }, "geometry": { "type": "Polygon", "coordinates": [ [ [ -93.22787443506374, 44.953059446073873 ], [ -93.221535710571274, 44.953071917817461 ], [ -93.221553028874467, 44.957572883030267 ], [ -93.227892248879229, 44.957560409340225 ], [ -93.22787443506374, 44.953059446073873 ] ] ] } },
{ "type": "Feature", "properties": { "predicted": 0.221 }, "geometry": { "type": "Polygon", "coordinates": [ [ [ -93.221535710571274, 44.953071917817461 ], [ -93.215196982009246, 44.953084037748738 ], [ -93.215213804798978, 44.957585004853108 ], [ -93.221553028874467, 44.957572883030267 ], [ -93.221535710571274, 44.953071917817461 ] ] ] } },
{ "type": "Feature", "properties": { "predicted": 0.961 }, "geometry": { "type": "Polygon", "coordinates": [ [ [ -93.215196982009246, 44.953084037748738 ], [ -93.208858249494085, 44.953095805867129 ], [ -93.208874576769219, 44.957596774808152 ], [ -93.215213804798978, 44.957585004853108 ], [ -93.215196982009246, 44.953084037748738 ] ] ] } },
{ "type": "Feature", "properties": { "predicted": 0.483 }, "geometry": { "type": "Polygon", "coordinates": [ [ [ -93.208858249494085, 44.953095805867129 ], [ -93.202519513142235, 44.953107222172079 ], [ -93.202535344901662, 44.95760819289486 ], [ -93.208874576769219, 44.957596774808152 ], [ -93.208858249494085, 44.953095805867129 ] ] ] } },
{ "type": "Feature", "properties": { "predicted": 0.27 }, "geometry": { "type": "Polygon", "coordinates": [ [ [ -93.329319120298209, 44.957312976910494 ], [ -93.32297998126468, 44.957331080381167 ], [ -93.323005233536222, 44.961832004288276 ], [ -93.329344868175326, 44.961813897992222 ], [ -93.329319120298209, 44.957312976910494 ] ] ] } },
{ "type": "Feature", "properties": { "predicted": 0.284 }, "geometry": { "type": "Polygon", "coordinates": [ [ [ -93.32297998126468, 44.957331080381167 ], [ -93.316640836296955, 44.957348831996448 ], [ -93.316665592961229, 44.961849758674028 ], [ -93.323005233536222, 44.961832004288276 ], [ -93.32297998126468, 44.957331080381167 ] ] ] } },
{ "type": "Feature", "properties": { "predicted": 0.038 }, "geometry": { "type": "Polygon", "coordinates": [ [ [ -93.316640836296955, 44.957348831996448 ], [ -93.310301685511519, 44.957366231755465 ], [ -93.310325946566863, 44.961867161148611 ], [ -93.316665592961229, 44.961849758674028 ], [ -93.316640836296955, 44.957348831996448 ] ] ] } },
{ "type": "Feature", "properties": { "predicted": 0.127 }, "geometry": { "type": "Polygon", "coordinates": [ [ [ -93.310301685511519, 44.957366231755465 ], [ -93.303962529024815, 44.957383279657371 ], [ -93.30398629446961, 44.96188421171118 ], [ -93.310325946566863, 44.961867161148611 ], [ -93.310301685511519, 44.957366231755465 ] ] ] } },
{ "type": "Feature", "properties": { "predicted": 0.11 }, "geometry": { "type": "Polygon", "coordinates": [ [ [ -93.303962529024815, 44.957383279657371 ], [ -93.297623366953331, 44.95739997570135 ], [ -93.297646636785942, 44.961900910360882 ], [ -93.30398629446961, 44.96188421171118 ], [ -93.303962529024815, 44.957383279657371 ] ] ] } },
{ "type": "Feature", "properties": { "predicted": 0.003 }, "geometry": { "type": "Polygon", "coordinates": [ [ [ -93.297623366953331, 44.95739997570135 ], [ -93.291284199413511, 44.957416319886562 ], [ -93.291306973632388, 44.961917257096928 ], [ -93.297646636785942, 44.961900910360882 ], [ -93.297623366953331, 44.95739997570135 ] ] ] } },
{ "type": "Feature", "properties": { "predicted": 0.0 }, "geometry": { "type": "Polygon", "coordinates": [ [ [ -93.291284199413511, 44.957416319886562 ], [ -93.284945026521811, 44.957432312212234 ], [ -93.284967305125434, 44.961933251918502 ], [ -93.291306973632388, 44.961917257096928 ], [ -93.291284199413511, 44.957416319886562 ] ] ] } },
{ "type": "Feature", "properties": { "predicted": 0.0 }, "geometry": { "type": "Polygon", "coordinates": [ [ [ -93.284945026521811, 44.957432312212234 ], [ -93.278605848394719, 44.957447952677555 ], [ -93.278627631381553, 44.961948894824843 ], [ -93.284967305125434, 44.961933251918502 ], [ -93.284945026521811, 44.957432312212234 ] ] ] } },
{ "type": "Feature", "properties": { "predicted": 0.0 }, "geometry": { "type": "Polygon", "coordinates": [ [ [ -93.278605848394719, 44.957447952677555 ], [ -93.272266665148678, 44.957463241281808 ], [ -93.272287952517289, 44.961964185815162 ], [ -93.278627631381553, 44.961948894824843 ], [ -93.278605848394719, 44.957447952677555 ] ] ] } },
{ "type": "Feature", "properties": { "predicted": 0.0 }, "geometry": { "type": "Polygon", "coordinates": [ [ [ -93.272266665148678, 44.957463241281808 ], [ -93.265927476900174, 44.957478178024189 ], [ -93.265948268649112, 44.961979124888735 ], [ -93.272287952517289, 44.961964185815162 ], [ -93.272266665148678, 44.957463241281808 ] ] ] } },
{ "type": "Feature", "properties": { "predicted": 0.0 }, "geometry": { "type": "Polygon", "coordinates": [ [ [ -93.265927476900174, 44.957478178024189 ], [ -93.259588283765638, 44.95749276290401 ], [ -93.259608579893509, 44.961993712044816 ], [ -93.265948268649112, 44.961979124888735 ], [ -93.265927476900174, 44.957478178024189 ] ] ] } },
{ "type": "Feature", "properties": { "predicted": 0.0 }, "geometry": { "type": "Polygon", "coordinates": [ [ [ -93.259588283765638, 44.95749276290401 ], [ -93.253249085861583, 44.957506995920539 ], [ -93.25326888636701, 44.962007947282693 ], [ -93.259608579893509, 44.961993712044816 ], [ -93.259588283765638, 44.95749276290401 ] ] ] } },
{ "type": "Feature", "properties": { "predicted": 0.0 }, "geometry": { "type": "Polygon", "coordinates": [ [ [ -93.253249085861583, 44.957506995920539 ], [ -93.246909883304426, 44.957520877073108 ], [ -93.246929188186101, 44.962021830601678 ], [ -93.25326888636701, 44.962007947282693 ], [ -93.253249085861583, 44.957506995920539 ] ] ] } },
{ "type": "Feature", "properties": { "predicted": 0.0 }, "geometry": { "type": "Polygon", "coordinates": [ [ [ -93.246909883304426, 44.957520877073108 ], [ -93.24057067621068, 44.957534406361006 ], [ -93.240589485467268, 44.962035362001096 ], [ -93.246929188186101, 44.962021830601678 ], [ -93.246909883304426, 44.957520877073108 ] ] ] } },
{ "type": "Feature", "properties": { "predicted": 0.001 }, "geometry": { "type": "Polygon", "coordinates": [ [ [ -93.24057067621068, 44.957534406361006 ], [ -93.234231464696791, 44.957547583783594 ], [ -93.234249778327055, 44.962048541480286 ], [ -93.240589485467268, 44.962035362001096 ], [ -93.24057067621068, 44.957534406361006 ] ] ] } },
{ "type": "Feature", "properties": { "predicted": 0.007 }, "geometry": { "type": "Polygon", "coordinates": [ [ [ -93.234231464696791, 44.957547583783594 ], [ -93.227892248879229, 44.957560409340225 ], [ -93.227910066881918, 44.962061369038587 ], [ -93.234249778327055, 44.962048541480286 ], [ -93.234231464696791, 44.957547583783594 ] ] ] } },
{ "type": "Feature", "properties": { "predicted": 0.14 }, "geometry": { "type": "Polygon", "coordinates": [ [ [ -93.227892248879229, 44.957560409340225 ], [ -93.221553028874467, 44.957572883030267 ], [ -93.221570351248388, 44.962073844675402 ], [ -93.227910066881918, 44.962061369038587 ], [ -93.227892248879229, 44.957560409340225 ] ] ] } },
{ "type": "Feature", "properties": { "predicted": 0.968 }, "geometry": { "type": "Polygon", "coordinates": [ [ [ -93.221553028874467, 44.957572883030267 ], [ -93.215213804798978, 44.957585004853108 ], [ -93.215230631542951, 44.962085968390099 ], [ -93.221570351248388, 44.962073844675402 ], [ -93.221553028874467, 44.957572883030267 ] ] ] } },
{ "type": "Feature", "properties": { "predicted": 0.476 }, "geometry": { "type": "Polygon", "coordinates": [ [ [ -93.215213804798978, 44.957585004853108 ], [ -93.208874576769219, 44.957596774808152 ], [ -93.208890907882136, 44.962097740182109 ], [ -93.215230631542951, 44.962085968390099 ], [ -93.215213804798978, 44.957585004853108 ] ] ] } },
{ "type": "Feature", "properties": { "predicted": 0.007 }, "geometry": { "type": "Polygon", "coordinates": [ [ [ -93.208874576769219, 44.957596774808152 ], [ -93.202535344901662, 44.95760819289486 ], [ -93.202551180382414, 44.962109160050815 ], [ -93.208890907882136, 44.962097740182109 ], [ -93.208874576769219, 44.957596774808152 ] ] ] } },
{ "type": "Feature", "properties": { "predicted": 0.101 }, "geometry": { "type": "Polygon", "coordinates": [ [ [ -93.329344868175326, 44.961813897992222 ], [ -93.323005233536222, 44.961832004288276 ], [ -93.323030491743637, 44.966332924621867 ], [ -93.329370622104804, 44.966314815499992 ], [ -93.329344868175326, 44.961813897992222 ] ] ] } },
{ "type": "Feature", "properties": { "predicted": 0.28 }, "geometry": { "type": "Polygon", "coordinates": [ [ [ -93.323005233536222, 44.961832004288276 ], [ -93.316665592961229, 44.961849758674028 ], [ -93.316690355444905, 44.966350681778529 ], [ -93.323030491743637, 44.966332924621867 ], [ -93.323005233536222, 44.961832004288276 ] ] ] } },
{ "type": "Feature", "properties": { "predicted": 0.078 }, "geometry": { "type": "Polygon", "coordinates": [ [ [ -93.316665592961229, 44.961849758674028 ], [ -93.310325946566863, 44.961867161148611 ], [ -93.310350213325108, 44.966368086969105 ], [ -93.316690355444905, 44.966350681778529 ], [ -93.316665592961229, 44.961849758674028 ] ] ] } },
{ "type": "Feature", "properties": { "predicted": 0.034 }, "geometry": { "type": "Polygon", "coordinates": [ [ [ -93.310325946566863, 44.961867161148611 ], [ -93.30398629446961, 44.96188421171118 ], [ -93.304010065500776, 44.96638514019272 ], [ -93.310350213325108, 44.966368086969105 ], [ -93.310325946566863, 44.961867161148611 ] ] ] } },
{ "type": "Feature", "properties": { "predicted": 0.014 }, "geometry": { "type": "Polygon", "coordinates": [ [ [ -93.30398629446961, 44.96188421171118 ], [ -93.297646636785942, 44.961900910360882 ], [ -93.297669912088466, 44.96640184144858 ], [ -93.304010065500776, 44.96638514019272 ], [ -93.30398629446961, 44.96188421171118 ] ] ] } },
{ "type": "Feature", "properties": { "predicted": 0.001 }, "geometry": { "type": "Polygon", "coordinates": [ [ [ -93.297646636785942, 44.961900910360882 ], [ -93.291306973632388, 44.961917257096928 ], [ -93.291329753204678, 44.966418190735844 ], [ -93.297669912088466, 44.96640184144858 ], [ -93.297646636785942, 44.961900910360882 ] ] ] } },
{ "type": "Feature", "properties": { "predicted": 0.006 }, "geometry": { "type": "Polygon", "coordinates": [ [ [ -93.291306973632388, 44.961917257096928 ], [ -93.284967305125434, 44.961933251918502 ], [ -93.284989588965942, 44.966434188053725 ], [ -93.291329753204678, 44.966418190735844 ], [ -93.291306973632388, 44.961917257096928 ] ] ] } },
{ "type": "Feature", "properties": { "predicted": 0.009 }, "geometry": { "type": "Polygon", "coordinates": [ [ [ -93.284967305125434, 44.961933251918502 ], [ -93.278627631381553, 44.961948894824843 ], [ -93.278649419488815, 44.966449833401434 ], [ -93.284989588965942, 44.966434188053725 ], [ -93.284967305125434, 44.961933251918502 ] ] ] } },
{ "type": "Feature", "properties": { "predicted": 0.002 }, "geometry": { "type": "Polygon", "coordinates": [ [ [ -93.278627631381553, 44.961948894824843 ], [ -93.272287952517289, 44.961964185815162 ], [ -93.272309244889811, 44.966465126778203 ], [ -93.278649419488815, 44.966449833401434 ], [ -93.278627631381553, 44.961948894824843 ] ] ] } },
{ "type": "Feature", "properties": { "predicted": 0.0 }, "geometry": { "type": "Polygon", "coordinates": [ [ [ -93.272287952517289, 44.961964185815162 ], [ -93.265948268649112, 44.961979124888735 ], [ -93.265969065285461, 44.966480068183316 ], [ -93.272309244889811, 44.966465126778203 ], [ -93.272287952517289, 44.961964185815162 ] ] ] } },
{ "type": "Feature", "properties": { "predicted": 0.0 }, "geometry": { "type": "Polygon", "coordinates": [ [ [ -93.265948268649112, 44.961979124888735 ], [ -93.259608579893509, 44.961993712044816 ], [ -93.259628880792292, 44.96649465761601 ], [ -93.265969065285461, 44.966480068183316 ], [ -93.265948268649112, 44.961979124888735 ] ] ] } },
{ "type": "Feature", "properties": { "predicted": 0.0 }, "geometry": { "type": "Polygon", "coordinates": [ [ [ -93.259608579893509, 44.961993712044816 ], [ -93.25326888636701, 44.962007947282693 ], [ -93.253288691526848, 44.966508895075577 ], [ -93.259628880792292, 44.96649465761601 ], [ -93.259608579893509, 44.961993712044816 ] ] ] } },
{ "type": "Feature", "properties": { "predicted": 0.001 }, "geometry": { "type": "Polygon", "coordinates": [ [ [ -93.25326888636701, 44.962007947282693 ], [ -93.246929188186101, 44.962021830601678 ], [ -93.246948497605672, 44.966522780561334 ], [ -93.253288691526848, 44.966508895075577 ], [ -93.25326888636701, 44.962007947282693 ] ] ] } },
{ "type": "Feature", "properties": { "predicted": 0.007 }, "geometry": { "type": "Polygon", "coordinates": [ [ [ -93.246929188186101, 44.962021830601678 ], [ -93.240589485467268, 44.962035362001096 ], [ -93.240608299145279, 44.966536314072599 ], [ -93.246948497605672, 44.966522780561334 ], [ -93.246929188186101, 44.962021830601678 ] ] ] } },
{ "type": "Feature", "properties": { "predicted": 0.025 }, "geometry": { "type": "Polygon", "coordinates": [ [ [ -93.240589485467268, 44.962035362001096 ], [ -93.234249778327055, 44.962048541480286 ], [ -93.234268096262213, 44.966549495608703 ], [ -93.240608299145279, 44.966536314072599 ], [ -93.240589485467268, 44.962035362001096 ] ] ] } },
{ "type": "Feature", "properties": { "predicted": 0.137 }, "geometry": { "type": "Polygon", "coordinates": [ [ [ -93.234249778327055, 44.962048541480286 ], [ -93.227910066881918, 44.962061369038587 ], [ -93.227927889073015, 44.966562325169008 ], [ -93.234268096262213, 44.966549495608703 ], [ -93.234249778327055, 44.962048541480286 ] ] ] } },
{ "type": "Feature", "properties": { "predicted": 0.96 }, "geometry": { "type": "Polygon", "coordinates": [ [ [ -93.227910066881918, 44.962061369038587 ], [ -93.221570351248388, 44.962073844675402 ], [ -93.221587677694217, 44.966574802752888 ], [ -93.227927889073015, 44.966562325169008 ], [ -93.227910066881918, 44.962061369038587 ] ] ] } },
{ "type": "Feature", "properties": { "predicted": 0.517 }, "geometry": { "type": "Polygon", "coordinates": [ [ [ -93.221570351248388, 44.962073844675402 ], [ -93.215230631542951, 44.962085968390099 ], [ -93.215247462242345, 44.966586928359739 ], [ -93.221587677694217, 44.966574802752888 ], [ -93.221570351248388, 44.962073844675402 ] ] ] } },
{ "type": "Feature", "properties": { "predicted": 0.006 }, "geometry": { "type": "Polygon", "coordinates": [ [ [ -93.215230631542951, 44.962085968390099 ], [ -93.208890907882136, 44.962097740182109 ], [ -93.208907242833945, 44.966598701988964 ], [ -93.215247462242345, 44.966586928359739 ], [ -93.215230631542951, 44.962085968390099 ] ] ] } },
{ "type": "Feature", "properties": { "predicted": 0.0 }, "geometry": { "type": "Polygon", "coordinates": [ [ [ -93.208890907882136, 44.962097740182109 ], [ -93.202551180382414, 44.962109160050815 ], [ -93.202567019585558, 44.966610123639988 ], [ -93.208907242833945, 44.966598701988964 ], [ -93.208890907882136, 44.962097740182109 ] ] ] } },
{ "type": "Feature", "properties": { "predicted": 0.089 }, "geometry": { "type": "Polygon", "coordinates": [ [ [ -93.329370622104804, 44.966314815499992 ], [ -93.323030491743637, 44.966332924621867 ], [ -93.32305575588866, 44.970833841381953 ], [ -93.32939638208839, 44.970815729433802 ], [ -93.329370622104804, 44.966314815499992 ] ] ] } },
{ "type": "Feature", "properties": { "predicted": 0.046 }, "geometry": { "type": "Polygon", "coordinates": [ [ [ -93.323030491743637, 44.966332924621867 ], [ -93.316690355444905, 44.966350681778529 ], [ -93.316715123749617, 44.970851601309953 ], [ -93.32305575588866, 44.970833841381953 ], [ -93.323030491743637, 44.966332924621867 ] ] ] } },
{ "type": "Feature", "properties": { "predicted": 0.012 }, "geometry": { "type": "Polygon", "coordinates": [ [ [ -93.316690355444905, 44.966350681778529 ], [ -93.310350213325108, 44.966368086969105 ], [ -93.310374485787875, 44.970869009216926 ], [ -93.316715123749617, 44.970851601309953 ], [ -93.316690355444905, 44.966350681778529 ] ] ] } },
{ "type": "Feature", "properties": { "predicted": 0.005 }, "geometry": { "type": "Polygon", "coordinates": [ [ [ -93.310350213325108, 44.966368086969105 ], [ -93.304010065500776, 44.96638514019272 ], [ -93.304033842119964, 44.970886065102029 ], [ -93.310374485787875, 44.970869009216926 ], [ -93.310350213325108, 44.966368086969105 ] ] ] } },
{ "type": "Feature", "properties": { "predicted": 0.003 }, "geometry": { "type": "Polygon", "coordinates": [ [ [ -93.304010065500776, 44.96638514019272 ], [ -93.297669912088466, 44.96640184144858 ], [ -93.29769319286244, 44.970902768964429 ], [ -93.304033842119964, 44.970886065102029 ], [ -93.304010065500776, 44.96638514019272 ] ] ] } },
{ "type": "Feature", "properties": { "predicted": 0.005 }, "geometry": { "type": "Polygon", "coordinates": [ [ [ -93.297669912088466, 44.96640184144858 ], [ -93.291329753204678, 44.966418190735844 ], [ -93.291352538131889, 44.970919120803309 ], [ -93.29769319286244, 44.970902768964429 ], [ -93.297669912088466, 44.96640184144858 ] ] ] } },
{ "type": "Feature", "properties": { "predicted": 0.165 }, "geometry": { "type": "Polygon", "coordinates": [ [ [ -93.291329753204678, 44.966418190735844 ], [ -93.284989588965942, 44.966434188053725 ], [ -93.28501187804487, 44.970935120617874 ], [ -93.291352538131889, 44.970919120803309 ], [ -93.291329753204678, 44.966418190735844 ] ] ] } },
{ "type": "Feature", "properties": { "predicted": 0.309 }, "geometry": { "type": "Polygon", "coordinates": [ [ [ -93.284989588965942, 44.966434188053725 ], [ -93.278649419488815, 44.966449833401434 ], [ -93.278671212717938, 44.970950768407349 ], [ -93.28501187804487, 44.970935120617874 ], [ -93.284989588965942, 44.966434188053725 ] ] ] } },
{ "type": "Feature", "properties": { "predicted": 0.01 }, "geometry": { "type": "Polygon", "coordinates": [ [ [ -93.278649419488815, 44.966449833401434 ], [ -93.272309244889811, 44.966465126778203 ], [ -93.272330542267667, 44.970966064170959 ], [ -93.278671212717938, 44.970950768407349 ], [ -93.278649419488815, 44.966449833401434 ] ] ] } },
{ "type": "Feature", "properties": { "predicted": 0.0 }, "geometry": { "type": "Polygon", "coordinates": [ [ [ -93.272309244889811, 44.966465126778203 ], [ -93.265969065285461, 44.966480068183316 ], [ -93.2659898668106, 44.970981007907952 ], [ -93.272330542267667, 44.970966064170959 ], [ -93.272309244889811, 44.966465126778203 ] ] ] } },
{ "type": "Feature", "properties": { "predicted": 0.0 }, "geometry": { "type": "Polygon", "coordinates": [ [ [ -93.265969065285461, 44.966480068183316 ], [ -93.259628880792292, 44.96649465761601 ], [ -93.259649186463349, 44.970995599617609 ], [ -93.2659898668106, 44.970981007907952 ], [ -93.265969065285461, 44.966480068183316 ] ] ] } },
{ "type": "Feature", "properties": { "predicted": 0.0 }, "geometry": { "type": "Polygon", "coordinates": [ [ [ -93.259628880792292, 44.96649465761601 ], [ -93.253288691526848, 44.966508895075577 ], [ -93.253308501342445, 44.971009839299207 ], [ -93.259649186463349, 44.970995599617609 ], [ -93.259628880792292, 44.96649465761601 ] ] ] } },
{ "type": "Feature", "properties": { "predicted": 0.004 }, "geometry": { "type": "Polygon", "coordinates": [ [ [ -93.253288691526848, 44.966508895075577 ], [ -93.246948497605672, 44.966522780561334 ], [ -93.24696781156446, 44.971023726952062 ], [ -93.253308501342445, 44.971009839299207 ], [ -93.253288691526848, 44.966508895075577 ] ] ] } },
{ "type": "Feature", "properties": { "predicted": 0.072 }, "geometry": { "type": "Polygon", "coordinates": [ [ [ -93.246948497605672, 44.966522780561334 ], [ -93.240608299145279, 44.966536314072599 ], [ -93.240627117245964, 44.9710372625755 ], [ -93.24696781156446, 44.971023726952062 ], [ -93.246948497605672, 44.966522780561334 ] ] ] } },
{ "type": "Feature", "properties": { "predicted": 0.885 }, "geometry": { "type": "Polygon", "coordinates": [ [ [ -93.240608299145279, 44.966536314072599 ], [ -93.234268096262213, 44.966549495608703 ], [ -93.234286418503515, 44.971050446168839 ], [ -93.240627117245964, 44.9710372625755 ], [ -93.240608299145279, 44.966536314072599 ] ] ] } },
{ "type": "Feature", "properties": { "predicted": 0.965 }, "geometry": { "type": "Polygon", "coordinates": [ [ [ -93.234268096262213, 44.966549495608703 ], [ -93.227927889073015, 44.966562325169008 ], [ -93.227945715453714, 44.971063277731446 ], [ -93.234286418503515, 44.971050446168839 ], [ -93.234268096262213, 44.966549495608703 ] ] ] } },
{ "type": "Feature", "properties": { "predicted": 0.48 }, "geometry": { "type": "Polygon", "coordinates": [ [ [ -93.227927889073015, 44.966562325169008 ], [ -93.221587677694217, 44.966574802752888 ], [ -93.221605008213089, 44.971075757262717 ], [ -93.227945715453714, 44.971063277731446 ], [ -93.227927889073015, 44.966562325169008 ] ] ] } },
{ "type": "Feature", "properties": { "predicted": 0.02 }, "geometry": { "type": "Polygon", "coordinates": [ [ [ -93.221587677694217, 44.966574802752888 ], [ -93.215247462242345, 44.966586928359739 ], [ -93.215264296898255, 44.971087884762014 ], [ -93.221605008213089, 44.971075757262717 ], [ -93.221587677694217, 44.966574802752888 ] ] ] } },
{ "type": "Feature", "properties": { "predicted": 0.0 }, "geometry": { "type": "Polygon", "coordinates": [ [ [ -93.215247462242345, 44.966586928359739 ], [ -93.208907242833945, 44.966598701988964 ], [ -93.208923581625754, 44.971099660228738 ], [ -93.215264296898255, 44.971087884762014 ], [ -93.215247462242345, 44.966586928359739 ] ] ] } },
{ "type": "Feature", "properties": { "predicted": 0.0 }, "geometry": { "type": "Polygon", "coordinates": [ [ [ -93.208907242833945, 44.966598701988964 ], [ -93.202567019585558, 44.966610123639988 ], [ -93.202582862512145, 44.971111083662343 ], [ -93.208923581625754, 44.971099660228738 ], [ -93.208907242833945, 44.966598701988964 ] ] ] } },
{ "type": "Feature", "properties": { "predicted": 0.107 }, "geometry": { "type": "Polygon", "coordinates": [ [ [ -93.32939638208839, 44.970815729433802 ], [ -93.32305575588866, 44.970833841381953 ], [ -93.323081025972954, 44.975334754568536 ], [ -93.329422148127833, 44.975316639793682 ], [ -93.32939638208839, 44.970815729433802 ] ] ] } },
{ "type": "Feature", "properties": { "predicted": 0.037 }, "geometry": { "type": "Polygon", "coordinates": [ [ [ -93.32305575588866, 44.970833841381953 ], [ -93.316715123749617, 44.970851601309953 ], [ -93.316739897877071, 44.975352517268306 ], [ -93.323081025972954, 44.975334754568536 ], [ -93.32305575588866, 44.970833841381953 ] ] ] } },
{ "type": "Feature", "properties": { "predicted": 0.001 }, "geometry": { "type": "Polygon", "coordinates": [ [ [ -93.316715123749617, 44.970851601309953 ], [ -93.310374485787875, 44.970869009216926 ], [ -93.310398763956798, 44.975369927892103 ], [ -93.316739897877071, 44.975352517268306 ], [ -93.316715123749617, 44.970851601309953 ] ] ] } },
{ "type": "Feature", "properties": { "predicted": 0.0 }, "geometry": { "type": "Polygon", "coordinates": [ [ [ -93.310374485787875, 44.970869009216926 ], [ -93.304033842119964, 44.970886065102029 ], [ -93.304057624328721, 44.975386986439098 ], [ -93.310398763956798, 44.975369927892103 ], [ -93.310374485787875, 44.970869009216926 ] ] ] } },
{ "type": "Feature", "properties": { "predicted": 0.001 }, "geometry": { "type": "Polygon", "coordinates": [ [ [ -93.304033842119964, 44.970886065102029 ], [ -93.29769319286244, 44.970902768964429 ], [ -93.297716479109454, 44.975403692908451 ], [ -93.304057624328721, 44.975386986439098 ], [ -93.304033842119964, 44.970886065102029 ] ] ] } },
{ "type": "Feature", "properties": { "predicted": 0.012 }, "geometry": { "type": "Polygon", "coordinates": [ [ [ -93.29769319286244, 44.970902768964429 ], [ -93.291352538131889, 44.970919120803309 ], [ -93.291375328415583, 44.975420047299338 ], [ -93.297716479109454, 44.975403692908451 ], [ -93.29769319286244, 44.970902768964429 ] ] ] } },
{ "type": "Feature", "properties": { "predicted": 0.107 }, "geometry": { "type": "Polygon", "coordinates": [ [ [ -93.291352538131889, 44.970919120803309 ], [ -93.28501187804487, 44.970935120617874 ], [ -93.285034172363694, 44.975436049610984 ], [ -93.291375328415583, 44.975420047299338 ], [ -93.291352538131889, 44.970919120803309 ] ] ] } },
{ "type": "Feature", "properties": { "predicted": 0.042 }, "geometry": { "type": "Polygon", "coordinates": [ [ [ -93.28501187804487, 44.970935120617874 ], [ -93.278671212717938, 44.970950768407349 ], [ -93.278693011070402, 44.975451699842587 ], [ -93.285034172363694, 44.975436049610984 ], [ -93.28501187804487, 44.970935120617874 ] ] ] } },
{ "type": "Feature", "properties": { "predicted": 0.004 }, "geometry": { "type": "Polygon", "coordinates": [ [ [ -93.278671212717938, 44.970950768407349 ], [ -93.272330542267667, 44.970966064170959 ], [ -93.272351844652292, 44.975466997993394 ], [ -93.278693011070402, 44.975451699842587 ], [ -93.278671212717938, 44.970950768407349 ] ] ] } },
{ "type": "Feature", "properties": { "predicted": 0.0 }, "geometry": { "type": "Polygon", "coordinates": [ [ [ -93.272330542267667, 44.970966064170959 ], [ -93.2659898668106, 44.970981007907952 ], [ -93.266010673225992, 44.975481944062651 ], [ -93.272351844652292, 44.975466997993394 ], [ -93.272330542267667, 44.970966064170959 ] ] ] } },
{ "type": "Feature", "properties": { "predicted": 0.001 }, "geometry": { "type": "Polygon", "coordinates": [ [ [ -93.2659898668106, 44.970981007907952 ], [ -93.259649186463349, 44.970995599617609 ], [ -93.259669496908046, 44.975496538049619 ], [ -93.266010673225992, 44.975481944062651 ], [ -93.2659898668106, 44.970981007907952 ] ] ] } },
{ "type": "Feature", "properties": { "predicted": 0.01 }, "geometry": { "type": "Polygon", "coordinates": [ [ [ -93.259649186463349, 44.970995599617609 ], [ -93.253308501342445, 44.971009839299207 ], [ -93.253328315815097, 44.975510779953595 ], [ -93.259669496908046, 44.975496538049619 ], [ -93.259649186463349, 44.970995599617609 ] ] ] } },
{ "type": "Feature", "properties": { "predicted": 0.035 }, "geometry": { "type": "Polygon", "coordinates": [ [ [ -93.253308501342445, 44.971009839299207 ], [ -93.24696781156446, 44.971023726952062 ], [ -93.246987130063744, 44.975524669773904 ], [ -93.253328315815097, 44.975510779953595 ], [ -93.253308501342445, 44.971009839299207 ] ] ] } },
{ "type": "Feature", "properties": { "predicted": 0.386 }, "geometry": { "type": "Polygon", "coordinates": [ [ [ -93.24696781156446, 44.971023726952062 ], [ -93.240627117245964, 44.9710372625755 ], [ -93.240645939770587, 44.975538207509821 ], [ -93.246987130063744, 44.975524669773904 ], [ -93.24696781156446, 44.971023726952062 ] ] ] } },
{ "type": "Feature", "properties": { "predicted": 0.878 }, "geometry": { "type": "Polygon", "coordinates": [ [ [ -93.240627117245964, 44.9710372625755 ], [ -93.234286418503515, 44.971050446168839 ], [ -93.234304745052199, 44.975551393160721 ], [ -93.240645939770587, 44.975538207509821 ], [ -93.240627117245964, 44.9710372625755 ] ] ] } },
{ "type": "Feature", "properties": { "predicted": 0.05 }, "geometry": { "type": "Polygon", "coordinates": [ [ [ -93.234286418503515, 44.971050446168839 ], [ -93.227945715453714, 44.971063277731446 ], [ -93.227963546025208, 44.975564226725965 ], [ -93.234304745052199, 44.975551393160721 ], [ -93.234286418503515, 44.971050446168839 ] ] ] } },
{ "type": "Feature", "properties": { "predicted": 0.018 }, "geometry": { "type": "Polygon", "coordinates": [ [ [ -93.227945715453714, 44.971063277731446 ], [ -93.221605008213089, 44.971075757262717 ], [ -93.221622342806214, 44.975576708204891 ], [ -93.227963546025208, 44.975564226725965 ], [ -93.227945715453714, 44.971063277731446 ] ] ] } },
{ "type": "Feature", "properties": { "predicted": 0.002 }, "geometry": { "type": "Polygon", "coordinates": [ [ [ -93.221605008213089, 44.971075757262717 ], [ -93.215264296898255, 44.971087884762014 ], [ -93.21528113551183, 44.975588837596923 ], [ -93.221622342806214, 44.975576708204891 ], [ -93.221605008213089, 44.971075757262717 ] ] ] } },
{ "type": "Feature", "properties": { "predicted": 0.0 }, "geometry": { "type": "Polygon", "coordinates": [ [ [ -93.215264296898255, 44.971087884762014 ], [ -93.208923581625754, 44.971099660228738 ], [ -93.208939924258644, 44.975600614901452 ], [ -93.21528113551183, 44.975588837596923 ], [ -93.215264296898255, 44.971087884762014 ] ] ] } },
{ "type": "Feature", "properties": { "predicted": 0.0 }, "geometry": { "type": "Polygon", "coordinates": [ [ [ -93.208923581625754, 44.971099660228738 ], [ -93.202582862512145, 44.971111083662343 ], [ -93.202598709163269, 44.975612040117909 ], [ -93.208939924258644, 44.975600614901452 ], [ -93.208923581625754, 44.971099660228738 ] ] ] } },
{ "type": "Feature", "properties": { "predicted": 0.197 }, "geometry": { "type": "Polygon", "coordinates": [ [ [ -93.329422148127833, 44.975316639793682 ], [ -93.323081025972954, 44.975334754568536 ], [ -93.323106301998223, 44.979835664181607 ], [ -93.329447920224865, 44.979817546579611 ], [ -93.329422148127833, 44.975316639793682 ] ] ] } },
{ "type": "Feature", "properties": { "predicted": 0.055 }, "geometry": { "type": "Polygon", "coordinates": [ [ [ -93.323081025972954, 44.975334754568536 ], [ -93.316739897877071, 44.975352517268306 ], [ -93.3167646778289, 44.979853429653552 ], [ -93.323106301998223, 44.979835664181607 ], [ -93.323081025972954, 44.975334754568536 ] ] ] } },
{ "type": "Feature", "properties": { "predicted": 0.01 }, "geometry": { "type": "Polygon", "coordinates": [ [ [ -93.316739897877071, 44.975352517268306 ], [ -93.310398763956798, 44.975369927892103 ], [ -93.31042304783351, 44.979870842994607 ], [ -93.3167646778289, 44.979853429653552 ], [ -93.316739897877071, 44.975352517268306 ] ] ] } },
{ "type": "Feature", "properties": { "predicted": 0.001 }, "geometry": { "type": "Polygon", "coordinates": [ [ [ -93.310398763956798, 44.975369927892103 ], [ -93.304057624328721, 44.975386986439098 ], [ -93.304081412128696, 44.979887904203913 ], [ -93.31042304783351, 44.979870842994607 ], [ -93.310398763956798, 44.975369927892103 ] ] ] } },
{ "type": "Feature", "properties": { "predicted": 0.0 }, "geometry": { "type": "Polygon", "coordinates": [ [ [ -93.304057624328721, 44.975386986439098 ], [ -93.297716479109454, 44.975403692908451 ], [ -93.297739770831086, 44.979904613280617 ], [ -93.304081412128696, 44.979887904203913 ], [ -93.304057624328721, 44.975386986439098 ] ] ] } },
{ "type": "Feature", "properties": { "predicted": 0.002 }, "geometry": { "type": "Polygon", "coordinates": [ [ [ -93.297716479109454, 44.975403692908451 ], [ -93.291375328415583, 44.975420047299338 ], [ -93.291398124057267, 44.979920970223922 ], [ -93.297739770831086, 44.979904613280617 ], [ -93.297716479109454, 44.975403692908451 ] ] ] } },
{ "type": "Feature", "properties": { "predicted": 0.007 }, "geometry": { "type": "Polygon", "coordinates": [ [ [ -93.291375328415583, 44.975420047299338 ], [ -93.285034172363694, 44.975436049610984 ], [ -93.285056471923937, 44.979936975033027 ], [ -93.291398124057267, 44.979920970223922 ], [ -93.291375328415583, 44.975420047299338 ] ] ] } },
{ "type": "Feature", "properties": { "predicted": 0.004 }, "geometry": { "type": "Polygon", "coordinates": [ [ [ -93.285034172363694, 44.975436049610984 ], [ -93.278693011070402, 44.975451699842587 ], [ -93.278714814547683, 44.979952627707135 ], [ -93.285056471923937, 44.979936975033027 ], [ -93.285034172363694, 44.975436049610984 ] ] ] } },
{ "type": "Feature", "properties": { "predicted": 0.0 }, "geometry": { "type": "Polygon", "coordinates": [ [ [ -93.278693011070402, 44.975451699842587 ], [ -93.272351844652292, 44.975466997993394 ], [ -93.272373152045148, 44.979967928245514 ], [ -93.278714814547683, 44.979952627707135 ], [ -93.278693011070402, 44.975451699842587 ] ] ] } },
{ "type": "Feature", "properties": { "predicted": 0.002 }, "geometry": { "type": "Polygon", "coordinates": [ [ [ -93.272351844652292, 44.975466997993394 ], [ -93.266010673225992, 44.975481944062651 ], [ -93.266031484532959, 44.979982876647391 ], [ -93.272373152045148, 44.979967928245514 ], [ -93.272351844652292, 44.975466997993394 ] ] ] } },
{ "type": "Feature", "properties": { "predicted": 0.036 }, "geometry": { "type": "Polygon", "coordinates": [ [ [ -93.266010673225992, 44.975481944062651 ], [ -93.259669496908046, 44.975496538049619 ], [ -93.25968981212776, 44.979997472912032 ], [ -93.266031484532959, 44.979982876647391 ], [ -93.266010673225992, 44.975481944062651 ] ] ] } },
{ "type": "Feature", "properties": { "predicted": 0.328 }, "geometry": { "type": "Polygon", "coordinates": [ [ [ -93.259669496908046, 44.975496538049619 ], [ -93.253328315815097, 44.975510779953595 ], [ -93.253348134946179, 44.980011717038735 ], [ -93.25968981212776, 44.979997472912032 ], [ -93.259669496908046, 44.975496538049619 ] ] ] } },
{ "type": "Feature", "properties": { "predicted": 0.749 }, "geometry": { "type": "Polygon", "coordinates": [ [ [ -93.253328315815097, 44.975510779953595 ], [ -93.246987130063744, 44.975524669773904 ], [ -93.247006453104859, 44.980025609026804 ], [ -93.253348134946179, 44.980011717038735 ], [ -93.253328315815097, 44.975510779953595 ] ] ] } },
{ "type": "Feature", "properties": { "predicted": 0.957 }, "geometry": { "type": "Polygon", "coordinates": [ [ [ -93.246987130063744, 44.975524669773904 ], [ -93.240645939770587, 44.975538207509821 ], [ -93.240664766720414, 44.980039148875562 ], [ -93.247006453104859, 44.980025609026804 ], [ -93.246987130063744, 44.975524669773904 ] ] ] } },
{ "type": "Feature", "properties": { "predicted": 0.518 }, "geometry": { "type": "Polygon", "coordinates": [ [ [ -93.240645939770587, 44.975538207509821 ], [ -93.234304745052199, 44.975551393160721 ], [ -93.234323075909487, 44.980052336584336 ], [ -93.240664766720414, 44.980039148875562 ], [ -93.240645939770587, 44.975538207509821 ] ] ] } },
{ "type": "Feature", "properties": { "predicted": 0.013 }, "geometry": { "type": "Polygon", "coordinates": [ [ [ -93.234304745052199, 44.975551393160721 ], [ -93.227963546025208, 44.975564226725965 ], [ -93.227981380788719, 44.9800651721525 ], [ -93.234323075909487, 44.980052336584336 ], [ -93.234304745052199, 44.975551393160721 ] ] ] } },
{ "type": "Feature", "properties": { "predicted": 0.001 }, "geometry": { "type": "Polygon", "coordinates": [ [ [ -93.227963546025208, 44.975564226725965 ], [ -93.221622342806214, 44.975576708204891 ], [ -93.221639681474755, 44.980077655579422 ], [ -93.227981380788719, 44.9800651721525 ], [ -93.227963546025208, 44.975564226725965 ] ] ] } },
{ "type": "Feature", "properties": { "predicted": 0.0 }, "geometry": { "type": "Polygon", "coordinates": [ [ [ -93.221622342806214, 44.975576708204891 ], [ -93.21528113551183, 44.975588837596923 ], [ -93.215297978084209, 44.980089786864475 ], [ -93.221639681474755, 44.980077655579422 ], [ -93.221622342806214, 44.975576708204891 ] ] ] } },
{ "type": "Feature", "properties": { "predicted": 0.0 }, "geometry": { "type": "Polygon", "coordinates": [ [ [ -93.21528113551183, 44.975588837596923 ], [ -93.208939924258644, 44.975600614901452 ], [ -93.208956270733736, 44.980101566007093 ], [ -93.215297978084209, 44.980089786864475 ], [ -93.21528113551183, 44.975588837596923 ] ] ] } },
{ "type": "Feature", "properties": { "predicted": 0.0 }, "geometry": { "type": "Polygon", "coordinates": [ [ [ -93.208939924258644, 44.975600614901452 ], [ -93.202598709163269, 44.975612040117909 ], [ -93.202614559539953, 44.980112993006678 ], [ -93.208956270733736, 44.980101566007093 ], [ -93.208939924258644, 44.975600614901452 ] ] ] } },
{ "type": "Feature", "properties": { "predicted": 0.388 }, "geometry": { "type": "Polygon", "coordinates": [ [ [ -93.323106301998223, 44.979835664181607 ], [ -93.3167646778289, 44.979853429653552 ], [ -93.316789463606796, 44.984354338465749 ], [ -93.323131583966202, 44.984336570221167 ], [ -93.323106301998223, 44.979835664181607 ] ] ] } },
{ "type": "Feature", "properties": { "predicted": 0.033 }, "geometry": { "type": "Polygon", "coordinates": [ [ [ -93.3167646778289, 44.979853429653552 ], [ -93.31042304783351, 44.979870842994607 ], [ -93.310447337419674, 44.984371754524467 ], [ -93.316789463606796, 44.984354338465749 ], [ -93.3167646778289, 44.979853429653552 ] ] ] } },
{ "type": "Feature", "properties": { "predicted": 0.001 }, "geometry": { "type": "Polygon", "coordinates": [ [ [ -93.31042304783351, 44.979870842994607 ], [ -93.304081412128696, 44.979887904203913 ], [ -93.304105205521466, 44.984388818396482 ], [ -93.310447337419674, 44.984371754524467 ], [ -93.31042304783351, 44.979870842994607 ] ] ] } },
{ "type": "Feature", "properties": { "predicted": 0.0 }, "geometry": { "type": "Polygon", "coordinates": [ [ [ -93.304081412128696, 44.979887904203913 ], [ -93.297739770831086, 44.979904613280617 ], [ -93.297763068028871, 44.984405530080956 ], [ -93.304105205521466, 44.984388818396482 ], [ -93.304081412128696, 44.979887904203913 ] ] ] } },
{ "type": "Feature", "properties": { "predicted": 0.0 }, "geometry": { "type": "Polygon", "coordinates": [ [ [ -93.297739770831086, 44.979904613280617 ], [ -93.291398124057267, 44.979920970223922 ], [ -93.291420925058517, 44.984421889577064 ], [ -93.297763068028871, 44.984405530080956 ], [ -93.297739770831086, 44.979904613280617 ] ] ] } },
{ "type": "Feature", "properties": { "predicted": 0.0 }, "geometry": { "type": "Polygon", "coordinates": [ [ [ -93.291398124057267, 44.979920970223922 ], [ -93.285056471923937, 44.979936975033027 ], [ -93.28507877672709, 44.98443789688401 ], [ -93.291420925058517, 44.984421889577064 ], [ -93.291398124057267, 44.979920970223922 ] ] ] } },
{ "type": "Feature", "properties": { "predicted": 0.001 }, "geometry": { "type": "Polygon", "coordinates": [ [ [ -93.285056471923937, 44.979936975033027 ], [ -93.278714814547683, 44.979952627707135 ], [ -93.278736623151246, 44.984453552001028 ], [ -93.28507877672709, 44.98443789688401 ], [ -93.285056471923937, 44.979936975033027 ] ] ] } },
{ "type": "Feature", "properties": { "predicted": 0.003 }, "geometry": { "type": "Polygon", "coordinates": [ [ [ -93.278714814547683, 44.979952627707135 ], [ -93.272373152045148, 44.979967928245514 ], [ -93.272394464447643, 44.984468854927336 ], [ -93.278736623151246, 44.984453552001028 ], [ -93.278714814547683, 44.979952627707135 ] ] ] } },
{ "type": "Feature", "properties": { "predicted": 0.026 }, "geometry": { "type": "Polygon", "coordinates": [ [ [ -93.272373152045148, 44.979967928245514 ], [ -93.266031484532959, 44.979982876647391 ], [ -93.266052300732952, 44.98448380566218 ], [ -93.272394464447643, 44.984468854927336 ], [ -93.272373152045148, 44.979967928245514 ] ] ] } },
{ "type": "Feature", "properties": { "predicted": 0.458 }, "geometry": { "type": "Polygon", "coordinates": [ [ [ -93.266031484532959, 44.979982876647391 ], [ -93.25968981212776, 44.979997472912032 ], [ -93.259710132123871, 44.984498404204864 ], [ -93.266052300732952, 44.98448380566218 ], [ -93.266031484532959, 44.979982876647391 ] ] ] } },
{ "type": "Feature", "properties": { "predicted": 0.899 }, "geometry": { "type": "Polygon", "coordinates": [ [ [ -93.25968981212776, 44.979997472912032 ], [ -93.253348134946179, 44.980011717038735 ], [ -93.253367958737002, 44.984512650554635 ], [ -93.259710132123871, 44.984498404204864 ], [ -93.25968981212776, 44.979997472912032 ] ] ] } },
{ "type": "Feature", "properties": { "predicted": 0.732 }, "geometry": { "type": "Polygon", "coordinates": [ [ [ -93.253348134946179, 44.980011717038735 ], [ -93.247006453104859, 44.980025609026804 ], [ -93.247025780689071, 44.98452654471081 ], [ -93.253367958737002, 44.984512650554635 ], [ -93.253348134946179, 44.980011717038735 ] ] ] } },
{ "type": "Feature", "properties": { "predicted": 0.21 }, "geometry": { "type": "Polygon", "coordinates": [ [ [ -93.247006453104859, 44.980025609026804 ], [ -93.240664766720414, 44.980039148875562 ], [ -93.240683598096709, 44.984540086672723 ], [ -93.247025780689071, 44.98452654471081 ], [ -93.247006453104859, 44.980025609026804 ] ] ] } },
{ "type": "Feature", "properties": { "predicted": 0.029 }, "geometry": { "type": "Polygon", "coordinates": [ [ [ -93.240664766720414, 44.980039148875562 ], [ -93.234323075909487, 44.980052336584336 ], [ -93.234341411076613, 44.984553276439698 ], [ -93.240683598096709, 44.984540086672723 ], [ -93.240664766720414, 44.980039148875562 ] ] ] } },
{ "type": "Feature", "properties": { "predicted": 0.003 }, "geometry": { "type": "Polygon", "coordinates": [ [ [ -93.234323075909487, 44.980052336584336 ], [ -93.227981380788719, 44.9800651721525 ], [ -93.227999219745428, 44.984566114011102 ], [ -93.234341411076613, 44.984553276439698 ], [ -93.234323075909487, 44.980052336584336 ] ] ] } },
{ "type": "Feature", "properties": { "predicted": 0.0 }, "geometry": { "type": "Polygon", "coordinates": [ [ [ -93.227981380788719, 44.9800651721525 ], [ -93.221639681474755, 44.980077655579422 ], [ -93.221657024219837, 44.984578599386289 ], [ -93.227999219745428, 44.984566114011102 ], [ -93.227981380788719, 44.9800651721525 ] ] ] } },
{ "type": "Feature", "properties": { "predicted": 0.0 }, "geometry": { "type": "Polygon", "coordinates": [ [ [ -93.221639681474755, 44.980077655579422 ], [ -93.215297978084209, 44.980089786864475 ], [ -93.215314824616513, 44.984590732564676 ], [ -93.221657024219837, 44.984578599386289 ], [ -93.221639681474755, 44.980077655579422 ] ] ] } },
{ "type": "Feature", "properties": { "predicted": 0.0 }, "geometry": { "type": "Polygon", "coordinates": [ [ [ -93.215297978084209, 44.980089786864475 ], [ -93.208956270733736, 44.980101566007093 ], [ -93.208972621052112, 44.984602513545653 ], [ -93.215314824616513, 44.984590732564676 ], [ -93.215297978084209, 44.980089786864475 ] ] ] } },
{ "type": "Feature", "properties": { "predicted": 0.0 }, "geometry": { "type": "Polygon", "coordinates": [ [ [ -93.208956270733736, 44.980101566007093 ], [ -93.202614559539953, 44.980112993006678 ], [ -93.20263041364332, 44.984613942328636 ], [ -93.208972621052112, 44.984602513545653 ], [ -93.208956270733736, 44.980101566007093 ] ] ] } },
{ "type": "Feature", "properties": { "predicted": 0.174 }, "geometry": { "type": "Polygon", "coordinates": [ [ [ -93.323131583966202, 44.984336570221167 ], [ -93.316789463606796, 44.984354338465749 ], [ -93.316814255212435, 44.988855243704862 ], [ -93.323156871878552, 44.988837472687216 ], [ -93.323131583966202, 44.984336570221167 ] ] ] } },
{ "type": "Feature", "properties": { "predicted": 0.013 }, "geometry": { "type": "Polygon", "coordinates": [ [ [ -93.316789463606796, 44.984354338465749 ], [ -93.310447337419674, 44.984371754524467 ], [ -93.310471632716911, 44.988872662481668 ], [ -93.316814255212435, 44.988855243704862 ], [ -93.316789463606796, 44.984354338465749 ] ] ] } },
{ "type": "Feature", "properties": { "predicted": 0.0 }, "geometry": { "type": "Polygon", "coordinates": [ [ [ -93.310447337419674, 44.984371754524467 ], [ -93.304105205521466, 44.984388818396482 ], [ -93.304129004508667, 44.988889729016812 ], [ -93.310471632716911, 44.988872662481668 ], [ -93.310447337419674, 44.984371754524467 ] ] ] } },
{ "type": "Feature", "properties": { "predicted": 0.0 }, "geometry": { "type": "Polygon", "coordinates": [ [ [ -93.304105205521466, 44.984388818396482 ], [ -93.297763068028871, 44.984405530080956 ], [ -93.297786370704401, 44.988906443309446 ], [ -93.304129004508667, 44.988889729016812 ], [ -93.304105205521466, 44.984388818396482 ] ] ] } },
{ "type": "Feature", "properties": { "predicted": 0.0 }, "geometry": { "type": "Polygon", "coordinates": [ [ [ -93.297763068028871, 44.984405530080956 ], [ -93.291420925058517, 44.984421889577064 ], [ -93.291443731420841, 44.988922805358762 ], [ -93.297786370704401, 44.988906443309446 ], [ -93.297763068028871, 44.984405530080956 ] ] ] } },
{ "type": "Feature", "properties": { "predicted": 0.001 }, "geometry": { "type": "Polygon", "coordinates": [ [ [ -93.291420925058517, 44.984421889577064 ], [ -93.28507877672709, 44.98443789688401 ], [ -93.28510108677466, 44.988938815163955 ], [ -93.291443731420841, 44.988922805358762 ], [ -93.291420925058517, 44.984421889577064 ] ] ] } },
{ "type": "Feature", "properties": { "predicted": 0.009 }, "geometry": { "type": "Polygon", "coordinates": [ [ [ -93.28507877672709, 44.98443789688401 ], [ -93.278736623151246, 44.984453552001028 ], [ -93.278758436882555, 44.988954472724238 ], [ -93.28510108677466, 44.988938815163955 ], [ -93.28507877672709, 44.98443789688401 ] ] ] } },
{ "type": "Feature", "properties": { "predicted": 0.06 }, "geometry": { "type": "Polygon", "coordinates": [ [ [ -93.278736623151246, 44.984453552001028 ], [ -93.272394464447643, 44.984468854927336 ], [ -93.272415781861241, 44.988969778038857 ], [ -93.278758436882555, 44.988954472724238 ], [ -93.278736623151246, 44.984453552001028 ] ] ] } },
{ "type": "Feature", "properties": { "predicted": 0.254 }, "geometry": { "type": "Polygon", "coordinates": [ [ [ -93.272394464447643, 44.984468854927336 ], [ -93.266052300732952, 44.98448380566218 ], [ -93.26607312182739, 44.988984731107038 ], [ -93.272415781861241, 44.988969778038857 ], [ -93.272394464447643, 44.984468854927336 ] ] ] } },
{ "type": "Feature", "properties": { "predicted": 0.595 }, "geometry": { "type": "Polygon", "coordinates": [ [ [ -93.266052300732952, 44.98448380566218 ], [ -93.259710132123871, 44.984498404204864 ], [ -93.259730456897714, 44.988999331928092 ], [ -93.26607312182739, 44.988984731107038 ], [ -93.266052300732952, 44.98448380566218 ] ] ] } },
{ "type": "Feature", "properties": { "predicted": 0.231 }, "geometry": { "type": "Polygon", "coordinates": [ [ [ -93.259710132123871, 44.984498404204864 ], [ -93.253367958737002, 44.984512650554635 ], [ -93.253387787188927, 44.989013580501279 ], [ -93.259730456897714, 44.988999331928092 ], [ -93.259710132123871, 44.984498404204864 ] ] ] } },
{ "type": "Feature", "properties": { "predicted": 0.035 }, "geometry": { "type": "Polygon", "coordinates": [ [ [ -93.253367958737002, 44.984512650554635 ], [ -93.247025780689071, 44.98452654471081 ], [ -93.247045112817702, 44.98902747682591 ], [ -93.253387787188927, 44.989013580501279 ], [ -93.253367958737002, 44.984512650554635 ] ] ] } },
{ "type": "Feature", "properties": { "predicted": 0.006 }, "geometry": { "type": "Polygon", "coordinates": [ [ [ -93.247025780689071, 44.98452654471081 ], [ -93.240683598096709, 44.984540086672723 ], [ -93.240702433900779, 44.989041020901304 ], [ -93.247045112817702, 44.98902747682591 ], [ -93.247025780689071, 44.98452654471081 ] ] ] } },
{ "type": "Feature", "properties": { "predicted": 0.002 }, "geometry": { "type": "Polygon", "coordinates": [ [ [ -93.240683598096709, 44.984540086672723 ], [ -93.234341411076613, 44.984553276439698 ], [ -93.23435975055483, 44.989054212726792 ], [ -93.240702433900779, 44.989041020901304 ], [ -93.240683598096709, 44.984540086672723 ] ] ] } },
{ "type": "Feature", "properties": { "predicted": 0.0 }, "geometry": { "type": "Polygon", "coordinates": [ [ [ -93.234341411076613, 44.984553276439698 ], [ -93.227999219745428, 44.984566114011102 ], [ -93.228017062896555, 44.989067052301735 ], [ -93.23435975055483, 44.989054212726792 ], [ -93.234341411076613, 44.984553276439698 ] ] ] } },
{ "type": "Feature", "properties": { "predicted": 0.0 }, "geometry": { "type": "Polygon", "coordinates": [ [ [ -93.227999219745428, 44.984566114011102 ], [ -93.221657024219837, 44.984578599386289 ], [ -93.221674371042681, 44.989079539625529 ], [ -93.228017062896555, 44.989067052301735 ], [ -93.227999219745428, 44.984566114011102 ] ] ] } },
{ "type": "Feature", "properties": { "predicted": 0.0 }, "geometry": { "type": "Polygon", "coordinates": [ [ [ -93.221657024219837, 44.984578599386289 ], [ -93.215314824616513, 44.984590732564676 ], [ -93.215331675109894, 44.989091674697526 ], [ -93.221674371042681, 44.989079539625529 ], [ -93.221657024219837, 44.984578599386289 ] ] ] } },
{ "type": "Feature", "properties": { "predicted": 0.0 }, "geometry": { "type": "Polygon", "coordinates": [ [ [ -93.215314824616513, 44.984590732564676 ], [ -93.208972621052112, 44.984602513545653 ], [ -93.208988975214908, 44.989103457517153 ], [ -93.215331675109894, 44.989091674697526 ], [ -93.215314824616513, 44.984590732564676 ] ] ] } },
{ "type": "Feature", "properties": { "predicted": 0.0 }, "geometry": { "type": "Polygon", "coordinates": [ [ [ -93.208972621052112, 44.984602513545653 ], [ -93.20263041364332, 44.984613942328636 ], [ -93.202646271474407, 44.989114888083826 ], [ -93.208988975214908, 44.989103457517153 ], [ -93.208972621052112, 44.984602513545653 ] ] ] } },
{ "type": "Feature", "properties": { "predicted": 0.49 }, "geometry": { "type": "Polygon", "coordinates": [ [ [ -93.323156871878552, 44.988837472687216 ], [ -93.316814255212435, 44.988855243704862 ], [ -93.316839052647467, 44.993356145370882 ], [ -93.323182165737023, 44.99333837157976 ], [ -93.323156871878552, 44.988837472687216 ] ] ] } },
{ "type": "Feature", "properties": { "predicted": 0.014 }, "geometry": { "type": "Polygon", "coordinates": [ [ [ -93.316814255212435, 44.988855243704862 ], [ -93.310471632716911, 44.988872662481668 ], [ -93.310495933726827, 44.993373566866211 ], [ -93.316839052647467, 44.993356145370882 ], [ -93.316814255212435, 44.988855243704862 ] ] ] } },
{ "type": "Feature", "properties": { "predicted": 0.0 }, "geometry": { "type": "Polygon", "coordinates": [ [ [ -93.310471632716911, 44.988872662481668 ], [ -93.304129004508667, 44.988889729016812 ], [ -93.30415280909186, 44.993390636064888 ], [ -93.310495933726827, 44.993373566866211 ], [ -93.310471632716911, 44.988872662481668 ] ] ] } },
{ "type": "Feature", "properties": { "predicted": 0.0 }, "geometry": { "type": "Polygon", "coordinates": [ [ [ -93.304129004508667, 44.988889729016812 ], [ -93.297786370704401, 44.988906443309446 ], [ -93.297809678859267, 44.993407352966109 ], [ -93.30415280909186, 44.993390636064888 ], [ -93.304129004508667, 44.988889729016812 ] ] ] } },
{ "type": "Feature", "properties": { "predicted": 0.0 }, "geometry": { "type": "Polygon", "coordinates": [ [ [ -93.297786370704401, 44.988906443309446 ], [ -93.291443731420841, 44.988922805358762 ], [ -93.291466543145788, 44.993423717569016 ], [ -93.297809678859267, 44.993407352966109 ], [ -93.297786370704401, 44.988906443309446 ] ] ] } },
{ "type": "Feature", "properties": { "predicted": 0.001 }, "geometry": { "type": "Polygon", "coordinates": [ [ [ -93.291443731420841, 44.988922805358762 ], [ -93.28510108677466, 44.988938815163955 ], [ -93.285123402068152, 44.993439729872819 ], [ -93.291466543145788, 44.993423717569016 ], [ -93.291443731420841, 44.988922805358762 ] ] ] } },
{ "type": "Feature", "properties": { "predicted": 0.025 }, "geometry": { "type": "Polygon", "coordinates": [ [ [ -93.28510108677466, 44.988938815163955 ], [ -93.278758436882555, 44.988954472724238 ], [ -93.278780255743101, 44.993455389876758 ], [ -93.285123402068152, 44.993439729872819 ], [ -93.28510108677466, 44.988938815163955 ] ] ] } },
{ "type": "Feature", "properties": { "predicted": 0.338 }, "geometry": { "type": "Polygon", "coordinates": [ [ [ -93.278758436882555, 44.988954472724238 ], [ -93.272415781861241, 44.988969778038857 ], [ -93.272437104287334, 44.993470697580051 ], [ -93.278780255743101, 44.993455389876758 ], [ -93.278758436882555, 44.988954472724238 ] ] ] } },
{ "type": "Feature", "properties": { "predicted": 0.733 }, "geometry": { "type": "Polygon", "coordinates": [ [ [ -93.272415781861241, 44.988969778038857 ], [ -93.26607312182739, 44.988984731107038 ], [ -93.266093947817623, 44.99348565298196 ], [ -93.272437104287334, 44.993470697580051 ], [ -93.272415781861241, 44.988969778038857 ] ] ] } },
{ "type": "Feature", "properties": { "predicted": 0.462 }, "geometry": { "type": "Polygon", "coordinates": [ [ [ -93.26607312182739, 44.988984731107038 ], [ -93.259730456897714, 44.988999331928092 ], [ -93.259750786450681, 44.993500256081731 ], [ -93.266093947817623, 44.99348565298196 ], [ -93.26607312182739, 44.988984731107038 ] ] ] } },
{ "type": "Feature", "properties": { "predicted": 0.048 }, "geometry": { "type": "Polygon", "coordinates": [ [ [ -93.259730456897714, 44.988999331928092 ], [ -93.253387787188927, 44.989013580501279 ], [ -93.25340762030325, 44.993514506878682 ], [ -93.259750786450681, 44.993500256081731 ], [ -93.259730456897714, 44.988999331928092 ] ] ] } },
{ "type": "Feature", "properties": { "predicted": 0.003 }, "geometry": { "type": "Polygon", "coordinates": [ [ [ -93.253387787188927, 44.989013580501279 ], [ -93.247045112817702, 44.98902747682591 ], [ -93.247064449492058, 44.993528405372103 ], [ -93.25340762030325, 44.993514506878682 ], [ -93.253387787188927, 44.989013580501279 ] ] ] } },
{ "type": "Feature", "properties": { "predicted": 0.0 }, "geometry": { "type": "Polygon", "coordinates": [ [ [ -93.247045112817702, 44.98902747682591 ], [ -93.240702433900779, 44.989041020901304 ], [ -93.240721274133847, 44.993541951561305 ], [ -93.247064449492058, 44.993528405372103 ], [ -93.247045112817702, 44.98902747682591 ] ] ] } },
{ "type": "Feature", "properties": { "predicted": 0.0 }, "geometry": { "type": "Polygon", "coordinates": [ [ [ -93.240702433900779, 44.989041020901304 ], [ -93.23435975055483, 44.989054212726792 ], [ -93.234378094345345, 44.993555145445626 ], [ -93.240721274133847, 44.993541951561305 ], [ -93.240702433900779, 44.989041020901304 ] ] ] } },
{ "type": "Feature", "properties": { "predicted": 0.0 }, "geometry": { "type": "Polygon", "coordinates": [ [ [ -93.23435975055483, 44.989054212726792 ], [ -93.228017062896555, 44.989067052301735 ], [ -93.228034910243295, 44.993567987024427 ], [ -93.234378094345345, 44.993555145445626 ], [ -93.23435975055483, 44.989054212726792 ] ] ] } },
{ "type": "Feature", "properties": { "predicted": 0.0 }, "geometry": { "type": "Polygon", "coordinates": [ [ [ -93.228017062896555, 44.989067052301735 ], [ -93.221674371042681, 44.989079539625529 ], [ -93.221691721944424, 44.993580476297097 ], [ -93.228034910243295, 44.993567987024427 ], [ -93.228017062896555, 44.989067052301735 ] ] ] } },
{ "type": "Feature", "properties": { "predicted": 0.0 }, "geometry": { "type": "Polygon", "coordinates": [ [ [ -93.221674371042681, 44.989079539625529 ], [ -93.215331675109894, 44.989091674697526 ], [ -93.215348529565475, 44.993592613263019 ], [ -93.221691721944424, 44.993580476297097 ], [ -93.221674371042681, 44.989079539625529 ] ] ] } },
{ "type": "Feature", "properties": { "predicted": 0.0 }, "geometry": { "type": "Polygon", "coordinates": [ [ [ -93.215331675109894, 44.989091674697526 ], [ -93.208988975214908, 44.989103457517153 ], [ -93.209005333223175, 44.993604397921587 ], [ -93.215348529565475, 44.993592613263019 ], [ -93.215331675109894, 44.989091674697526 ] ] ] } },
{ "type": "Feature", "properties": { "predicted": 0.0 }, "geometry": { "type": "Polygon", "coordinates": [ [ [ -93.208988975214908, 44.989103457517153 ], [ -93.202646271474407, 44.989114888083826 ], [ -93.202662133034295, 44.993615830272219 ], [ -93.209005333223175, 44.993604397921587 ], [ -93.208988975214908, 44.989103457517153 ] ] ] } },
{ "type": "Feature", "properties": { "predicted": 0.293 }, "geometry": { "type": "Polygon", "coordinates": [ [ [ -93.323182165737023, 44.99333837157976 ], [ -93.316839052647467, 44.993356145370882 ], [ -93.316863855913567, 44.997857043463824 ], [ -93.323207465543291, 44.997839266898779 ], [ -93.323182165737023, 44.99333837157976 ] ] ] } },
{ "type": "Feature", "properties": { "predicted": 0.008 }, "geometry": { "type": "Polygon", "coordinates": [ [ [ -93.316839052647467, 44.993356145370882 ], [ -93.310495933726827, 44.993373566866211 ], [ -93.310520240451126, 44.997874467678088 ], [ -93.316863855913567, 44.997857043463824 ], [ -93.316839052647467, 44.993356145370882 ] ] ] } },
{ "type": "Feature", "properties": { "predicted": 0.0 }, "geometry": { "type": "Polygon", "coordinates": [ [ [ -93.310495933726827, 44.993373566866211 ], [ -93.30415280909186, 44.993390636064888 ], [ -93.304176619272681, 44.997891539540731 ], [ -93.310520240451126, 44.997874467678088 ], [ -93.310495933726827, 44.993373566866211 ] ] ] } },
{ "type": "Feature", "properties": { "predicted": 0.0 }, "geometry": { "type": "Polygon", "coordinates": [ [ [ -93.30415280909186, 44.993390636064888 ], [ -93.297809678859267, 44.993407352966109 ], [ -93.297832992495017, 44.997908259050909 ], [ -93.304176619272681, 44.997891539540731 ], [ -93.30415280909186, 44.993390636064888 ] ] ] } },
{ "type": "Feature", "properties": { "predicted": 0.0 }, "geometry": { "type": "Polygon", "coordinates": [ [ [ -93.297809678859267, 44.993407352966109 ], [ -93.291466543145788, 44.993423717569016 ], [ -93.291489360234891, 44.997924626207812 ], [ -93.297832992495017, 44.997908259050909 ], [ -93.297809678859267, 44.993407352966109 ] ] ] } },
{ "type": "Feature", "properties": { "predicted": 0.001 }, "geometry": { "type": "Polygon", "coordinates": [ [ [ -93.291466543145788, 44.993423717569016 ], [ -93.285123402068152, 44.993439729872819 ], [ -93.285145722609073, 44.997940641010644 ], [ -93.291489360234891, 44.997924626207812 ], [ -93.291466543145788, 44.993423717569016 ] ] ] } },
{ "type": "Feature", "properties": { "predicted": 0.055 }, "geometry": { "type": "Polygon", "coordinates": [ [ [ -93.285123402068152, 44.993439729872819 ], [ -93.278780255743101, 44.993455389876758 ], [ -93.278802079734319, 44.997956303458601 ], [ -93.285145722609073, 44.997940641010644 ], [ -93.285123402068152, 44.993439729872819 ] ] ] } },
{ "type": "Feature", "properties": { "predicted": 0.683 }, "geometry": { "type": "Polygon", "coordinates": [ [ [ -93.278780255743101, 44.993455389876758 ], [ -93.272437104287334, 44.993470697580051 ], [ -93.272458431727401, 44.997971613550945 ], [ -93.278802079734319, 44.997956303458601 ], [ -93.278780255743101, 44.993455389876758 ] ] ] } },
{ "type": "Feature", "properties": { "predicted": 0.214 }, "geometry": { "type": "Polygon", "coordinates": [ [ [ -93.272437104287334, 44.993470697580051 ], [ -93.266093947817623, 44.99348565298196 ], [ -93.266114778705088, 44.997986571286923 ], [ -93.272458431727401, 44.997971613550945 ], [ -93.272437104287334, 44.993470697580051 ] ] ] } },
{ "type": "Feature", "properties": { "predicted": 0.021 }, "geometry": { "type": "Polygon", "coordinates": [ [ [ -93.266093947817623, 44.99348565298196 ], [ -93.259750786450681, 44.993500256081731 ], [ -93.259771120784151, 44.998001176665781 ], [ -93.266114778705088, 44.997986571286923 ], [ -93.266093947817623, 44.99348565298196 ] ] ] } },
{ "type": "Feature", "properties": { "predicted": 0.004 }, "geometry": { "type": "Polygon", "coordinates": [ [ [ -93.259750786450681, 44.993500256081731 ], [ -93.25340762030325, 44.993514506878682 ], [ -93.253427458081333, 44.998015429686831 ], [ -93.259771120784151, 44.998001176665781 ], [ -93.259750786450681, 44.993500256081731 ] ] ] } },
{ "type": "Feature", "properties": { "predicted": 0.0 }, "geometry": { "type": "Polygon", "coordinates": [ [ [ -93.25340762030325, 44.993514506878682 ], [ -93.247064449492058, 44.993528405372103 ], [ -93.247083790713432, 44.998029330349361 ], [ -93.253427458081333, 44.998015429686831 ], [ -93.25340762030325, 44.993514506878682 ] ] ] } },
{ "type": "Feature", "properties": { "predicted": 0.0 }, "geometry": { "type": "Polygon", "coordinates": [ [ [ -93.247064449492058, 44.993528405372103 ], [ -93.240721274133847, 44.993541951561305 ], [ -93.240740118797206, 44.998042878652704 ], [ -93.247083790713432, 44.998029330349361 ], [ -93.247064449492058, 44.993528405372103 ] ] ] } },
{ "type": "Feature", "properties": { "predicted": 0.0 }, "geometry": { "type": "Polygon", "coordinates": [ [ [ -93.240721274133847, 44.993541951561305 ], [ -93.234378094345345, 44.993555145445626 ], [ -93.234396442449409, 44.998056074596185 ], [ -93.240740118797206, 44.998042878652704 ], [ -93.240721274133847, 44.993541951561305 ] ] ] } },
{ "type": "Feature", "properties": { "predicted": 0.0 }, "geometry": { "type": "Polygon", "coordinates": [ [ [ -93.234378094345345, 44.993555145445626 ], [ -93.228034910243295, 44.993567987024427 ], [ -93.228052761786842, 44.998068918179179 ], [ -93.234396442449409, 44.998056074596185 ], [ -93.234378094345345, 44.993555145445626 ] ] ] } },
{ "type": "Feature", "properties": { "predicted": 0.0 }, "geometry": { "type": "Polygon", "coordinates": [ [ [ -93.228034910243295, 44.993567987024427 ], [ -93.221691721944424, 44.993580476297097 ], [ -93.221709076926231, 44.998081409401031 ], [ -93.228052761786842, 44.998068918179179 ], [ -93.228034910243295, 44.993567987024427 ] ] ] } },
{ "type": "Feature", "properties": { "predicted": 0.0 }, "geometry": { "type": "Polygon", "coordinates": [ [ [ -93.221691721944424, 44.993580476297097 ], [ -93.215348529565475, 44.993592613263019 ], [ -93.215365387984392, 44.998093548261139 ], [ -93.221709076926231, 44.998081409401031 ], [ -93.221691721944424, 44.993580476297097 ] ] ] } },
{ "type": "Feature", "properties": { "predicted": 0.0 }, "geometry": { "type": "Polygon", "coordinates": [ [ [ -93.215348529565475, 44.993592613263019 ], [ -93.209005333223175, 44.993604397921587 ], [ -93.209021695078064, 44.998105334758918 ], [ -93.215365387984392, 44.998093548261139 ], [ -93.215348529565475, 44.993592613263019 ] ] ] } },
{ "type": "Feature", "properties": { "predicted": 0.0 }, "geometry": { "type": "Polygon", "coordinates": [ [ [ -93.209005333223175, 44.993604397921587 ], [ -93.202662133034295, 44.993615830272219 ], [ -93.202677998324035, 44.998116768893809 ], [ -93.209021695078064, 44.998105334758918 ], [ -93.209005333223175, 44.993604397921587 ] ] ] } },
{ "type": "Feature", "properties": { "predicted": 0.004 }, "geometry": { "type": "Polygon", "coordinates": [ [ [ -93.323207465543291, 44.997839266898779 ], [ -93.316863855913567, 44.997857043463824 ], [ -93.316888665012442, 45.002357937983689 ], [ -93.323232771299061, 45.002340158644316 ], [ -93.323207465543291, 44.997839266898779 ] ] ] } },
{ "type": "Feature", "properties": { "predicted": 0.0 }, "geometry": { "type": "Polygon", "coordinates": [ [ [ -93.316863855913567, 44.997857043463824 ], [ -93.310520240451126, 44.997874467678088 ], [ -93.310544552891386, 45.00237536491732 ], [ -93.316888665012442, 45.002357937983689 ], [ -93.316863855913567, 44.997857043463824 ] ] ] } },
{ "type": "Feature", "properties": { "predicted": 0.0 }, "geometry": { "type": "Polygon", "coordinates": [ [ [ -93.310520240451126, 44.997874467678088 ], [ -93.304176619272681, 44.997891539540731 ], [ -93.304200435052721, 45.002392439444328 ], [ -93.310544552891386, 45.00237536491732 ], [ -93.310520240451126, 44.997874467678088 ] ] ] } },
{ "type": "Feature", "properties": { "predicted": 0.0 }, "geometry": { "type": "Polygon", "coordinates": [ [ [ -93.304176619272681, 44.997891539540731 ], [ -93.297832992495017, 44.997908259050909 ], [ -93.297856311613216, 45.002409161563882 ], [ -93.304200435052721, 45.002392439444328 ], [ -93.304176619272681, 44.997891539540731 ] ] ] } },
{ "type": "Feature", "properties": { "predicted": 0.0 }, "geometry": { "type": "Polygon", "coordinates": [ [ [ -93.297832992495017, 44.997908259050909 ], [ -93.291489360234891, 44.997924626207812 ], [ -93.291512182689686, 45.002425531275179 ], [ -93.297856311613216, 45.002409161563882 ], [ -93.297832992495017, 44.997908259050909 ] ] ] } },
{ "type": "Feature", "properties": { "predicted": 0.001 }, "geometry": { "type": "Polygon", "coordinates": [ [ [ -93.291489360234891, 44.997924626207812 ], [ -93.285145722609073, 44.997940641010644 ], [ -93.285168048398916, 45.002441548577401 ], [ -93.291512182689686, 45.002425531275179 ], [ -93.291489360234891, 44.997924626207812 ] ] ] } },
{ "type": "Feature", "properties": { "predicted": 0.077 }, "geometry": { "type": "Polygon", "coordinates": [ [ [ -93.285145722609073, 44.997940641010644 ], [ -93.278802079734319, 44.997956303458601 ], [ -93.278823908857717, 45.002457213469789 ], [ -93.285168048398916, 45.002441548577401 ], [ -93.285145722609073, 44.997940641010644 ] ] ] } },
{ "type": "Feature", "properties": { "predicted": 0.707 }, "geometry": { "type": "Polygon", "coordinates": [ [ [ -93.278802079734319, 44.997956303458601 ], [ -93.272458431727401, 44.997971613550945 ], [ -93.272479764182876, 45.002472525951546 ], [ -93.278823908857717, 45.002457213469789 ], [ -93.278802079734319, 44.997956303458601 ] ] ] } },
{ "type": "Feature", "properties": { "predicted": 0.133 }, "geometry": { "type": "Polygon", "coordinates": [ [ [ -93.272458431727401, 44.997971613550945 ], [ -93.266114778705088, 44.997986571286923 ], [ -93.266135614491191, 45.002487486021941 ], [ -93.272479764182876, 45.002472525951546 ], [ -93.272458431727401, 44.997971613550945 ] ] ] } },
{ "type": "Feature", "properties": { "predicted": 0.004 }, "geometry": { "type": "Polygon", "coordinates": [ [ [ -93.266114778705088, 44.997986571286923 ], [ -93.259771120784151, 44.998001176665781 ], [ -93.259791459899475, 45.002502093680256 ], [ -93.266135614491191, 45.002487486021941 ], [ -93.266114778705088, 44.997986571286923 ] ] ] } },
{ "type": "Feature", "properties": { "predicted": 0.0 }, "geometry": { "type": "Polygon", "coordinates": [ [ [ -93.259771120784151, 44.998001176665781 ], [ -93.253427458081333, 44.998015429686831 ], [ -93.253447300524527, 45.002516348925752 ], [ -93.259791459899475, 45.002502093680256 ], [ -93.259771120784151, 44.998001176665781 ] ] ] } },
{ "type": "Feature", "properties": { "predicted": 0.0 }, "geometry": { "type": "Polygon", "coordinates": [ [ [ -93.253427458081333, 44.998015429686831 ], [ -93.247083790713432, 44.998029330349361 ], [ -93.247103136483148, 45.002530251757733 ], [ -93.253447300524527, 45.002516348925752 ], [ -93.253427458081333, 44.998015429686831 ] ] ] } },
{ "type": "Feature", "properties": { "predicted": 0.0 }, "geometry": { "type": "Polygon", "coordinates": [ [ [ -93.247083790713432, 44.998029330349361 ], [ -93.240740118797206, 44.998042878652704 ], [ -93.24075896789212, 45.002543802175545 ], [ -93.247103136483148, 45.002530251757733 ], [ -93.247083790713432, 44.998029330349361 ] ] ] } },
{ "type": "Feature", "properties": { "predicted": 0.0 }, "geometry": { "type": "Polygon", "coordinates": [ [ [ -93.240740118797206, 44.998042878652704 ], [ -93.234396442449409, 44.998056074596185 ], [ -93.234414794868272, 45.002557000178506 ], [ -93.24075896789212, 45.002543802175545 ], [ -93.240740118797206, 44.998042878652704 ] ] ] } },
{ "type": "Feature", "properties": { "predicted": 0.0 }, "geometry": { "type": "Polygon", "coordinates": [ [ [ -93.234396442449409, 44.998056074596185 ], [ -93.228052761786842, 44.998068918179179 ], [ -93.228070617528417, 45.002569845765976 ], [ -93.234414794868272, 45.002557000178506 ], [ -93.234396442449409, 44.998056074596185 ] ] ] } },
{ "type": "Feature", "properties": { "predicted": 0.0 }, "geometry": { "type": "Polygon", "coordinates": [ [ [ -93.228052761786842, 44.998068918179179 ], [ -93.221709076926231, 44.998081409401031 ], [ -93.221726435989311, 45.002582338937316 ], [ -93.228070617528417, 45.002569845765976 ], [ -93.228052761786842, 44.998068918179179 ] ] ] } },
{ "type": "Feature", "properties": { "predicted": 0.0 }, "geometry": { "type": "Polygon", "coordinates": [ [ [ -93.221709076926231, 44.998081409401031 ], [ -93.215365387984392, 44.998093548261139 ], [ -93.215382250367796, 45.002594479691936 ], [ -93.221726435989311, 45.002582338937316 ], [ -93.221709076926231, 44.998081409401031 ] ] ] } },
{ "type": "Feature", "properties": { "predicted": 0.0 }, "geometry": { "type": "Polygon", "coordinates": [ [ [ -93.215365387984392, 44.998093548261139 ], [ -93.209021695078064, 44.998105334758918 ], [ -93.209038060780657, 45.002606268029226 ], [ -93.215382250367796, 45.002594479691936 ], [ -93.215365387984392, 44.998093548261139 ] ] ] } },
{ "type": "Feature", "properties": { "predicted": 0.0 }, "geometry": { "type": "Polygon", "coordinates": [ [ [ -93.209021695078064, 44.998105334758918 ], [ -93.202677998324035, 44.998116768893809 ], [ -93.202693867344721, 45.002617703948623 ], [ -93.209038060780657, 45.002606268029226 ], [ -93.209021695078064, 44.998105334758918 ] ] ] } },
{ "type": "Feature", "properties": { "predicted": 0.0 }, "geometry": { "type": "Polygon", "coordinates": [ [ [ -93.323232771299061, 45.002340158644316 ], [ -93.316888665012442, 45.002357937983689 ], [ -93.316913479945711, 45.006858828930476 ], [ -93.323258083006053, 45.006841046816319 ], [ -93.323232771299061, 45.002340158644316 ] ] ] } },
{ "type": "Feature", "properties": { "predicted": 0.0 }, "geometry": { "type": "Polygon", "coordinates": [ [ [ -93.316888665012442, 45.002357937983689 ], [ -93.310544552891386, 45.00237536491732 ], [ -93.310568871049284, 45.006876258583894 ], [ -93.316913479945711, 45.006858828930476 ], [ -93.316888665012442, 45.002357937983689 ] ] ] } },
{ "type": "Feature", "properties": { "predicted": 0.0 }, "geometry": { "type": "Polygon", "coordinates": [ [ [ -93.310544552891386, 45.00237536491732 ], [ -93.304200435052721, 45.002392439444328 ], [ -93.304224256433585, 45.006893335775686 ], [ -93.310568871049284, 45.006876258583894 ], [ -93.310544552891386, 45.00237536491732 ] ] ] } },
{ "type": "Feature", "properties": { "predicted": 0.0 }, "geometry": { "type": "Polygon", "coordinates": [ [ [ -93.304200435052721, 45.002392439444328 ], [ -93.297856311613216, 45.002409161563882 ], [ -93.297879636215441, 45.006910060505021 ], [ -93.304224256433585, 45.006893335775686 ], [ -93.304200435052721, 45.002392439444328 ] ] ] } },
{ "type": "Feature", "properties": { "predicted": 0.0 }, "geometry": { "type": "Polygon", "coordinates": [ [ [ -93.297856311613216, 45.002409161563882 ], [ -93.291512182689686, 45.002425531275179 ], [ -93.291535010511708, 45.006926432771117 ], [ -93.297879636215441, 45.006910060505021 ], [ -93.297856311613216, 45.002409161563882 ] ] ] } },
{ "type": "Feature", "properties": { "predicted": 0.0 }, "geometry": { "type": "Polygon", "coordinates": [ [ [ -93.291512182689686, 45.002425531275179 ], [ -93.285168048398916, 45.002441548577401 ], [ -93.2851903794392, 45.006942452573121 ], [ -93.291535010511708, 45.006926432771117 ], [ -93.291512182689686, 45.002425531275179 ] ] ] } },
{ "type": "Feature", "properties": { "predicted": 0.036 }, "geometry": { "type": "Polygon", "coordinates": [ [ [ -93.285168048398916, 45.002441548577401 ], [ -93.278823908857717, 45.002457213469789 ], [ -93.278845743114729, 45.00695811991028 ], [ -93.2851903794392, 45.006942452573121 ], [ -93.285168048398916, 45.002441548577401 ] ] ] } },
{ "type": "Feature", "properties": { "predicted": 0.637 }, "geometry": { "type": "Polygon", "coordinates": [ [ [ -93.278823908857717, 45.002457213469789 ], [ -93.272479764182876, 45.002472525951546 ], [ -93.27250110165518, 45.006973434781855 ], [ -93.278845743114729, 45.00695811991028 ], [ -93.278823908857717, 45.002457213469789 ] ] ] } },
{ "type": "Feature", "properties": { "predicted": 0.148 }, "geometry": { "type": "Polygon", "coordinates": [ [ [ -93.272479764182876, 45.002472525951546 ], [ -93.266135614491191, 45.002487486021941 ], [ -93.266156455177324, 45.006988397187037 ], [ -93.27250110165518, 45.006973434781855 ], [ -93.272479764182876, 45.002472525951546 ] ] ] } },
{ "type": "Feature", "properties": { "predicted": 0.004 }, "geometry": { "type": "Polygon", "coordinates": [ [ [ -93.266135614491191, 45.002487486021941 ], [ -93.259791459899475, 45.002502093680256 ], [ -93.259811803798044, 45.007003007125142 ], [ -93.266156455177324, 45.006988397187037 ], [ -93.266135614491191, 45.002487486021941 ] ] ] } },
{ "type": "Feature", "properties": { "predicted": 0.0 }, "geometry": { "type": "Polygon", "coordinates": [ [ [ -93.259791459899475, 45.002502093680256 ], [ -93.253447300524527, 45.002516348925752 ], [ -93.25346714763414, 45.007017264595433 ], [ -93.259811803798044, 45.007003007125142 ], [ -93.259791459899475, 45.002502093680256 ] ] ] } },
{ "type": "Feature", "properties": { "predicted": 0.0 }, "geometry": { "type": "Polygon", "coordinates": [ [ [ -93.253447300524527, 45.002516348925752 ], [ -93.247103136483148, 45.002530251757733 ], [ -93.247122486802482, 45.007031169597212 ], [ -93.25346714763414, 45.007017264595433 ], [ -93.253447300524527, 45.002516348925752 ] ] ] } },
{ "type": "Feature", "properties": { "predicted": 0.0 }, "geometry": { "type": "Polygon", "coordinates": [ [ [ -93.247103136483148, 45.002530251757733 ], [ -93.24075896789212, 45.002543802175545 ], [ -93.240777821419869, 45.00704472212982 ], [ -93.247122486802482, 45.007031169597212 ], [ -93.247103136483148, 45.002530251757733 ] ] ] } },
{ "type": "Feature", "properties": { "predicted": 0.0 }, "geometry": { "type": "Polygon", "coordinates": [ [ [ -93.24075896789212, 45.002543802175545 ], [ -93.234414794868272, 45.002557000178506 ], [ -93.23443315160317, 45.007057922192566 ], [ -93.240777821419869, 45.00704472212982 ], [ -93.24075896789212, 45.002543802175545 ] ] ] } },
{ "type": "Feature", "properties": { "predicted": 0.0 }, "geometry": { "type": "Polygon", "coordinates": [ [ [ -93.234414794868272, 45.002557000178506 ], [ -93.228070617528417, 45.002569845765976 ], [ -93.2280884774692, 45.007070769784832 ], [ -93.23443315160317, 45.007057922192566 ], [ -93.234414794868272, 45.002557000178506 ] ] ] } },
{ "type": "Feature", "properties": { "predicted": 0.0 }, "geometry": { "type": "Polygon", "coordinates": [ [ [ -93.228070617528417, 45.002569845765976 ], [ -93.221726435989311, 45.002582338937316 ], [ -93.221743799134799, 45.007083264905965 ], [ -93.2280884774692, 45.007070769784832 ], [ -93.228070617528417, 45.002569845765976 ] ] ] } },
{ "type": "Feature", "properties": { "predicted": 0.0 }, "geometry": { "type": "Polygon", "coordinates": [ [ [ -93.221726435989311, 45.002582338937316 ], [ -93.215382250367796, 45.002594479691936 ], [ -93.21539911671681, 45.007095407555383 ], [ -93.221743799134799, 45.007083264905965 ], [ -93.221726435989311, 45.002582338937316 ] ] ] } },
{ "type": "Feature", "properties": { "predicted": 0.0 }, "geometry": { "type": "Polygon", "coordinates": [ [ [ -93.215382250367796, 45.002594479691936 ], [ -93.209038060780657, 45.002606268029226 ], [ -93.20905443033206, 45.007107197732459 ], [ -93.21539911671681, 45.007095407555383 ], [ -93.215382250367796, 45.002594479691936 ] ] ] } },
{ "type": "Feature", "properties": { "predicted": 0.0 }, "geometry": { "type": "Polygon", "coordinates": [ [ [ -93.209038060780657, 45.002606268029226 ], [ -93.202693867344721, 45.002617703948623 ], [ -93.202709740097404, 45.007118635436647 ], [ -93.20905443033206, 45.007107197732459 ], [ -93.209038060780657, 45.002606268029226 ] ] ] } },
{ "type": "Feature", "properties": { "predicted": 0.0 }, "geometry": { "type": "Polygon", "coordinates": [ [ [ -93.323258083006053, 45.006841046816319 ], [ -93.316913479945711, 45.006858828930476 ], [ -93.316938300715094, 45.011359716304192 ], [ -93.323283400665971, 45.011341931414812 ], [ -93.323258083006053, 45.006841046816319 ] ] ] } },
{ "type": "Feature", "properties": { "predicted": 0.0 }, "geometry": { "type": "Polygon", "coordinates": [ [ [ -93.316913479945711, 45.006858828930476 ], [ -93.310568871049284, 45.006876258583894 ], [ -93.310593194926454, 45.011377148677795 ], [ -93.316938300715094, 45.011359716304192 ], [ -93.316913479945711, 45.006858828930476 ] ] ] } },
{ "type": "Feature", "properties": { "predicted": 0.0 }, "geometry": { "type": "Polygon", "coordinates": [ [ [ -93.310568871049284, 45.006876258583894 ], [ -93.304224256433585, 45.006893335775686 ], [ -93.304248083416894, 45.011394228534797 ], [ -93.310593194926454, 45.011377148677795 ], [ -93.310568871049284, 45.006876258583894 ] ] ] } },
{ "type": "Feature", "properties": { "predicted": 0.0 }, "geometry": { "type": "Polygon", "coordinates": [ [ [ -93.304224256433585, 45.006893335775686 ], [ -93.297879636215441, 45.006910060505021 ], [ -93.297902966303297, 45.011410955874325 ], [ -93.304248083416894, 45.011394228534797 ], [ -93.304224256433585, 45.006893335775686 ] ] ] } },
{ "type": "Feature", "properties": { "predicted": 0.0 }, "geometry": { "type": "Polygon", "coordinates": [ [ [ -93.297879636215441, 45.006910060505021 ], [ -93.291535010511708, 45.006926432771117 ], [ -93.291557843702506, 45.011427330695597 ], [ -93.297902966303297, 45.011410955874325 ], [ -93.297879636215441, 45.006910060505021 ] ] ] } },
{ "type": "Feature", "properties": { "predicted": 0.0 }, "geometry": { "type": "Polygon", "coordinates": [ [ [ -93.291535010511708, 45.006926432771117 ], [ -93.2851903794392, 45.006942452573121 ], [ -93.285212715731419, 45.011443352997787 ], [ -93.291557843702506, 45.011427330695597 ], [ -93.291535010511708, 45.006926432771117 ] ] ] } },
{ "type": "Feature", "properties": { "predicted": 0.037 }, "geometry": { "type": "Polygon", "coordinates": [ [ [ -93.2851903794392, 45.006942452573121 ], [ -93.278845743114729, 45.00695811991028 ], [ -93.278867582506876, 45.01145902278013 ], [ -93.285212715731419, 45.011443352997787 ], [ -93.2851903794392, 45.006942452573121 ] ] ] } },
{ "type": "Feature", "properties": { "predicted": 0.703 }, "geometry": { "type": "Polygon", "coordinates": [ [ [ -93.278845743114729, 45.00695811991028 ], [ -93.27250110165518, 45.006973434781855 ], [ -93.27252244414575, 45.011474340041843 ], [ -93.278867582506876, 45.01145902278013 ], [ -93.278845743114729, 45.00695811991028 ] ] ] } },
{ "type": "Feature", "properties": { "predicted": 0.126 }, "geometry": { "type": "Polygon", "coordinates": [ [ [ -93.27250110165518, 45.006973434781855 ], [ -93.266156455177324, 45.006988397187037 ], [ -93.266177300764909, 45.011489304782188 ], [ -93.27252244414575, 45.011474340041843 ], [ -93.27250110165518, 45.006973434781855 ] ] ] } },
{ "type": "Feature", "properties": { "predicted": 0.004 }, "geometry": { "type": "Polygon", "coordinates": [ [ [ -93.266156455177324, 45.006988397187037 ], [ -93.259811803798044, 45.007003007125142 ], [ -93.259832152481209, 45.011503917000432 ], [ -93.266177300764909, 45.011489304782188 ], [ -93.266156455177324, 45.006988397187037 ] ] ] } },
{ "type": "Feature", "properties": { "predicted": 0.0 }, "geometry": { "type": "Polygon", "coordinates": [ [ [ -93.259811803798044, 45.007003007125142 ], [ -93.25346714763414, 45.007017264595433 ], [ -93.25348699941155, 45.011518176695859 ], [ -93.259832152481209, 45.011503917000432 ], [ -93.259811803798044, 45.007003007125142 ] ] ] } },
{ "type": "Feature", "properties": { "predicted": 0.0 }, "geometry": { "type": "Polygon", "coordinates": [ [ [ -93.25346714763414, 45.007017264595433 ], [ -93.247122486802482, 45.007031169597212 ], [ -93.247141841672743, 45.01153208386777 ], [ -93.25348699941155, 45.011518176695859 ], [ -93.25346714763414, 45.007017264595433 ] ] ] } },
{ "type": "Feature", "properties": { "predicted": 0.0 }, "geometry": { "type": "Polygon", "coordinates": [ [ [ -93.247122486802482, 45.007031169597212 ], [ -93.240777821419869, 45.00704472212982 ], [ -93.240796679381731, 45.0115456385155 ], [ -93.247141841672743, 45.01153208386777 ], [ -93.247122486802482, 45.007031169597212 ] ] ] } },
{ "type": "Feature", "properties": { "predicted": 0.0 }, "geometry": { "type": "Polygon", "coordinates": [ [ [ -93.240777821419869, 45.00704472212982 ], [ -93.23443315160317, 45.007057922192566 ], [ -93.234451512655326, 45.011558840638365 ], [ -93.240796679381731, 45.0115456385155 ], [ -93.240777821419869, 45.00704472212982 ] ] ] } },
{ "type": "Feature", "properties": { "predicted": 0.0 }, "geometry": { "type": "Polygon", "coordinates": [ [ [ -93.23443315160317, 45.007057922192566 ], [ -93.2280884774692, 45.007070769784832 ], [ -93.228106341610427, 45.011571690235733 ], [ -93.234451512655326, 45.011558840638365 ], [ -93.23443315160317, 45.007057922192566 ] ] ] } },
{ "type": "Feature", "properties": { "predicted": 0.0 }, "geometry": { "type": "Polygon", "coordinates": [ [ [ -93.2280884774692, 45.007070769784832 ], [ -93.221743799134799, 45.007083264905965 ], [ -93.221761166363876, 45.01158418730698 ], [ -93.228106341610427, 45.011571690235733 ], [ -93.2280884774692, 45.007070769784832 ] ] ] } },
{ "type": "Feature", "properties": { "predicted": 0.0 }, "geometry": { "type": "Polygon", "coordinates": [ [ [ -93.221743799134799, 45.007083264905965 ], [ -93.21539911671681, 45.007095407555383 ], [ -93.215415987032571, 45.011596331851464 ], [ -93.221761166363876, 45.01158418730698 ], [ -93.221743799134799, 45.007083264905965 ] ] ] } },
{ "type": "Feature", "properties": { "predicted": 0.0 }, "geometry": { "type": "Polygon", "coordinates": [ [ [ -93.323283400665971, 45.011341931414812 ], [ -93.316938300715094, 45.011359716304192 ], [ -93.316963127322239, 45.01586060010483 ], [ -93.323308724280523, 45.015842812439814 ], [ -93.323283400665971, 45.011341931414812 ] ] ] } },
{ "type": "Feature", "properties": { "predicted": 0.0 }, "geometry": { "type": "Polygon", "coordinates": [ [ [ -93.316938300715094, 45.011359716304192 ], [ -93.310593194926454, 45.011377148677795 ], [ -93.310617524524517, 45.015878035199052 ], [ -93.316963127322239, 45.01586060010483 ], [ -93.316938300715094, 45.011359716304192 ] ] ] } },
{ "type": "Feature", "properties": { "predicted": 0.0 }, "geometry": { "type": "Polygon", "coordinates": [ [ [ -93.310593194926454, 45.011377148677795 ], [ -93.304248083416894, 45.011394228534797 ], [ -93.30427191600424, 45.015895117721662 ], [ -93.310617524524517, 45.015878035199052 ], [ -93.310593194926454, 45.011377148677795 ] ] ] } },
{ "type": "Feature", "properties": { "predicted": 0.0 }, "geometry": { "type": "Polygon", "coordinates": [ [ [ -93.304248083416894, 45.011394228534797 ], [ -93.297902966303297, 45.011410955874325 ], [ -93.297926301878306, 45.015911847671802 ], [ -93.30427191600424, 45.015895117721662 ], [ -93.304248083416894, 45.011394228534797 ] ] ] } },
{ "type": "Feature", "properties": { "predicted": 0.0 }, "geometry": { "type": "Polygon", "coordinates": [ [ [ -93.297902966303297, 45.011410955874325 ], [ -93.291557843702506, 45.011427330695597 ], [ -93.291580682263628, 45.01592822504864 ], [ -93.297926301878306, 45.015911847671802 ], [ -93.297902966303297, 45.011410955874325 ] ] ] } },
{ "type": "Feature", "properties": { "predicted": 0.0 }, "geometry": { "type": "Polygon", "coordinates": [ [ [ -93.291557843702506, 45.011427330695597 ], [ -93.285212715731419, 45.011443352997787 ], [ -93.285235057277092, 45.015944249851401 ], [ -93.291580682263628, 45.01592822504864 ], [ -93.291557843702506, 45.011427330695597 ] ] ] } },
{ "type": "Feature", "properties": { "predicted": 0.053 }, "geometry": { "type": "Polygon", "coordinates": [ [ [ -93.285212715731419, 45.011443352997787 ], [ -93.278867582506876, 45.01145902278013 ], [ -93.278889427035594, 45.015959922079283 ], [ -93.285235057277092, 45.015944249851401 ], [ -93.285212715731419, 45.011443352997787 ] ] ] } },
{ "type": "Feature", "properties": { "predicted": 0.72 }, "geometry": { "type": "Polygon", "coordinates": [ [ [ -93.278867582506876, 45.01145902278013 ], [ -93.27252244414575, 45.011474340041843 ], [ -93.272543791656048, 45.015975241731546 ], [ -93.278889427035594, 45.015959922079283 ], [ -93.278867582506876, 45.01145902278013 ] ] ] } },
{ "type": "Feature", "properties": { "predicted": 0.118 }, "geometry": { "type": "Polygon", "coordinates": [ [ [ -93.27252244414575, 45.011474340041843 ], [ -93.266177300764909, 45.011489304782188 ], [ -93.266198151255324, 45.015990208807395 ], [ -93.272543791656048, 45.015975241731546 ], [ -93.27252244414575, 45.011474340041843 ] ] ] } },
{ "type": "Feature", "properties": { "predicted": 0.004 }, "geometry": { "type": "Polygon", "coordinates": [ [ [ -93.266177300764909, 45.011489304782188 ], [ -93.259832152481209, 45.011503917000432 ], [ -93.259852505950363, 45.016004823306154 ], [ -93.266198151255324, 45.015990208807395 ], [ -93.266177300764909, 45.011489304782188 ] ] ] } },
{ "type": "Feature", "properties": { "predicted": 0.0 }, "geometry": { "type": "Polygon", "coordinates": [ [ [ -93.259832152481209, 45.011503917000432 ], [ -93.25348699941155, 45.011518176695859 ], [ -93.253506855858049, 45.016019085227057 ], [ -93.259852505950363, 45.016004823306154 ], [ -93.259832152481209, 45.011503917000432 ] ] ] } },
{ "type": "Feature", "properties": { "predicted": 0.0 }, "geometry": { "type": "Polygon", "coordinates": [ [ [ -93.25348699941155, 45.011518176695859 ], [ -93.247141841672743, 45.01153208386777 ], [ -93.247161201095267, 45.01603299456945 ], [ -93.253506855858049, 45.016019085227057 ], [ -93.25348699941155, 45.011518176695859 ] ] ] } },
{ "type": "Feature", "properties": { "predicted": 0.0 }, "geometry": { "type": "Polygon", "coordinates": [ [ [ -93.247141841672743, 45.01153208386777 ], [ -93.240796679381731, 45.0115456385155 ], [ -93.240815541778943, 45.016046551332622 ], [ -93.247161201095267, 45.01603299456945 ], [ -93.247141841672743, 45.01153208386777 ] ] ] } },
{ "type": "Feature", "properties": { "predicted": 0.0 }, "geometry": { "type": "Polygon", "coordinates": [ [ [ -93.240796679381731, 45.0115456385155 ], [ -93.234451512655326, 45.011558840638365 ], [ -93.23446987802599, 45.016059755515926 ], [ -93.240815541778943, 45.016046551332622 ], [ -93.240796679381731, 45.0115456385155 ] ] ] } },
{ "type": "Feature", "properties": { "predicted": 0.0 }, "geometry": { "type": "Polygon", "coordinates": [ [ [ -93.234451512655326, 45.011558840638365 ], [ -93.228106341610427, 45.011571690235733 ], [ -93.228124209953265, 45.016072607118709 ], [ -93.23446987802599, 45.016059755515926 ], [ -93.234451512655326, 45.011558840638365 ] ] ] } },
{ "type": "Feature", "properties": { "predicted": 0.0 }, "geometry": { "type": "Polygon", "coordinates": [ [ [ -93.228106341610427, 45.011571690235733 ], [ -93.221761166363876, 45.01158418730698 ], [ -93.221778537677721, 45.016085106140345 ], [ -93.228124209953265, 45.016072607118709 ], [ -93.228106341610427, 45.011571690235733 ] ] ] } },
{ "type": "Feature", "properties": { "predicted": 0.0 }, "geometry": { "type": "Polygon", "coordinates": [ [ [ -93.221761166363876, 45.01158418730698 ], [ -93.215415987032571, 45.011596331851464 ], [ -93.215432861316231, 45.016097252580231 ], [ -93.221778537677721, 45.016085106140345 ], [ -93.221761166363876, 45.01158418730698 ] ] ] } },
{ "type": "Feature", "properties": { "predicted": 0.001 }, "geometry": { "type": "Polygon", "coordinates": [ [ [ -93.323308724280523, 45.015842812439814 ], [ -93.316963127322239, 45.01586060010483 ], [ -93.316987959768838, 45.02036148033239 ], [ -93.323334053851426, 45.020343689891305 ], [ -93.323308724280523, 45.015842812439814 ] ] ] } },
{ "type": "Feature", "properties": { "predicted": 0.0 }, "geometry": { "type": "Polygon", "coordinates": [ [ [ -93.316963127322239, 45.01586060010483 ], [ -93.310617524524517, 45.015878035199052 ], [ -93.310641859845134, 45.020378918147671 ], [ -93.316987959768838, 45.02036148033239 ], [ -93.316963127322239, 45.01586060010483 ] ] ] } },
{ "type": "Feature", "properties": { "predicted": 0.0 }, "geometry": { "type": "Polygon", "coordinates": [ [ [ -93.310617524524517, 45.015878035199052 ], [ -93.30427191600424, 45.015895117721662 ], [ -93.304295754197241, 45.020396003336302 ], [ -93.310641859845134, 45.020378918147671 ], [ -93.310617524524517, 45.015878035199052 ] ] ] } },
{ "type": "Feature", "properties": { "predicted": 0.0 }, "geometry": { "type": "Polygon", "coordinates": [ [ [ -93.30427191600424, 45.015895117721662 ], [ -93.297926301878306, 45.015911847671802 ], [ -93.297949642942086, 45.02041273589743 ], [ -93.304295754197241, 45.020396003336302 ], [ -93.30427191600424, 45.015895117721662 ] ] ] } },
{ "type": "Feature", "properties": { "predicted": 0.0 }, "geometry": { "type": "Polygon", "coordinates": [ [ [ -93.297926301878306, 45.015911847671802 ], [ -93.291580682263628, 45.01592822504864 ], [ -93.29160352619661, 45.020429115830254 ], [ -93.297949642942086, 45.02041273589743 ], [ -93.297926301878306, 45.015911847671802 ] ] ] } },
{ "type": "Feature", "properties": { "predicted": 0.0 }, "geometry": { "type": "Polygon", "coordinates": [ [ [ -93.291580682263628, 45.01592822504864 ], [ -93.285235057277092, 45.015944249851401 ], [ -93.285257404077711, 45.020445143133962 ], [ -93.29160352619661, 45.020429115830254 ], [ -93.291580682263628, 45.01592822504864 ] ] ] } },
{ "type": "Feature", "properties": { "predicted": 0.064 }, "geometry": { "type": "Polygon", "coordinates": [ [ [ -93.285235057277092, 45.015944249851401 ], [ -93.278889427035594, 45.015959922079283 ], [ -93.278911276702374, 45.020460817807788 ], [ -93.285257404077711, 45.020445143133962 ], [ -93.285235057277092, 45.015944249851401 ] ] ] } },
{ "type": "Feature", "properties": { "predicted": 0.708 }, "geometry": { "type": "Polygon", "coordinates": [ [ [ -93.278889427035594, 45.015959922079283 ], [ -93.272543791656048, 45.015975241731546 ], [ -93.272565144187496, 45.020476139850942 ], [ -93.278911276702374, 45.020460817807788 ], [ -93.278889427035594, 45.015959922079283 ] ] ] } },
{ "type": "Feature", "properties": { "predicted": 0.054 }, "geometry": { "type": "Polygon", "coordinates": [ [ [ -93.272543791656048, 45.015975241731546 ], [ -93.266198151255324, 45.015990208807395 ], [ -93.266219006650019, 45.020491109262686 ], [ -93.272565144187496, 45.020476139850942 ], [ -93.272543791656048, 45.015975241731546 ] ] ] } },
{ "type": "Feature", "properties": { "predicted": 0.001 }, "geometry": { "type": "Polygon", "coordinates": [ [ [ -93.266198151255324, 45.015990208807395 ], [ -93.259852505950363, 45.016004823306154 ], [ -93.259872864206869, 45.020505726042273 ], [ -93.266219006650019, 45.020491109262686 ], [ -93.266198151255324, 45.015990208807395 ] ] ] } },
{ "type": "Feature", "properties": { "predicted": 0.0 }, "geometry": { "type": "Polygon", "coordinates": [ [ [ -93.259852505950363, 45.016004823306154 ], [ -93.253506855858049, 45.016019085227057 ], [ -93.253526716975003, 45.02051999018903 ], [ -93.259872864206869, 45.020505726042273 ], [ -93.259852505950363, 45.016004823306154 ] ] ] } },
{ "type": "Feature", "properties": { "predicted": 0.0 }, "geometry": { "type": "Polygon", "coordinates": [ [ [ -93.253506855858049, 45.016019085227057 ], [ -93.247161201095267, 45.01603299456945 ], [ -93.247180565071346, 45.020533901702223 ], [ -93.253526716975003, 45.02051999018903 ], [ -93.253506855858049, 45.016019085227057 ] ] ] } },
{ "type": "Feature", "properties": { "predicted": 0.0 }, "geometry": { "type": "Polygon", "coordinates": [ [ [ -93.247161201095267, 45.01603299456945 ], [ -93.240815541778943, 45.016046551332622 ], [ -93.240834408612827, 45.02054746058117 ], [ -93.247180565071346, 45.020533901702223 ], [ -93.247161201095267, 45.01603299456945 ] ] ] } },
{ "type": "Feature", "properties": { "predicted": 0.0 }, "geometry": { "type": "Polygon", "coordinates": [ [ [ -93.240815541778943, 45.016046551332622 ], [ -93.23446987802599, 45.016059755515926 ], [ -93.234488247716385, 45.020560666825233 ], [ -93.240834408612827, 45.02054746058117 ], [ -93.240815541778943, 45.016046551332622 ] ] ] } },
{ "type": "Feature", "properties": { "predicted": 0.0 }, "geometry": { "type": "Polygon", "coordinates": [ [ [ -93.23446987802599, 45.016059755515926 ], [ -93.228124209953265, 45.016072607118709 ], [ -93.228142082498962, 45.02057352043375 ], [ -93.234488247716385, 45.020560666825233 ], [ -93.23446987802599, 45.016059755515926 ] ] ] } },
{ "type": "Feature", "properties": { "predicted": 0.0 }, "geometry": { "type": "Polygon", "coordinates": [ [ [ -93.228124209953265, 45.016072607118709 ], [ -93.221778537677721, 45.016085106140345 ], [ -93.2217959130775, 45.020586021406089 ], [ -93.228142082498962, 45.02057352043375 ], [ -93.228124209953265, 45.016072607118709 ] ] ] } },
{ "type": "Feature", "properties": { "predicted": 0.01 }, "geometry": { "type": "Polygon", "coordinates": [ [ [ -93.323334053851426, 45.020343689891305 ], [ -93.316987959768838, 45.02036148033239 ], [ -93.317012798056552, 45.024862356986851 ], [ -93.323359389380357, 45.024844563769278 ], [ -93.323334053851426, 45.020343689891305 ] ] ] } },
{ "type": "Feature", "properties": { "predicted": 0.0 }, "geometry": { "type": "Polygon", "coordinates": [ [ [ -93.316987959768838, 45.02036148033239 ], [ -93.310641859845134, 45.020378918147671 ], [ -93.310666200889955, 45.024879797523603 ], [ -93.317012798056552, 45.024862356986851 ], [ -93.316987959768838, 45.02036148033239 ] ] ] } },
{ "type": "Feature", "properties": { "predicted": 0.0 }, "geometry": { "type": "Polygon", "coordinates": [ [ [ -93.310641859845134, 45.020378918147671 ], [ -93.304295754197241, 45.020396003336302 ], [ -93.304319597997505, 45.024896885378688 ], [ -93.310666200889955, 45.024879797523603 ], [ -93.310641859845134, 45.020378918147671 ] ] ] } },
{ "type": "Feature", "properties": { "predicted": 0.0 }, "geometry": { "type": "Polygon", "coordinates": [ [ [ -93.304295754197241, 45.020396003336302 ], [ -93.297949642942086, 45.02041273589743 ], [ -93.297972989496188, 45.024913620551231 ], [ -93.304319597997505, 45.024896885378688 ], [ -93.304295754197241, 45.020396003336302 ] ] ] } },
{ "type": "Feature", "properties": { "predicted": 0.0 }, "geometry": { "type": "Polygon", "coordinates": [ [ [ -93.297949642942086, 45.02041273589743 ], [ -93.29160352619661, 45.020429115830254 ], [ -93.291626375502972, 45.024930003040424 ], [ -93.297972989496188, 45.024913620551231 ], [ -93.297949642942086, 45.02041273589743 ] ] ] } },
{ "type": "Feature", "properties": { "predicted": 0.001 }, "geometry": { "type": "Polygon", "coordinates": [ [ [ -93.29160352619661, 45.020429115830254 ], [ -93.285257404077711, 45.020445143133962 ], [ -93.285279756134813, 45.024946032845477 ], [ -93.291626375502972, 45.024930003040424 ], [ -93.29160352619661, 45.020429115830254 ] ] ] } },
{ "type": "Feature", "properties": { "predicted": 0.203 }, "geometry": { "type": "Polygon", "coordinates": [ [ [ -93.285257404077711, 45.020445143133962 ], [ -93.278911276702374, 45.020460817807788 ], [ -93.27893313150868, 45.024961709965609 ], [ -93.285279756134813, 45.024946032845477 ], [ -93.285257404077711, 45.020445143133962 ] ] ] } },
{ "type": "Feature", "properties": { "predicted": 0.505 }, "geometry": { "type": "Polygon", "coordinates": [ [ [ -93.278911276702374, 45.020460817807788 ], [ -93.272565144187496, 45.020476139850942 ], [ -93.272586501741543, 45.024977034400031 ], [ -93.27893313150868, 45.024961709965609 ], [ -93.278911276702374, 45.020460817807788 ] ] ] } },
{ "type": "Feature", "properties": { "predicted": 0.021 }, "geometry": { "type": "Polygon", "coordinates": [ [ [ -93.272565144187496, 45.020476139850942 ], [ -93.266219006650019, 45.020491109262686 ], [ -93.266239866950372, 45.024992006148025 ], [ -93.272586501741543, 45.024977034400031 ], [ -93.272565144187496, 45.020476139850942 ] ] ] } },
{ "type": "Feature", "properties": { "predicted": 0.001 }, "geometry": { "type": "Polygon", "coordinates": [ [ [ -93.266219006650019, 45.020491109262686 ], [ -93.259872864206869, 45.020505726042273 ], [ -93.259893227252107, 45.025006625208846 ], [ -93.266239866950372, 45.024992006148025 ], [ -93.266219006650019, 45.020491109262686 ] ] ] } },
{ "type": "Feature", "properties": { "predicted": 0.0 }, "geometry": { "type": "Polygon", "coordinates": [ [ [ -93.259872864206869, 45.020505726042273 ], [ -93.253526716975003, 45.02051999018903 ], [ -93.253546582763761, 45.025020891581761 ], [ -93.259893227252107, 45.025006625208846 ], [ -93.259872864206869, 45.020505726042273 ] ] ] } },
{ "type": "Feature", "properties": { "predicted": 0.0 }, "geometry": { "type": "Polygon", "coordinates": [ [ [ -93.253526716975003, 45.02051999018903 ], [ -93.247180565071346, 45.020533901702223 ], [ -93.247199933602275, 45.025034805266095 ], [ -93.253546582763761, 45.025020891581761 ], [ -93.253526716975003, 45.02051999018903 ] ] ] } },
{ "type": "Feature", "properties": { "predicted": 0.0 }, "geometry": { "type": "Polygon", "coordinates": [ [ [ -93.247180565071346, 45.020533901702223 ], [ -93.240834408612827, 45.02054746058117 ], [ -93.240853279884618, 45.025048366261153 ], [ -93.247199933602275, 45.025034805266095 ], [ -93.247180565071346, 45.020533901702223 ] ] ] } },
{ "type": "Feature", "properties": { "predicted": 0.0 }, "geometry": { "type": "Polygon", "coordinates": [ [ [ -93.240834408612827, 45.02054746058117 ], [ -93.234488247716385, 45.020560666825233 ], [ -93.234506621727775, 45.025061574566294 ], [ -93.240853279884618, 45.025048366261153 ], [ -93.240834408612827, 45.02054746058117 ] ] ] } },
{ "type": "Feature", "properties": { "predicted": 0.0 }, "geometry": { "type": "Polygon", "coordinates": [ [ [ -93.234488247716385, 45.020560666825233 ], [ -93.228142082498962, 45.02057352043375 ], [ -93.2281599592487, 45.025074430180851 ], [ -93.234506621727775, 45.025061574566294 ], [ -93.234488247716385, 45.020560666825233 ] ] ] } },
{ "type": "Feature", "properties": { "predicted": 0.0 }, "geometry": { "type": "Polygon", "coordinates": [ [ [ -93.228142082498962, 45.02057352043375 ], [ -93.2217959130775, 45.020586021406089 ], [ -93.221813292564377, 45.025086933104191 ], [ -93.2281599592487, 45.025074430180851 ], [ -93.228142082498962, 45.02057352043375 ] ] ] } },
{ "type": "Feature", "properties": { "predicted": 0.016 }, "geometry": { "type": "Polygon", "coordinates": [ [ [ -93.323359389380357, 45.024844563769278 ], [ -93.317012798056552, 45.024862356986851 ], [ -93.31703764218706, 45.029363230068256 ], [ -93.323384730869066, 45.02934543407374 ], [ -93.323359389380357, 45.024844563769278 ] ] ] } },
{ "type": "Feature", "properties": { "predicted": 0.001 }, "geometry": { "type": "Polygon", "coordinates": [ [ [ -93.317012798056552, 45.024862356986851 ], [ -93.310666200889955, 45.024879797523603 ], [ -93.310690547660585, 45.029380673326919 ], [ -93.31703764218706, 45.029363230068256 ], [ -93.317012798056552, 45.024862356986851 ] ] ] } },
{ "type": "Feature", "properties": { "predicted": 0.0 }, "geometry": { "type": "Polygon", "coordinates": [ [ [ -93.310666200889955, 45.024879797523603 ], [ -93.304319597997505, 45.024896885378688 ], [ -93.304343447406637, 45.029397763848834 ], [ -93.310690547660585, 45.029380673326919 ], [ -93.310666200889955, 45.024879797523603 ] ] ] } },
{ "type": "Feature", "properties": { "predicted": 0.0 }, "geometry": { "type": "Polygon", "coordinates": [ [ [ -93.304319597997505, 45.024896885378688 ], [ -93.297972989496188, 45.024913620551231 ], [ -93.297996341542202, 45.029414501633191 ], [ -93.304343447406637, 45.029397763848834 ], [ -93.304319597997505, 45.024896885378688 ] ] ] } },
{ "type": "Feature", "properties": { "predicted": 0.0 }, "geometry": { "type": "Polygon", "coordinates": [ [ [ -93.297972989496188, 45.024913620551231 ], [ -93.291626375502972, 45.024930003040424 ], [ -93.291649230184277, 45.029430886679158 ], [ -93.297996341542202, 45.029414501633191 ], [ -93.297972989496188, 45.024913620551231 ] ] ] } },
{ "type": "Feature", "properties": { "predicted": 0.015 }, "geometry": { "type": "Polygon", "coordinates": [ [ [ -93.291626375502972, 45.024930003040424 ], [ -93.285279756134813, 45.024946032845477 ], [ -93.285302113449887, 45.029446918985933 ], [ -93.291649230184277, 45.029430886679158 ], [ -93.291626375502972, 45.024930003040424 ] ] ] } },
{ "type": "Feature", "properties": { "predicted": 0.57 }, "geometry": { "type": "Polygon", "coordinates": [ [ [ -93.285279756134813, 45.024946032845477 ], [ -93.27893313150868, 45.024961709965609 ], [ -93.278954991456004, 45.029462598552762 ], [ -93.285302113449887, 45.029446918985933 ], [ -93.285279756134813, 45.024946032845477 ] ] ] } },
{ "type": "Feature", "properties": { "predicted": 0.186 }, "geometry": { "type": "Polygon", "coordinates": [ [ [ -93.27893313150868, 45.024961709965609 ], [ -93.272586501741543, 45.024977034400031 ], [ -93.272607864319625, 45.029477925378842 ], [ -93.278954991456004, 45.029462598552762 ], [ -93.27893313150868, 45.024961709965609 ] ] ] } },
{ "type": "Feature", "properties": { "predicted": 0.007 }, "geometry": { "type": "Polygon", "coordinates": [ [ [ -93.272586501741543, 45.024977034400031 ], [ -93.266239866950372, 45.024992006148025 ], [ -93.266260732157775, 45.029492899463435 ], [ -93.272607864319625, 45.029477925378842 ], [ -93.272586501741543, 45.024977034400031 ] ] ] } },
{ "type": "Feature", "properties": { "predicted": 0.0 }, "geometry": { "type": "Polygon", "coordinates": [ [ [ -93.266239866950372, 45.024992006148025 ], [ -93.259893227252107, 45.025006625208846 ], [ -93.259913595087454, 45.029507520805815 ], [ -93.266260732157775, 45.029492899463435 ], [ -93.266239866950372, 45.024992006148025 ] ] ] } },
{ "type": "Feature", "properties": { "predicted": 0.0 }, "geometry": { "type": "Polygon", "coordinates": [ [ [ -93.259893227252107, 45.025006625208846 ], [ -93.253546582763761, 45.025020891581761 ], [ -93.253566453225631, 45.029521789405258 ], [ -93.259913595087454, 45.029507520805815 ], [ -93.259893227252107, 45.025006625208846 ] ] ] } },
{ "type": "Feature", "properties": { "predicted": 0.0 }, "geometry": { "type": "Polygon", "coordinates": [ [ [ -93.253546582763761, 45.025020891581761 ], [ -93.247199933602275, 45.025034805266095 ], [ -93.24721930668936, 45.029535705261068 ], [ -93.253566453225631, 45.029521789405258 ], [ -93.253546582763761, 45.025020891581761 ] ] ] } },
{ "type": "Feature", "properties": { "predicted": 0.0 }, "geometry": { "type": "Polygon", "coordinates": [ [ [ -93.247199933602275, 45.025034805266095 ], [ -93.240853279884618, 45.025048366261153 ], [ -93.240872155595596, 45.029549268372577 ], [ -93.24721930668936, 45.029535705261068 ], [ -93.247199933602275, 45.025034805266095 ] ] ] } },
{ "type": "Feature", "properties": { "predicted": 0.0 }, "geometry": { "type": "Polygon", "coordinates": [ [ [ -93.240853279884618, 45.025048366261153 ], [ -93.234506621727775, 45.025061574566294 ], [ -93.234525000061382, 45.029562478739102 ], [ -93.240872155595596, 45.029549268372577 ], [ -93.240853279884618, 45.025048366261153 ] ] ] } },
{ "type": "Feature", "properties": { "predicted": 0.0 }, "geometry": { "type": "Polygon", "coordinates": [ [ [ -93.234506621727775, 45.025061574566294 ], [ -93.2281599592487, 45.025074430180851 ], [ -93.228177840203685, 45.029575336360018 ], [ -93.234525000061382, 45.029562478739102 ], [ -93.234506621727775, 45.025061574566294 ] ] ] } },
{ "type": "Feature", "properties": { "predicted": 0.0 }, "geometry": { "type": "Polygon", "coordinates": [ [ [ -93.2281599592487, 45.025074430180851 ], [ -93.221813292564377, 45.025086933104191 ], [ -93.221830676139547, 45.029587841234665 ], [ -93.228177840203685, 45.029575336360018 ], [ -93.2281599592487, 45.025074430180851 ] ] ] } },
{ "type": "Feature", "properties": { "predicted": 0.009 }, "geometry": { "type": "Polygon", "coordinates": [ [ [ -93.323384730869066, 45.02934543407374 ], [ -93.31703764218706, 45.029363230068256 ], [ -93.317062492162052, 45.033864099576597 ], [ -93.323410078319242, 45.033846300804704 ], [ -93.323384730869066, 45.02934543407374 ] ] ] } },
{ "type": "Feature", "properties": { "predicted": 0.001 }, "geometry": { "type": "Polygon", "coordinates": [ [ [ -93.31703764218706, 45.029363230068256 ], [ -93.310690547660585, 45.029380673326919 ], [ -93.310714900158715, 45.033881545557563 ], [ -93.317062492162052, 45.033864099576597 ], [ -93.31703764218706, 45.029363230068256 ] ] ] } },
{ "type": "Feature", "properties": { "predicted": 0.0 }, "geometry": { "type": "Polygon", "coordinates": [ [ [ -93.310690547660585, 45.029380673326919 ], [ -93.304343447406637, 45.029397763848834 ], [ -93.304367302426243, 45.033898638746749 ], [ -93.310714900158715, 45.033881545557563 ], [ -93.310690547660585, 45.029380673326919 ] ] ] } },
{ "type": "Feature", "properties": { "predicted": 0.0 }, "geometry": { "type": "Polygon", "coordinates": [ [ [ -93.304343447406637, 45.029397763848834 ], [ -93.297996341542202, 45.029414501633191 ], [ -93.298019699081692, 45.03391537914333 ], [ -93.304367302426243, 45.033898638746749 ], [ -93.304343447406637, 45.029397763848834 ] ] ] } },
{ "type": "Feature", "properties": { "predicted": 0.001 }, "geometry": { "type": "Polygon", "coordinates": [ [ [ -93.297996341542202, 45.029414501633191 ], [ -93.291649230184277, 45.029430886679158 ], [ -93.291672090242074, 45.033931766746463 ], [ -93.298019699081692, 45.03391537914333 ], [ -93.297996341542202, 45.029414501633191 ] ] ] } },
{ "type": "Feature", "properties": { "predicted": 0.088 }, "geometry": { "type": "Polygon", "coordinates": [ [ [ -93.291649230184277, 45.029430886679158 ], [ -93.285302113449887, 45.029446918985933 ], [ -93.285324476024428, 45.033947801555371 ], [ -93.291672090242074, 45.033931766746463 ], [ -93.291649230184277, 45.029430886679158 ] ] ] } },
{ "type": "Feature", "properties": { "predicted": 0.689 }, "geometry": { "type": "Polygon", "coordinates": [ [ [ -93.285302113449887, 45.029446918985933 ], [ -93.278954991456004, 45.029462598552762 ], [ -93.278976856545796, 45.033963483569252 ], [ -93.285324476024428, 45.033947801555371 ], [ -93.285302113449887, 45.029446918985933 ] ] ] } },
{ "type": "Feature", "properties": { "predicted": 0.046 }, "geometry": { "type": "Polygon", "coordinates": [ [ [ -93.278954991456004, 45.029462598552762 ], [ -93.272607864319625, 45.029477925378842 ], [ -93.272629231923204, 45.033978812787367 ], [ -93.278976856545796, 45.033963483569252 ], [ -93.278954991456004, 45.029462598552762 ] ] ] } },
{ "type": "Feature", "properties": { "predicted": 0.002 }, "geometry": { "type": "Polygon", "coordinates": [ [ [ -93.272607864319625, 45.029477925378842 ], [ -93.266260732157775, 45.029492899463435 ], [ -93.266281602273679, 45.033993789208921 ], [ -93.272629231923204, 45.033978812787367 ], [ -93.272607864319625, 45.029477925378842 ] ] ] } },
{ "type": "Feature", "properties": { "predicted": 0.0 }, "geometry": { "type": "Polygon", "coordinates": [ [ [ -93.266260732157775, 45.029492899463435 ], [ -93.259913595087454, 45.029507520805815 ], [ -93.259933967714275, 45.034008412833217 ], [ -93.266281602273679, 45.033993789208921 ], [ -93.266260732157775, 45.029492899463435 ] ] ] } },
{ "type": "Feature", "properties": { "predicted": 0.0 }, "geometry": { "type": "Polygon", "coordinates": [ [ [ -93.259913595087454, 45.029507520805815 ], [ -93.253566453225631, 45.029521789405258 ], [ -93.253586328362005, 45.034022683659536 ], [ -93.259933967714275, 45.034008412833217 ], [ -93.259913595087454, 45.029507520805815 ] ] ] } },
{ "type": "Feature", "properties": { "predicted": 0.0 }, "geometry": { "type": "Polygon", "coordinates": [ [ [ -93.253566453225631, 45.029521789405258 ], [ -93.24721930668936, 45.029535705261068 ], [ -93.247238684333936, 45.03403660168717 ], [ -93.253586328362005, 45.034022683659536 ], [ -93.253566453225631, 45.029521789405258 ] ] ] } },
{ "type": "Feature", "properties": { "predicted": 0.0 }, "geometry": { "type": "Polygon", "coordinates": [ [ [ -93.24721930668936, 45.029535705261068 ], [ -93.240872155595596, 45.029549268372577 ], [ -93.240891035747055, 45.034050166915428 ], [ -93.247238684333936, 45.03403660168717 ], [ -93.24721930668936, 45.029535705261068 ] ] ] } },
{ "type": "Feature", "properties": { "predicted": 0.0 }, "geometry": { "type": "Polygon", "coordinates": [ [ [ -93.240872155595596, 45.029549268372577 ], [ -93.234525000061382, 45.029562478739102 ], [ -93.234543382718442, 45.034063379343678 ], [ -93.240891035747055, 45.034050166915428 ], [ -93.240872155595596, 45.029549268372577 ] ] ] } },
{ "type": "Feature", "properties": { "predicted": 0.0 }, "geometry": { "type": "Polygon", "coordinates": [ [ [ -93.234525000061382, 45.029562478739102 ], [ -93.228177840203685, 45.029575336360018 ], [ -93.22819572536514, 45.034076238971252 ], [ -93.234543382718442, 45.034063379343678 ], [ -93.234525000061382, 45.029562478739102 ] ] ] } },
{ "type": "Feature", "properties": { "predicted": 0.0 }, "geometry": { "type": "Polygon", "coordinates": [ [ [ -93.228177840203685, 45.029575336360018 ], [ -93.221830676139547, 45.029587841234665 ], [ -93.22184806380416, 45.034088745797519 ], [ -93.22819572536514, 45.034076238971252 ], [ -93.228177840203685, 45.029575336360018 ] ] ] } },
{ "type": "Feature", "properties": { "predicted": 0.022 }, "geometry": { "type": "Polygon", "coordinates": [ [ [ -93.323410078319242, 45.033846300804704 ], [ -93.317062492162052, 45.033864099576597 ], [ -93.31708734798319, 45.03836496551186 ], [ -93.323435431732605, 45.038347163962165 ], [ -93.323410078319242, 45.033846300804704 ] ] ] } },
{ "type": "Feature", "properties": { "predicted": 0.005 }, "geometry": { "type": "Polygon", "coordinates": [ [ [ -93.317062492162052, 45.033864099576597 ], [ -93.310714900158715, 45.033881545557563 ], [ -93.310739258385965, 45.038382414215562 ], [ -93.31708734798319, 45.03836496551186 ], [ -93.317062492162052, 45.033864099576597 ] ] ] } },
{ "type": "Feature", "properties": { "predicted": 0.0 }, "geometry": { "type": "Polygon", "coordinates": [ [ [ -93.310714900158715, 45.033881545557563 ], [ -93.304367302426243, 45.033898638746749 ], [ -93.304391163057943, 45.038399510072431 ], [ -93.310739258385965, 45.038382414215562 ], [ -93.310714900158715, 45.033881545557563 ] ] ] } },
{ "type": "Feature", "properties": { "predicted": 0.0 }, "geometry": { "type": "Polygon", "coordinates": [ [ [ -93.304367302426243, 45.033898638746749 ], [ -93.298019699081692, 45.03391537914333 ], [ -93.298043062116236, 45.038416253081643 ], [ -93.304391163057943, 45.038399510072431 ], [ -93.304367302426243, 45.033898638746749 ] ] ] } },
{ "type": "Feature", "properties": { "predicted": 0.003 }, "geometry": { "type": "Polygon", "coordinates": [ [ [ -93.298019699081692, 45.03391537914333 ], [ -93.291672090242074, 45.033931766746463 ], [ -93.291694955677897, 45.038432643242338 ], [ -93.298043062116236, 45.038416253081643 ], [ -93.298019699081692, 45.03391537914333 ] ] ] } },
{ "type": "Feature", "properties": { "predicted": 0.094 }, "geometry": { "type": "Polygon", "coordinates": [ [ [ -93.291672090242074, 45.033931766746463 ], [ -93.285324476024428, 45.033947801555371 ], [ -93.285346843859983, 45.038448680553756 ], [ -93.291694955677897, 45.038432643242338 ], [ -93.291672090242074, 45.033931766746463 ] ] ] } },
{ "type": "Feature", "properties": { "predicted": 0.568 }, "geometry": { "type": "Polygon", "coordinates": [ [ [ -93.285324476024428, 45.033947801555371 ], [ -93.278976856545796, 45.033963483569252 ], [ -93.278998726779548, 45.038464365015088 ], [ -93.285346843859983, 45.038448680553756 ], [ -93.285324476024428, 45.033947801555371 ] ] ] } },
{ "type": "Feature", "properties": { "predicted": 0.031 }, "geometry": { "type": "Polygon", "coordinates": [ [ [ -93.278976856545796, 45.033963483569252 ], [ -93.272629231923204, 45.033978812787367 ], [ -93.272650604553704, 45.038479696625586 ], [ -93.278998726779548, 45.038464365015088 ], [ -93.278976856545796, 45.033963483569252 ] ] ] } },
{ "type": "Feature", "properties": { "predicted": 0.001 }, "geometry": { "type": "Polygon", "coordinates": [ [ [ -93.272629231923204, 45.033978812787367 ], [ -93.266281602273679, 45.033993789208921 ], [ -93.266302477299462, 45.038494675384484 ], [ -93.272650604553704, 45.038479696625586 ], [ -93.272629231923204, 45.033978812787367 ] ] ] } },
{ "type": "Feature", "properties": { "predicted": 0.0 }, "geometry": { "type": "Polygon", "coordinates": [ [ [ -93.266281602273679, 45.033993789208921 ], [ -93.259933967714275, 45.034008412833217 ], [ -93.259954345133949, 45.038509301291057 ], [ -93.266302477299462, 45.038494675384484 ], [ -93.266281602273679, 45.033993789208921 ] ] ] } },
{ "type": "Feature", "properties": { "predicted": 0.0 }, "geometry": { "type": "Polygon", "coordinates": [ [ [ -93.259933967714275, 45.034008412833217 ], [ -93.253586328362005, 45.034022683659536 ], [ -93.25360620817419, 45.03852357434458 ], [ -93.259954345133949, 45.038509301291057 ], [ -93.259933967714275, 45.034008412833217 ] ] ] } },
{ "type": "Feature", "properties": { "predicted": 0.0 }, "geometry": { "type": "Polygon", "coordinates": [ [ [ -93.253586328362005, 45.034022683659536 ], [ -93.247238684333936, 45.03403660168717 ], [ -93.24725806653727, 45.038537494544371 ], [ -93.25360620817419, 45.03852357434458 ], [ -93.253586328362005, 45.034022683659536 ] ] ] } },
{ "type": "Feature", "properties": { "predicted": 0.0 }, "geometry": { "type": "Polygon", "coordinates": [ [ [ -93.247238684333936, 45.03403660168717 ], [ -93.240891035747055, 45.034050166915428 ], [ -93.240909920340258, 45.038551061889741 ], [ -93.24725806653727, 45.038537494544371 ], [ -93.247238684333936, 45.03403660168717 ] ] ] } },
{ "type": "Feature", "properties": { "predicted": 0.0 }, "geometry": { "type": "Polygon", "coordinates": [ [ [ -93.240891035747055, 45.034050166915428 ], [ -93.234543382718442, 45.034063379343678 ], [ -93.234561769700235, 45.038564276380008 ], [ -93.240909920340258, 45.038551061889741 ], [ -93.240891035747055, 45.034050166915428 ] ] ] } },
{ "type": "Feature", "properties": { "predicted": 0.0 }, "geometry": { "type": "Polygon", "coordinates": [ [ [ -93.234543382718442, 45.034063379343678 ], [ -93.22819572536514, 45.034076238971252 ], [ -93.228213614734258, 45.038577138014574 ], [ -93.234561769700235, 45.038564276380008 ], [ -93.234543382718442, 45.034063379343678 ] ] ] } },
{ "type": "Feature", "properties": { "predicted": 0.0 }, "geometry": { "type": "Polygon", "coordinates": [ [ [ -93.22819572536514, 45.034076238971252 ], [ -93.22184806380416, 45.034088745797519 ], [ -93.22186545555941, 45.038589646792751 ], [ -93.228213614734258, 45.038577138014574 ], [ -93.22819572536514, 45.034076238971252 ] ] ] } },
{ "type": "Feature", "properties": { "predicted": 0.297 }, "geometry": { "type": "Polygon", "coordinates": [ [ [ -93.323435431732605, 45.038347163962165 ], [ -93.31708734798319, 45.03836496551186 ], [ -93.31711220965218, 45.042865827874039 ], [ -93.323460791110861, 45.042848023546121 ], [ -93.323435431732605, 45.038347163962165 ] ] ] } },
{ "type": "Feature", "properties": { "predicted": 0.015 }, "geometry": { "type": "Polygon", "coordinates": [ [ [ -93.31708734798319, 45.03836496551186 ], [ -93.310739258385965, 45.038382414215562 ], [ -93.310763622343984, 45.042883279300902 ], [ -93.31711220965218, 45.042865827874039 ], [ -93.31708734798319, 45.03836496551186 ] ] ] } },
{ "type": "Feature", "properties": { "predicted": 0.001 }, "geometry": { "type": "Polygon", "coordinates": [ [ [ -93.310739258385965, 45.038382414215562 ], [ -93.304391163057943, 45.038399510072431 ], [ -93.304415029303371, 45.042900377825873 ], [ -93.310763622343984, 45.042883279300902 ], [ -93.310739258385965, 45.038382414215562 ] ] ] } },
{ "type": "Feature", "properties": { "predicted": 0.0 }, "geometry": { "type": "Polygon", "coordinates": [ [ [ -93.304391163057943, 45.038399510072431 ], [ -93.298043062116236, 45.038416253081643 ], [ -93.298066430647438, 45.042917123448106 ], [ -93.304415029303371, 45.042900377825873 ], [ -93.304391163057943, 45.038399510072431 ] ] ] } },
{ "type": "Feature", "properties": { "predicted": 0.001 }, "geometry": { "type": "Polygon", "coordinates": [ [ [ -93.298043062116236, 45.038416253081643 ], [ -93.291694955677897, 45.038432643242338 ], [ -93.291717826493283, 45.042933516166777 ], [ -93.298066430647438, 45.042917123448106 ], [ -93.298043062116236, 45.038416253081643 ] ] ] } },
{ "type": "Feature", "properties": { "predicted": 0.035 }, "geometry": { "type": "Polygon", "coordinates": [ [ [ -93.291694955677897, 45.038432643242338 ], [ -93.285346843859983, 45.038448680553756 ], [ -93.285369216958017, 45.042949555981089 ], [ -93.291717826493283, 45.042933516166777 ], [ -93.291694955677897, 45.038432643242338 ] ] ] } },
{ "type": "Feature", "properties": { "predicted": 0.703 }, "geometry": { "type": "Polygon", "coordinates": [ [ [ -93.285346843859983, 45.038448680553756 ], [ -93.278998726779548, 45.038464365015088 ], [ -93.279020602158752, 45.042965242890261 ], [ -93.285369216958017, 45.042949555981089 ], [ -93.285346843859983, 45.038448680553756 ] ] ] } },
{ "type": "Feature", "properties": { "predicted": 0.019 }, "geometry": { "type": "Polygon", "coordinates": [ [ [ -93.323460791110861, 45.042848023546121 ], [ -93.31711220965218, 45.042865827874039 ], [ -93.317137077170656, 45.047366686663153 ], [ -93.323486156455729, 45.047348879556573 ], [ -93.323460791110861, 45.042848023546121 ] ] ] } },
{ "type": "Feature", "properties": { "predicted": 0.006 }, "geometry": { "type": "Polygon", "coordinates": [ [ [ -93.31711220965218, 45.042865827874039 ], [ -93.310763622343984, 45.042883279300902 ], [ -93.310787992034392, 45.047384140813605 ], [ -93.317137077170656, 45.047366686663153 ], [ -93.31711220965218, 45.042865827874039 ] ] ] } },
{ "type": "Feature", "properties": { "predicted": 0.0 }, "geometry": { "type": "Polygon", "coordinates": [ [ [ -93.310763622343984, 45.042883279300902 ], [ -93.304415029303371, 45.042900377825873 ], [ -93.304438901164076, 45.047401242007098 ], [ -93.310787992034392, 45.047384140813605 ], [ -93.310763622343984, 45.042883279300902 ] ] ] } },
{ "type": "Feature", "properties": { "predicted": 0.0 }, "geometry": { "type": "Polygon", "coordinates": [ [ [ -93.304415029303371, 45.042900377825873 ], [ -93.298066430647438, 45.042917123448106 ], [ -93.298089804676835, 45.047417990242757 ], [ -93.304438901164076, 45.047401242007098 ], [ -93.304415029303371, 45.042900377825873 ] ] ] } },
{ "type": "Feature", "properties": { "predicted": 0.001 }, "geometry": { "type": "Polygon", "coordinates": [ [ [ -93.298066430647438, 45.042917123448106 ], [ -93.291717826493283, 45.042933516166777 ], [ -93.291740702689793, 45.047434385519793 ], [ -93.298089804676835, 45.047417990242757 ], [ -93.298066430647438, 45.042917123448106 ] ] ] } },
{ "type": "Feature", "properties": { "predicted": 0.025 }, "geometry": { "type": "Polygon", "coordinates": [ [ [ -93.291717826493283, 45.042933516166777 ], [ -93.285369216958017, 45.042949555981089 ], [ -93.285391595320093, 45.047450427837404 ], [ -93.291740702689793, 45.047434385519793 ], [ -93.291717826493283, 45.042933516166777 ] ] ] } },
{ "type": "Feature", "properties": { "predicted": 0.692 }, "geometry": { "type": "Polygon", "coordinates": [ [ [ -93.285369216958017, 45.042949555981089 ], [ -93.279020602158752, 45.042965242890261 ], [ -93.279042482684858, 45.047466117194773 ], [ -93.285391595320093, 45.047450427837404 ], [ -93.285369216958017, 45.042949555981089 ] ] ] } },
{ "type": "Feature", "properties": { "predicted": 0.001 }, "geometry": { "type": "Polygon", "coordinates": [ [ [ -93.323486156455729, 45.047348879556573 ], [ -93.317137077170656, 45.047366686663153 ], [ -93.317161950540338, 45.05186754187919 ], [ -93.323511527768915, 45.051849731993528 ], [ -93.323486156455729, 45.047348879556573 ] ] ] } },
{ "type": "Feature", "properties": { "predicted": 0.001 }, "geometry": { "type": "Polygon", "coordinates": [ [ [ -93.317137077170656, 45.047366686663153 ], [ -93.310787992034392, 45.047384140813605 ], [ -93.31081236745888, 45.051884998753657 ], [ -93.317161950540338, 45.05186754187919 ], [ -93.317137077170656, 45.047366686663153 ] ] ] } },
{ "type": "Feature", "properties": { "predicted": 0.0 }, "geometry": { "type": "Polygon", "coordinates": [ [ [ -93.310787992034392, 45.047384140813605 ], [ -93.304438901164076, 45.047401242007098 ], [ -93.304462778641735, 45.051902102616069 ], [ -93.31081236745888, 45.051884998753657 ], [ -93.310787992034392, 45.047384140813605 ] ] ] } },
{ "type": "Feature", "properties": { "predicted": 0.0 }, "geometry": { "type": "Polygon", "coordinates": [ [ [ -93.304438901164076, 45.047401242007098 ], [ -93.298089804676835, 45.047417990242757 ], [ -93.298113184206045, 45.05191885346558 ], [ -93.304462778641735, 45.051902102616069 ], [ -93.304438901164076, 45.047401242007098 ] ] ] } },
{ "type": "Feature", "properties": { "predicted": 0.001 }, "geometry": { "type": "Polygon", "coordinates": [ [ [ -93.298089804676835, 45.047417990242757 ], [ -93.291740702689793, 45.047434385519793 ], [ -93.291763584268963, 45.05193525130138 ], [ -93.298113184206045, 45.05191885346558 ], [ -93.298089804676835, 45.047417990242757 ] ] ] } },
{ "type": "Feature", "properties": { "predicted": 0.034 }, "geometry": { "type": "Polygon", "coordinates": [ [ [ -93.291740702689793, 45.047434385519793 ], [ -93.285391595320093, 45.047450427837404 ], [ -93.285413978947687, 45.051951296122667 ], [ -93.291763584268963, 45.05193525130138 ], [ -93.291740702689793, 45.047434385519793 ] ] ] } },
{ "type": "Feature", "properties": { "predicted": 0.713 }, "geometry": { "type": "Polygon", "coordinates": [ [ [ -93.285391595320093, 45.047450427837404 ], [ -93.279042482684858, 45.047466117194773 ], [ -93.279064368359357, 45.051966987928623 ], [ -93.285413978947687, 45.051951296122667 ], [ -93.285391595320093, 45.047450427837404 ] ] ] } }
]
}
